2026.09.01 10:42:34 INFO  Started: Metals version 1.6.8 in folders 'C:\Users\USUARIO\Documents\farmacia\farmacia' for client Visual Studio Code 1.134.0.
2026.09.01 10:42:34 INFO  Memory monitor started
2026.09.01 10:42:36 WARN  Using H2 2.4.240 which is newer than the version Flyway has been verified with. The latest verified version of H2 is 2.3.232.
2026.09.01 10:42:36 INFO  no build target found for C:\Users\USUARIO\Documents\farmacia\farmacia\src\main\java\com\example\farmacia\FarmaciaApplication.java. Using fallback presentation compiler.
2026.09.01 10:42:37 INFO  no build target found for C:\Users\USUARIO\Documents\farmacia\farmacia\src\main\java\com\example\farmacia\FarmaciaApplication.java. Using fallback presentation compiler.
2026.09.01 10:42:40 INFO  restarted 1 presentation compiler
2026.09.01 10:43:38 INFO  no build target found for C:\Users\USUARIO\Documents\farmacia\farmacia\src\main\java\com\example\farmacia\FarmaciaApplication.java. Using fallback presentation compiler.
2026.09.01 10:43:42 INFO  no build target found for C:\Users\USUARIO\Documents\farmacia\farmacia\src\main\java\com\example\farmacia\FarmaciaApplication.java. Using fallback presentation compiler.
2026.09.01 10:43:47 INFO  no build target found for C:\Users\USUARIO\Documents\farmacia\farmacia\src\main\java\com\example\farmacia\FarmaciaApplication.java. Using fallback presentation compiler.
2026.09.01 10:43:47 INFO  no build target found for C:\Users\USUARIO\Documents\farmacia\farmacia\src\main\java\com\example\farmacia\FarmaciaApplication.java. Using fallback presentation compiler.
2026.09.01 10:49:25 INFO  no build target found for C:\Users\USUARIO\Documents\farmacia\farmacia\src\main\java\com\example\farmacia\FarmaciaApplication.java. Using fallback presentation compiler.
2026.09.01 10:49:47 INFO  no build target found for C:\Users\USUARIO\Documents\farmacia\farmacia\src\main\java\com\example\farmacia\FarmaciaApplication.java. Using fallback presentation compiler.
2026.09.01 10:49:47 INFO  no build target found for C:\Users\USUARIO\Documents\farmacia\farmacia\src\main\java\com\example\farmacia\FarmaciaApplication.java. Using fallback presentation compiler.
2026.09.01 10:50:03 INFO  no build target found for C:\Users\USUARIO\Documents\farmacia\farmacia\src\main\java\com\example\farmacia\config\SecurityConfig.java. Using fallback presentation compiler.
sept 01, 2026 10:50:09 A. M. org.eclipse.lsp4j.jsonrpc.RemoteEndpoint handleCancellation
ADVERTENCIA: Unmatched cancel notification for request id 25
2026.09.01 10:50:10 INFO  no build target found for C:\Users\USUARIO\Documents\farmacia\farmacia\src\main\java\com\example\farmacia\config\SecurityConfig.java. Using fallback presentation compiler.
2026.09.01 10:50:13 INFO  no build target found for C:\Users\USUARIO\Documents\farmacia\farmacia\src\main\java\com\example\farmacia\config\SecurityConfig.java. Using fallback presentation compiler.
2026.09.01 10:50:15 INFO  no build target found for C:\Users\USUARIO\Documents\farmacia\farmacia\src\main\java\com\example\farmacia\config\SecurityConfig.java. Using fallback presentation compiler.
2026.09.01 10:50:15 INFO  no build target found for C:\Users\USUARIO\Documents\farmacia\farmacia\src\main\java\com\example\farmacia\config\SecurityConfig.java. Using fallback presentation compiler.
2026.09.01 10:50:15 INFO  no build target found for C:\Users\USUARIO\Documents\farmacia\farmacia\src\main\java\com\example\farmacia\config\SecurityConfig.java. Using fallback presentation compiler.
2026.09.01 10:50:17 WARN  no build target for: C:\Users\USUARIO\Documents\farmacia\farmacia\src\main\java\com\example\farmacia\config\SecurityConfig.java
2026.09.01 10:50:22 INFO  no build target found for C:\Users\USUARIO\Documents\farmacia\farmacia\src\main\java\com\example\farmacia\config\SecurityConfig.java. Using fallback presentation compiler.
2026.09.01 10:50:22 INFO  no build target found for C:\Users\USUARIO\Documents\farmacia\farmacia\src\main\java\com\example\farmacia\config\SecurityConfig.java. Using fallback presentation compiler.
2026.09.01 10:50:23 INFO  no build target found for C:\Users\USUARIO\Documents\farmacia\farmacia\src\main\java\com\example\farmacia\config\SecurityConfig.java. Using fallback presentation compiler.
2026.09.01 10:50:35 INFO  no build target found for C:\Users\USUARIO\Documents\farmacia\farmacia\src\main\java\com\example\farmacia\controller\AuthController.java. Using fallback presentation compiler.
2026.09.01 10:50:36 INFO  no build target found for C:\Users\USUARIO\Documents\farmacia\farmacia\src\main\java\com\example\farmacia\controller\AuthController.java. Using fallback presentation compiler.
2026.09.01 10:50:36 INFO  no build target found for C:\Users\USUARIO\Documents\farmacia\farmacia\src\main\java\com\example\farmacia\controller\AuthController.java. Using fallback presentation compiler.
2026.09.01 10:50:37 INFO  no build target found for C:\Users\USUARIO\Documents\farmacia\farmacia\src\main\java\com\example\farmacia\controller\AuthController.java. Using fallback presentation compiler.
2026.09.01 10:50:37 WARN  no build target for: C:\Users\USUARIO\Documents\farmacia\farmacia\src\main\java\com\example\farmacia\controller\AuthController.java
2026.09.01 10:50:37 INFO  no build target found for C:\Users\USUARIO\Documents\farmacia\farmacia\src\main\java\com\example\farmacia\controller\AuthController.java. Using fallback presentation compiler.
2026.09.01 10:50:38 INFO  no build target found for C:\Users\USUARIO\Documents\farmacia\farmacia\src\main\java\com\example\farmacia\controller\AuthController.java. Using fallback presentation compiler.
2026.09.01 10:50:37 INFO  no build target found for C:\Users\USUARIO\Documents\farmacia\farmacia\src\main\java\com\example\farmacia\controller\AuthController.java. Using fallback presentation compiler.
2026.09.01 10:50:43 INFO  no build target found for C:\Users\USUARIO\Documents\farmacia\farmacia\src\main\java\com\example\farmacia\controller\DashboardController.java. Using fallback presentation compiler.
2026.09.01 10:50:44 INFO  no build target found for C:\Users\USUARIO\Documents\farmacia\farmacia\src\main\java\com\example\farmacia\controller\DashboardController.java. Using fallback presentation compiler.
2026.09.01 10:50:44 INFO  no build target found for C:\Users\USUARIO\Documents\farmacia\farmacia\src\main\java\com\example\farmacia\controller\DashboardController.java. Using fallback presentation compiler.
2026.09.01 10:50:45 INFO  no build target found for C:\Users\USUARIO\Documents\farmacia\farmacia\src\main\java\com\example\farmacia\controller\DashboardController.java. Using fallback presentation compiler.
2026.09.01 10:50:45 WARN  no build target for: C:\Users\USUARIO\Documents\farmacia\farmacia\src\main\java\com\example\farmacia\controller\DashboardController.java
2026.09.01 10:50:45 INFO  no build target found for C:\Users\USUARIO\Documents\farmacia\farmacia\src\main\java\com\example\farmacia\controller\DashboardController.java. Using fallback presentation compiler.
2026.09.01 10:50:45 INFO  no build target found for C:\Users\USUARIO\Documents\farmacia\farmacia\src\main\java\com\example\farmacia\controller\DashboardController.java. Using fallback presentation compiler.
2026.09.01 10:50:45 INFO  no build target found for C:\Users\USUARIO\Documents\farmacia\farmacia\src\main\java\com\example\farmacia\controller\DashboardController.java. Using fallback presentation compiler.
2026.09.01 10:50:45 INFO  no build target found for C:\Users\USUARIO\Documents\farmacia\farmacia\src\main\java\com\example\farmacia\controller\DashboardController.java. Using fallback presentation compiler.
sept 01, 2026 10:50:46 A. M. org.eclipse.lsp4j.jsonrpc.RemoteEndpoint handleCancellation
ADVERTENCIA: Unmatched cancel notification for request id 72
2026.09.01 10:50:51 INFO  no build target found for C:\Users\USUARIO\Documents\farmacia\farmacia\src\main\java\com\example\farmacia\controller\ClienteController.java. Using fallback presentation compiler.
2026.09.01 10:50:52 INFO  no build target found for C:\Users\USUARIO\Documents\farmacia\farmacia\src\main\java\com\example\farmacia\controller\ClienteController.java. Using fallback presentation compiler.
2026.09.01 10:50:52 INFO  no build target found for C:\Users\USUARIO\Documents\farmacia\farmacia\src\main\java\com\example\farmacia\controller\ClienteController.java. Using fallback presentation compiler.
2026.09.01 10:50:52 INFO  no build target found for C:\Users\USUARIO\Documents\farmacia\farmacia\src\main\java\com\example\farmacia\controller\ClienteController.java. Using fallback presentation compiler.
2026.09.01 10:50:53 WARN  no build target for: C:\Users\USUARIO\Documents\farmacia\farmacia\src\main\java\com\example\farmacia\controller\ClienteController.java
2026.09.01 10:50:52 INFO  no build target found for C:\Users\USUARIO\Documents\farmacia\farmacia\src\main\java\com\example\farmacia\controller\ClienteController.java. Using fallback presentation compiler.
2026.09.01 10:50:53 INFO  no build target found for C:\Users\USUARIO\Documents\farmacia\farmacia\src\main\java\com\example\farmacia\controller\ClienteController.java. Using fallback presentation compiler.
2026.09.01 10:50:53 INFO  no build target found for C:\Users\USUARIO\Documents\farmacia\farmacia\src\main\java\com\example\farmacia\controller\ClienteController.java. Using fallback presentation compiler.
sept 01, 2026 10:50:54 A. M. org.eclipse.lsp4j.jsonrpc.RemoteEndpoint handleCancellation
ADVERTENCIA: Unmatched cancel notification for request id 90
2026.09.01 10:50:53 INFO  no build target found for C:\Users\USUARIO\Documents\farmacia\farmacia\src\main\java\com\example\farmacia\controller\ClienteController.java. Using fallback presentation compiler.
2026.09.01 10:50:58 INFO  no build target found for C:\Users\USUARIO\Documents\farmacia\farmacia\src\main\java\com\example\farmacia\controller\RecetaController.java. Using fallback presentation compiler.
2026.09.01 10:50:59 INFO  no build target found for C:\Users\USUARIO\Documents\farmacia\farmacia\src\main\java\com\example\farmacia\controller\RecetaController.java. Using fallback presentation compiler.
2026.09.01 10:50:59 INFO  no build target found for C:\Users\USUARIO\Documents\farmacia\farmacia\src\main\java\com\example\farmacia\controller\RecetaController.java. Using fallback presentation compiler.
2026.09.01 10:51:00 INFO  no build target found for C:\Users\USUARIO\Documents\farmacia\farmacia\src\main\java\com\example\farmacia\controller\RecetaController.java. Using fallback presentation compiler.
2026.09.01 10:50:59 INFO  no build target found for C:\Users\USUARIO\Documents\farmacia\farmacia\src\main\java\com\example\farmacia\controller\RecetaController.java. Using fallback presentation compiler.
2026.09.01 10:51:00 WARN  no build target for: C:\Users\USUARIO\Documents\farmacia\farmacia\src\main\java\com\example\farmacia\controller\RecetaController.java
2026.09.01 10:51:00 INFO  no build target found for C:\Users\USUARIO\Documents\farmacia\farmacia\src\main\java\com\example\farmacia\controller\RecetaController.java. Using fallback presentation compiler.
2026.09.01 10:51:01 INFO  no build target found for C:\Users\USUARIO\Documents\farmacia\farmacia\src\main\java\com\example\farmacia\controller\RecetaController.java. Using fallback presentation compiler.
2026.09.01 10:51:01 INFO  no build target found for C:\Users\USUARIO\Documents\farmacia\farmacia\src\main\java\com\example\farmacia\controller\RecetaController.java. Using fallback presentation compiler.
2026.09.01 10:51:01 INFO  no build target found for C:\Users\USUARIO\Documents\farmacia\farmacia\src\main\java\com\example\farmacia\controller\RecetaController.java. Using fallback presentation compiler.
2026.09.01 10:51:05 INFO  no build target found for C:\Users\USUARIO\Documents\farmacia\farmacia\src\main\java\com\example\farmacia\controller\FormulaController.java. Using fallback presentation compiler.
2026.09.01 10:51:06 INFO  no build target found for C:\Users\USUARIO\Documents\farmacia\farmacia\src\main\java\com\example\farmacia\controller\FormulaController.java. Using fallback presentation compiler.
2026.09.01 10:51:06 INFO  no build target found for C:\Users\USUARIO\Documents\farmacia\farmacia\src\main\java\com\example\farmacia\controller\FormulaController.java. Using fallback presentation compiler.
2026.09.01 10:51:06 INFO  no build target found for C:\Users\USUARIO\Documents\farmacia\farmacia\src\main\java\com\example\farmacia\controller\FormulaController.java. Using fallback presentation compiler.
2026.09.01 10:51:07 INFO  no build target found for C:\Users\USUARIO\Documents\farmacia\farmacia\src\main\java\com\example\farmacia\controller\FormulaController.java. Using fallback presentation compiler.
2026.09.01 10:51:07 WARN  no build target for: C:\Users\USUARIO\Documents\farmacia\farmacia\src\main\java\com\example\farmacia\controller\FormulaController.java
2026.09.01 10:51:07 INFO  no build target found for C:\Users\USUARIO\Documents\farmacia\farmacia\src\main\java\com\example\farmacia\controller\FormulaController.java. Using fallback presentation compiler.
2026.09.01 10:51:08 INFO  no build target found for C:\Users\USUARIO\Documents\farmacia\farmacia\src\main\java\com\example\farmacia\controller\FormulaController.java. Using fallback presentation compiler.
2026.09.01 10:51:08 INFO  no build target found for C:\Users\USUARIO\Documents\farmacia\farmacia\src\main\java\com\example\farmacia\controller\FormulaController.java. Using fallback presentation compiler.
2026.09.01 10:51:08 INFO  no build target found for C:\Users\USUARIO\Documents\farmacia\farmacia\src\main\java\com\example\farmacia\controller\FormulaController.java. Using fallback presentation compiler.
2026.09.01 10:51:15 INFO  no build target found for C:\Users\USUARIO\Documents\farmacia\farmacia\src\main\java\com\example\farmacia\controller\OrdenController.java. Using fallback presentation compiler.
2026.09.01 10:51:16 INFO  no build target found for C:\Users\USUARIO\Documents\farmacia\farmacia\src\main\java\com\example\farmacia\controller\OrdenController.java. Using fallback presentation compiler.
2026.09.01 10:51:16 INFO  no build target found for C:\Users\USUARIO\Documents\farmacia\farmacia\src\main\java\com\example\farmacia\controller\OrdenController.java. Using fallback presentation compiler.
2026.09.01 10:51:16 INFO  no build target found for C:\Users\USUARIO\Documents\farmacia\farmacia\src\main\java\com\example\farmacia\controller\OrdenController.java. Using fallback presentation compiler.
2026.09.01 10:51:17 INFO  no build target found for C:\Users\USUARIO\Documents\farmacia\farmacia\src\main\java\com\example\farmacia\controller\OrdenController.java. Using fallback presentation compiler.
2026.09.01 10:51:17 WARN  no build target for: C:\Users\USUARIO\Documents\farmacia\farmacia\src\main\java\com\example\farmacia\controller\OrdenController.java
2026.09.01 10:51:18 INFO  no build target found for C:\Users\USUARIO\Documents\farmacia\farmacia\src\main\java\com\example\farmacia\controller\OrdenController.java. Using fallback presentation compiler.
2026.09.01 10:51:18 INFO  no build target found for C:\Users\USUARIO\Documents\farmacia\farmacia\src\main\java\com\example\farmacia\controller\OrdenController.java. Using fallback presentation compiler.
2026.09.01 10:51:22 INFO  no build target found for C:\Users\USUARIO\Documents\farmacia\farmacia\src\main\java\com\example\farmacia\controller\VentaController.java. Using fallback presentation compiler.
2026.09.01 10:51:29 INFO  no build target found for C:\Users\USUARIO\Documents\farmacia\farmacia\src\main\java\com\example\farmacia\controller\InventarioController.java. Using fallback presentation compiler.
2026.09.01 10:51:42 INFO  no build target found for C:\Users\USUARIO\Documents\farmacia\farmacia\src\main\java\com\example\farmacia\controller\UsuarioController.java. Using fallback presentation compiler.
2026.09.01 10:58:59 INFO  Started: Metals version 1.6.8 in folders 'C:\Users\USUARIO\Documents\farmacia\farmacia' for client Visual Studio Code 1.134.0.
2026.09.01 10:58:59 INFO  Memory monitor started
2026.09.01 10:59:05 WARN  Using H2 2.4.240 which is newer than the version Flyway has been verified with. The latest verified version of H2 is 2.3.232.
2026.09.01 10:59:17 INFO  no build target found for C:\Users\USUARIO\Documents\farmacia\farmacia\src\main\java\com\example\farmacia\controller\UsuarioController.java. Using fallback presentation compiler.
2026.09.01 10:59:37 INFO  no build target found for C:\Users\USUARIO\Documents\farmacia\farmacia\src\main\java\com\example\farmacia\controller\UsuarioController.java. Using fallback presentation compiler.
2026.09.01 10:59:54 INFO  no build target found for C:\Users\USUARIO\Documents\farmacia\farmacia\src\main\java\com\example\farmacia\controller\UsuarioController.java. Using fallback presentation compiler.
2026.09.01 10:59:56 INFO  no build target found for C:\Users\USUARIO\Documents\farmacia\farmacia\src\main\java\com\example\farmacia\controller\UsuarioController.java. Using fallback presentation compiler.
2026.09.01 11:23:03 INFO  no build target found for C:\Users\USUARIO\Documents\farmacia\farmacia\src\main\java\com\example\farmacia\config\SecurityConfig.java. Using fallback presentation compiler.
sept 01, 2026 11:23:04 A. M. org.eclipse.lsp4j.jsonrpc.RemoteEndpoint handleCancellation
ADVERTENCIA: Unmatched cancel notification for request id 25
2026.09.01 11:23:04 INFO  no build target found for C:\Users\USUARIO\Documents\farmacia\farmacia\src\main\java\com\example\farmacia\config\SecurityConfig.java. Using fallback presentation compiler.
2026.09.01 11:23:04 INFO  no build target found for C:\Users\USUARIO\Documents\farmacia\farmacia\src\main\java\com\example\farmacia\config\SecurityConfig.java. Using fallback presentation compiler.
2026.09.01 11:23:04 INFO  no build target found for C:\Users\USUARIO\Documents\farmacia\farmacia\src\main\java\com\example\farmacia\config\SecurityConfig.java. Using fallback presentation compiler.
sept 01, 2026 11:23:05 A. M. org.eclipse.lsp4j.jsonrpc.RemoteEndpoint handleCancellation
ADVERTENCIA: Unmatched cancel notification for request id 30
2026.09.01 11:23:04 INFO  no build target found for C:\Users\USUARIO\Documents\farmacia\farmacia\src\main\java\com\example\farmacia\config\SecurityConfig.java. Using fallback presentation compiler.
2026.09.01 11:23:06 INFO  no build target found for C:\Users\USUARIO\Documents\farmacia\farmacia\src\main\java\com\example\farmacia\config\SecurityConfig.java. Using fallback presentation compiler.
sept 01, 2026 11:23:06 A. M. org.eclipse.lsp4j.jsonrpc.RemoteEndpoint handleCancellation
ADVERTENCIA: Unmatched cancel notification for request id 36
2026.09.01 11:23:06 INFO  no build target found for C:\Users\USUARIO\Documents\farmacia\farmacia\src\main\java\com\example\farmacia\config\SecurityConfig.java. Using fallback presentation compiler.
2026.09.01 11:23:06 INFO  no build target found for C:\Users\USUARIO\Documents\farmacia\farmacia\src\main\java\com\example\farmacia\config\SecurityConfig.java. Using fallback presentation compiler.
2026.09.01 11:23:07 INFO  no build target found for C:\Users\USUARIO\Documents\farmacia\farmacia\src\main\java\com\example\farmacia\config\SecurityConfig.java. Using fallback presentation compiler.
sept 01, 2026 11:23:08 A. M. org.eclipse.lsp4j.jsonrpc.RemoteEndpoint handleCancellation
ADVERTENCIA: Unmatched cancel notification for request id 38
2026.09.01 11:23:08 INFO  no build target found for C:\Users\USUARIO\Documents\farmacia\farmacia\src\main\java\com\example\farmacia\config\SecurityConfig.java. Using fallback presentation compiler.
sept 01, 2026 11:23:09 A. M. org.eclipse.lsp4j.jsonrpc.RemoteEndpoint handleCancellation
ADVERTENCIA: Unmatched cancel notification for request id 42
2026.09.01 11:23:09 INFO  no build target found for C:\Users\USUARIO\Documents\farmacia\farmacia\src\main\java\com\example\farmacia\config\SecurityConfig.java. Using fallback presentation compiler.
2026.09.01 11:23:08 INFO  no build target found for C:\Users\USUARIO\Documents\farmacia\farmacia\src\main\java\com\example\farmacia\config\SecurityConfig.java. Using fallback presentation compiler.
2026.09.01 11:23:10 INFO  no build target found for C:\Users\USUARIO\Documents\farmacia\farmacia\src\main\java\com\example\farmacia\config\SecurityConfig.java. Using fallback presentation compiler.
sept 01, 2026 11:23:10 A. M. org.eclipse.lsp4j.jsonrpc.RemoteEndpoint handleCancellation
ADVERTENCIA: Unmatched cancel notification for request id 47
2026.09.01 11:23:10 INFO  no build target found for C:\Users\USUARIO\Documents\farmacia\farmacia\src\main\java\com\example\farmacia\config\SecurityConfig.java. Using fallback presentation compiler.
2026.09.01 11:23:11 INFO  no build target found for C:\Users\USUARIO\Documents\farmacia\farmacia\src\main\java\com\example\farmacia\config\SecurityConfig.java. Using fallback presentation compiler.
2026.09.01 11:23:11 INFO  no build target found for C:\Users\USUARIO\Documents\farmacia\farmacia\src\main\java\com\example\farmacia\config\SecurityConfig.java. Using fallback presentation compiler.
sept 01, 2026 11:23:12 A. M. org.eclipse.lsp4j.jsonrpc.RemoteEndpoint handleCancellation
ADVERTENCIA: Unmatched cancel notification for request id 49
2026.09.01 11:23:12 WARN  no build target for: C:\Users\USUARIO\Documents\farmacia\farmacia\src\main\java\com\example\farmacia\config\SecurityConfig.java
sept 01, 2026 11:23:12 A. M. org.eclipse.lsp4j.jsonrpc.RemoteEndpoint handleCancellation
ADVERTENCIA: Unmatched cancel notification for request id 51
2026.09.01 11:23:12 INFO  no build target found for C:\Users\USUARIO\Documents\farmacia\farmacia\src\main\java\com\example\farmacia\config\SecurityConfig.java. Using fallback presentation compiler.
2026.09.01 11:23:12 INFO  no build target found for C:\Users\USUARIO\Documents\farmacia\farmacia\src\main\java\com\example\farmacia\config\SecurityConfig.java. Using fallback presentation compiler.
sept 01, 2026 11:23:12 A. M. org.eclipse.lsp4j.jsonrpc.RemoteEndpoint handleCancellation
ADVERTENCIA: Unmatched cancel notification for request id 53
sept 01, 2026 11:23:12 A. M. org.eclipse.lsp4j.jsonrpc.RemoteEndpoint handleCancellation
ADVERTENCIA: Unmatched cancel notification for request id 54
sept 01, 2026 11:23:12 A. M. org.eclipse.lsp4j.jsonrpc.RemoteEndpoint handleCancellation
ADVERTENCIA: Unmatched cancel notification for request id 43
2026.09.01 11:23:12 INFO  no build target found for C:\Users\USUARIO\Documents\farmacia\farmacia\src\main\java\com\example\farmacia\config\SecurityConfig.java. Using fallback presentation compiler.
2026.09.01 11:23:13 INFO  no build target found for C:\Users\USUARIO\Documents\farmacia\farmacia\src\main\java\com\example\farmacia\config\SecurityConfig.java. Using fallback presentation compiler.
2026.09.01 11:23:13 INFO  no build target found for C:\Users\USUARIO\Documents\farmacia\farmacia\src\main\java\com\example\farmacia\config\SecurityConfig.java. Using fallback presentation compiler.
2026.09.01 11:23:13 INFO  no build target found for C:\Users\USUARIO\Documents\farmacia\farmacia\src\main\java\com\example\farmacia\config\SecurityConfig.java. Using fallback presentation compiler.
sept 01, 2026 11:23:14 A. M. org.eclipse.lsp4j.jsonrpc.RemoteEndpoint handleCancellation
ADVERTENCIA: Unmatched cancel notification for request id 55
2026.09.01 11:23:14 INFO  no build target found for C:\Users\USUARIO\Documents\farmacia\farmacia\src\main\java\com\example\farmacia\config\SecurityConfig.java. Using fallback presentation compiler.
sept 01, 2026 11:23:14 A. M. org.eclipse.lsp4j.jsonrpc.RemoteEndpoint handleCancellation
ADVERTENCIA: Unmatched cancel notification for request id 57
2026.09.01 11:23:14 INFO  no build target found for C:\Users\USUARIO\Documents\farmacia\farmacia\src\main\java\com\example\farmacia\config\SecurityConfig.java. Using fallback presentation compiler.
2026.09.01 11:23:15 INFO  no build target found for C:\Users\USUARIO\Documents\farmacia\farmacia\src\main\java\com\example\farmacia\config\SecurityConfig.java. Using fallback presentation compiler.
2026.09.01 11:23:14 INFO  no build target found for C:\Users\USUARIO\Documents\farmacia\farmacia\src\main\java\com\example\farmacia\config\SecurityConfig.java. Using fallback presentation compiler.
sept 01, 2026 11:23:15 A. M. org.eclipse.lsp4j.jsonrpc.RemoteEndpoint handleCancellation
ADVERTENCIA: Unmatched cancel notification for request id 62
2026.09.01 11:23:14 INFO  no build target found for C:\Users\USUARIO\Documents\farmacia\farmacia\src\main\java\com\example\farmacia\config\SecurityConfig.java. Using fallback presentation compiler.
2026.09.01 11:23:15 INFO  no build target found for C:\Users\USUARIO\Documents\farmacia\farmacia\src\main\java\com\example\farmacia\config\SecurityConfig.java. Using fallback presentation compiler.
2026.09.01 11:23:15 INFO  no build target found for C:\Users\USUARIO\Documents\farmacia\farmacia\src\main\java\com\example\farmacia\config\SecurityConfig.java. Using fallback presentation compiler.
2026.09.01 11:23:17 INFO  no build target found for C:\Users\USUARIO\Documents\farmacia\farmacia\src\main\java\com\example\farmacia\controller\AuthController.java. Using fallback presentation compiler.
sept 01, 2026 11:23:17 A. M. org.eclipse.lsp4j.jsonrpc.RemoteEndpoint handleCancellation
ADVERTENCIA: Unmatched cancel notification for request id 67
2026.09.01 11:23:17 INFO  no build target found for C:\Users\USUARIO\Documents\farmacia\farmacia\src\main\java\com\example\farmacia\controller\AuthController.java. Using fallback presentation compiler.
2026.09.01 11:23:17 INFO  no build target found for C:\Users\USUARIO\Documents\farmacia\farmacia\src\main\java\com\example\farmacia\controller\AuthController.java. Using fallback presentation compiler.
2026.09.01 11:23:17 INFO  no build target found for C:\Users\USUARIO\Documents\farmacia\farmacia\src\main\java\com\example\farmacia\controller\AuthController.java. Using fallback presentation compiler.
2026.09.01 11:23:17 INFO  no build target found for C:\Users\USUARIO\Documents\farmacia\farmacia\src\main\java\com\example\farmacia\controller\AuthController.java. Using fallback presentation compiler.
2026.09.01 11:23:18 INFO  no build target found for C:\Users\USUARIO\Documents\farmacia\farmacia\src\main\java\com\example\farmacia\controller\AuthController.java. Using fallback presentation compiler.
2026.09.01 11:23:19 INFO  no build target found for C:\Users\USUARIO\Documents\farmacia\farmacia\src\main\java\com\example\farmacia\controller\AuthController.java. Using fallback presentation compiler.
2026.09.01 11:23:18 INFO  no build target found for C:\Users\USUARIO\Documents\farmacia\farmacia\src\main\java\com\example\farmacia\controller\AuthController.java. Using fallback presentation compiler.
sept 01, 2026 11:23:19 A. M. org.eclipse.lsp4j.jsonrpc.RemoteEndpoint handleCancellation
ADVERTENCIA: Unmatched cancel notification for request id 78
2026.09.01 11:23:19 INFO  no build target found for C:\Users\USUARIO\Documents\farmacia\farmacia\src\main\java\com\example\farmacia\controller\AuthController.java. Using fallback presentation compiler.
2026.09.01 11:23:19 INFO  no build target found for C:\Users\USUARIO\Documents\farmacia\farmacia\src\main\java\com\example\farmacia\controller\AuthController.java. Using fallback presentation compiler.
sept 01, 2026 11:23:20 A. M. org.eclipse.lsp4j.jsonrpc.RemoteEndpoint handleCancellation
ADVERTENCIA: Unmatched cancel notification for request id 83
2026.09.01 11:23:21 WARN  no build target for: C:\Users\USUARIO\Documents\farmacia\farmacia\src\main\java\com\example\farmacia\controller\AuthController.java
2026.09.01 11:23:21 INFO  no build target found for C:\Users\USUARIO\Documents\farmacia\farmacia\src\main\java\com\example\farmacia\controller\AuthController.java. Using fallback presentation compiler.
2026.09.01 11:23:21 INFO  no build target found for C:\Users\USUARIO\Documents\farmacia\farmacia\src\main\java\com\example\farmacia\controller\AuthController.java. Using fallback presentation compiler.
2026.09.01 11:46:21 WARN  no build target for: C:\Users\USUARIO\Documents\farmacia\farmacia\src\main\java\com\example\farmacia\controller\UsuarioController.java
2026.09.01 11:46:21 INFO  no build target found for C:\Users\USUARIO\Documents\farmacia\farmacia\src\main\java\com\example\farmacia\controller\UsuarioController.java. Using fallback presentation compiler.
2026.09.01 11:46:23 INFO  no build target found for C:\Users\USUARIO\Documents\farmacia\farmacia\src\main\java\com\example\farmacia\controller\DashboardController.java. Using fallback presentation compiler.
sept 01, 2026 11:46:23 A. M. org.eclipse.lsp4j.jsonrpc.RemoteEndpoint handleCancellation
ADVERTENCIA: Unmatched cancel notification for request id 97
2026.09.01 11:46:23 INFO  no build target found for C:\Users\USUARIO\Documents\farmacia\farmacia\src\main\java\com\example\farmacia\controller\DashboardController.java. Using fallback presentation compiler.
2026.09.01 11:46:23 INFO  no build target found for C:\Users\USUARIO\Documents\farmacia\farmacia\src\main\java\com\example\farmacia\controller\DashboardController.java. Using fallback presentation compiler.
2026.09.01 11:46:23 INFO  no build target found for C:\Users\USUARIO\Documents\farmacia\farmacia\src\main\java\com\example\farmacia\controller\DashboardController.java. Using fallback presentation compiler.
2026.09.01 11:46:24 INFO  no build target found for C:\Users\USUARIO\Documents\farmacia\farmacia\src\main\java\com\example\farmacia\controller\DashboardController.java. Using fallback presentation compiler.
2026.09.01 11:46:24 INFO  no build target found for C:\Users\USUARIO\Documents\farmacia\farmacia\src\main\java\com\example\farmacia\controller\DashboardController.java. Using fallback presentation compiler.
2026.09.01 11:46:24 INFO  no build target found for C:\Users\USUARIO\Documents\farmacia\farmacia\src\main\java\com\example\farmacia\controller\DashboardController.java. Using fallback presentation compiler.
2026.09.01 11:46:25 INFO  no build target found for C:\Users\USUARIO\Documents\farmacia\farmacia\src\main\java\com\example\farmacia\controller\DashboardController.java. Using fallback presentation compiler.
2026.09.01 11:46:26 INFO  no build target found for C:\Users\USUARIO\Documents\farmacia\farmacia\src\main\java\com\example\farmacia\controller\DashboardController.java. Using fallback presentation compiler.
2026.09.01 11:46:25 INFO  no build target found for C:\Users\USUARIO\Documents\farmacia\farmacia\src\main\java\com\example\farmacia\controller\DashboardController.java. Using fallback presentation compiler.
2026.09.01 11:46:27 INFO  no build target found for C:\Users\USUARIO\Documents\farmacia\farmacia\src\main\java\com\example\farmacia\controller\DashboardController.java. Using fallback presentation compiler.
2026.09.01 11:46:27 INFO  no build target found for C:\Users\USUARIO\Documents\farmacia\farmacia\src\main\java\com\example\farmacia\controller\DashboardController.java. Using fallback presentation compiler.
2026.09.01 11:46:29 WARN  no build target for: C:\Users\USUARIO\Documents\farmacia\farmacia\src\main\java\com\example\farmacia\controller\DashboardController.java
sept 01, 2026 11:46:29 A. M. org.eclipse.lsp4j.jsonrpc.RemoteEndpoint handleCancellation
ADVERTENCIA: Unmatched cancel notification for request id 115
2026.09.01 11:46:29 INFO  no build target found for C:\Users\USUARIO\Documents\farmacia\farmacia\src\main\java\com\example\farmacia\controller\DashboardController.java. Using fallback presentation compiler.
2026.09.01 11:46:29 INFO  no build target found for C:\Users\USUARIO\Documents\farmacia\farmacia\src\main\java\com\example\farmacia\controller\DashboardController.java. Using fallback presentation compiler.
sept 01, 2026 11:46:29 A. M. org.eclipse.lsp4j.jsonrpc.RemoteEndpoint handleCancellation
ADVERTENCIA: Unmatched cancel notification for request id 120
2026.09.01 11:46:29 INFO  no build target found for C:\Users\USUARIO\Documents\farmacia\farmacia\src\main\java\com\example\farmacia\controller\DashboardController.java. Using fallback presentation compiler.
2026.09.01 11:46:30 INFO  no build target found for C:\Users\USUARIO\Documents\farmacia\farmacia\src\main\java\com\example\farmacia\controller\DashboardController.java. Using fallback presentation compiler.
2026.09.01 11:46:30 INFO  no build target found for C:\Users\USUARIO\Documents\farmacia\farmacia\src\main\java\com\example\farmacia\controller\DashboardController.java. Using fallback presentation compiler.
2026.09.01 11:46:30 INFO  no build target found for C:\Users\USUARIO\Documents\farmacia\farmacia\src\main\java\com\example\farmacia\controller\DashboardController.java. Using fallback presentation compiler.
2026.09.01 11:46:34 INFO  no build target found for C:\Users\USUARIO\Documents\farmacia\farmacia\src\main\java\com\example\farmacia\controller\ClienteController.java. Using fallback presentation compiler.
2026.09.01 11:46:34 INFO  no build target found for C:\Users\USUARIO\Documents\farmacia\farmacia\src\main\java\com\example\farmacia\controller\ClienteController.java. Using fallback presentation compiler.
sept 01, 2026 11:46:34 A. M. org.eclipse.lsp4j.jsonrpc.RemoteEndpoint handleCancellation
ADVERTENCIA: Unmatched cancel notification for request id 128
2026.09.01 11:46:34 INFO  no build target found for C:\Users\USUARIO\Documents\farmacia\farmacia\src\main\java\com\example\farmacia\controller\ClienteController.java. Using fallback presentation compiler.
2026.09.01 11:46:34 INFO  no build target found for C:\Users\USUARIO\Documents\farmacia\farmacia\src\main\java\com\example\farmacia\controller\ClienteController.java. Using fallback presentation compiler.
2026.09.01 11:46:35 INFO  no build target found for C:\Users\USUARIO\Documents\farmacia\farmacia\src\main\java\com\example\farmacia\controller\ClienteController.java. Using fallback presentation compiler.
2026.09.01 11:46:35 INFO  no build target found for C:\Users\USUARIO\Documents\farmacia\farmacia\src\main\java\com\example\farmacia\controller\ClienteController.java. Using fallback presentation compiler.
2026.09.01 11:46:35 INFO  no build target found for C:\Users\USUARIO\Documents\farmacia\farmacia\src\main\java\com\example\farmacia\controller\ClienteController.java. Using fallback presentation compiler.
2026.09.01 11:46:35 INFO  no build target found for C:\Users\USUARIO\Documents\farmacia\farmacia\src\main\java\com\example\farmacia\controller\ClienteController.java. Using fallback presentation compiler.
sept 01, 2026 11:46:36 A. M. org.eclipse.lsp4j.jsonrpc.RemoteEndpoint handleCancellation
ADVERTENCIA: Unmatched cancel notification for request id 139
2026.09.01 11:46:36 INFO  no build target found for C:\Users\USUARIO\Documents\farmacia\farmacia\src\main\java\com\example\farmacia\controller\ClienteController.java. Using fallback presentation compiler.
sept 01, 2026 11:46:37 A. M. org.eclipse.lsp4j.jsonrpc.RemoteEndpoint handleCancellation
ADVERTENCIA: Unmatched cancel notification for request id 143
2026.09.01 11:46:37 INFO  no build target found for C:\Users\USUARIO\Documents\farmacia\farmacia\src\main\java\com\example\farmacia\controller\ClienteController.java. Using fallback presentation compiler.
2026.09.01 11:46:38 INFO  no build target found for C:\Users\USUARIO\Documents\farmacia\farmacia\src\main\java\com\example\farmacia\controller\ClienteController.java. Using fallback presentation compiler.
2026.09.01 11:46:38 WARN  no build target for: C:\Users\USUARIO\Documents\farmacia\farmacia\src\main\java\com\example\farmacia\controller\ClienteController.java
2026.09.01 11:46:39 WARN  Running javac-semanticdb failed for file:///C:/Users/USUARIO/Documents/farmacia/farmacia/src/main/java/com/example/farmacia/controller/ClienteController.java. Output:

2026.09.01 11:46:39 INFO  no build target found for C:\Users\USUARIO\Documents\farmacia\farmacia\src\main\java\com\example\farmacia\controller\ClienteController.java. Using fallback presentation compiler.
2026.09.01 11:46:41 INFO  no build target found for C:\Users\USUARIO\Documents\farmacia\farmacia\src\main\java\com\example\farmacia\controller\ClienteController.java. Using fallback presentation compiler.
2026.09.01 11:46:42 INFO  no build target found for C:\Users\USUARIO\Documents\farmacia\farmacia\src\main\java\com\example\farmacia\controller\ClienteController.java. Using fallback presentation compiler.
2026.09.01 11:46:44 INFO  no build target found for C:\Users\USUARIO\Documents\farmacia\farmacia\src\main\java\com\example\farmacia\controller\ClienteController.java. Using fallback presentation compiler.
2026.09.01 11:46:46 INFO  no build target found for C:\Users\USUARIO\Documents\farmacia\farmacia\src\main\java\com\example\farmacia\controller\ClienteController.java. Using fallback presentation compiler.
2026.09.01 11:50:43 INFO  no build target found for C:\Users\USUARIO\Documents\farmacia\farmacia\src\main\java\com\example\farmacia\controller\ClienteController.java. Using fallback presentation compiler.
2026.09.01 11:50:43 INFO  no build target found for C:\Users\USUARIO\Documents\farmacia\farmacia\src\main\java\com\example\farmacia\controller\ClienteController.java. Using fallback presentation compiler.
2026.09.01 11:50:43 INFO  no build target found for C:\Users\USUARIO\Documents\farmacia\farmacia\src\main\java\com\example\farmacia\controller\ClienteController.java. Using fallback presentation compiler.
2026.09.01 11:50:45 INFO  no build target found for C:\Users\USUARIO\Documents\farmacia\farmacia\src\main\java\com\example\farmacia\controller\ClienteController.java. Using fallback presentation compiler.
2026.09.01 11:50:45 INFO  no build target found for C:\Users\USUARIO\Documents\farmacia\farmacia\src\main\java\com\example\farmacia\controller\ClienteController.java. Using fallback presentation compiler.
2026.09.01 11:50:45 INFO  no build target found for C:\Users\USUARIO\Documents\farmacia\farmacia\src\main\java\com\example\farmacia\controller\ClienteController.java. Using fallback presentation compiler.
2026.09.01 11:50:45 WARN  Running javac-semanticdb failed for file:///C:/Users/USUARIO/Documents/farmacia/farmacia/src/main/java/com/example/farmacia/controller/ClienteController.java. Output:

2026.09.01 11:50:45 INFO  no build target found for C:\Users\USUARIO\Documents\farmacia\farmacia\src\main\java\com\example\farmacia\controller\ClienteController.java. Using fallback presentation compiler.
2026.09.01 11:50:45 INFO  no build target found for C:\Users\USUARIO\Documents\farmacia\farmacia\src\main\java\com\example\farmacia\controller\ClienteController.java. Using fallback presentation compiler.
sept 01, 2026 11:50:45 A. M. org.eclipse.lsp4j.jsonrpc.RemoteEndpoint handleCancellation
ADVERTENCIA: Unmatched cancel notification for request id 162
2026.09.01 11:50:45 INFO  no build target found for C:\Users\USUARIO\Documents\farmacia\farmacia\src\main\java\com\example\farmacia\controller\ClienteController.java. Using fallback presentation compiler.
sept 01, 2026 11:50:45 A. M. org.eclipse.lsp4j.jsonrpc.RemoteEndpoint handleCancellation
ADVERTENCIA: Unmatched cancel notification for request id 165
2026.09.01 11:50:45 INFO  no build target found for C:\Users\USUARIO\Documents\farmacia\farmacia\src\main\java\com\example\farmacia\controller\ClienteController.java. Using fallback presentation compiler.
2026.09.01 11:50:46 INFO  no build target found for C:\Users\USUARIO\Documents\farmacia\farmacia\src\main\java\com\example\farmacia\controller\ClienteController.java. Using fallback presentation compiler.
2026.09.01 11:50:45 INFO  Created report: Optional[file:///C:/Users/USUARIO/Documents/farmacia/farmacia/src/main/java/com/example/farmacia/controller/ClienteController.java]
2026.09.01 11:50:45 INFO  empty definition using pc, found symbol in pc: _empty_/PostMapping# (full report at: "C:\Users\USUARIO\Documents\farmacia\farmacia\.metals\.reports\metals-full\2026-09-01\r_empty-definition_11-50-46-117.md")
2026.09.01 11:50:46 INFO  no build target found for C:\Users\USUARIO\Documents\farmacia\farmacia\src\main\java\com\example\farmacia\controller\ClienteController.java. Using fallback presentation compiler.
2026.09.01 11:50:46 INFO  no build target found for C:\Users\USUARIO\Documents\farmacia\farmacia\src\main\java\com\example\farmacia\controller\ClienteController.java. Using fallback presentation compiler.
2026.09.01 11:50:47 INFO  no build target found for C:\Users\USUARIO\Documents\farmacia\farmacia\src\main\java\com\example\farmacia\controller\ClienteController.java. Using fallback presentation compiler.
2026.09.01 11:50:47 INFO  no build target found for C:\Users\USUARIO\Documents\farmacia\farmacia\src\main\java\com\example\farmacia\controller\ClienteController.java. Using fallback presentation compiler.
sept 01, 2026 11:50:47 A. M. org.eclipse.lsp4j.jsonrpc.RemoteEndpoint handleCancellation
ADVERTENCIA: Unmatched cancel notification for request id 172
2026.09.01 11:50:47 WARN  no build target for: C:\Users\USUARIO\Documents\farmacia\farmacia\src\main\java\com\example\farmacia\controller\ClienteController.java
2026.09.01 11:50:47 INFO  no build target found for C:\Users\USUARIO\Documents\farmacia\farmacia\src\main\java\com\example\farmacia\controller\ClienteController.java. Using fallback presentation compiler.
2026.09.01 11:50:51 INFO  no build target found for C:\Users\USUARIO\Documents\farmacia\farmacia\src\main\java\com\example\farmacia\controller\ClienteController.java. Using fallback presentation compiler.
2026.09.01 11:50:51 INFO  no build target found for C:\Users\USUARIO\Documents\farmacia\farmacia\src\main\java\com\example\farmacia\controller\ClienteController.java. Using fallback presentation compiler.
2026.09.01 11:50:54 INFO  no build target found for C:\Users\USUARIO\Documents\farmacia\farmacia\src\main\java\com\example\farmacia\controller\ClienteController.java. Using fallback presentation compiler.
2026.09.01 11:50:54 INFO  no build target found for C:\Users\USUARIO\Documents\farmacia\farmacia\src\main\java\com\example\farmacia\controller\ClienteController.java. Using fallback presentation compiler.
2026.09.01 11:50:54 INFO  no build target found for C:\Users\USUARIO\Documents\farmacia\farmacia\src\main\java\com\example\farmacia\controller\ClienteController.java. Using fallback presentation compiler.
sept 01, 2026 11:50:56 A. M. org.eclipse.lsp4j.jsonrpc.RemoteEndpoint handleCancellation
ADVERTENCIA: Unmatched cancel notification for request id 186
2026.09.01 11:50:56 INFO  no build target found for C:\Users\USUARIO\Documents\farmacia\farmacia\src\main\java\com\example\farmacia\controller\ClienteController.java. Using fallback presentation compiler.
2026.09.01 11:50:57 INFO  no build target found for C:\Users\USUARIO\Documents\farmacia\farmacia\src\main\java\com\example\farmacia\controller\ClienteController.java. Using fallback presentation compiler.
2026.09.01 11:50:57 WARN  no build target for: C:\Users\USUARIO\Documents\farmacia\farmacia\src\main\java\com\example\farmacia\controller\ClienteController.java
2026.09.01 11:50:57 WARN  Running javac-semanticdb failed for file:///C:/Users/USUARIO/Documents/farmacia/farmacia/src/main/java/com/example/farmacia/controller/ClienteController.java. Output:

2026.09.01 11:50:57 INFO  no build target found for C:\Users\USUARIO\Documents\farmacia\farmacia\src\main\java\com\example\farmacia\controller\ClienteController.java. Using fallback presentation compiler.
2026.09.01 11:50:59 INFO  no build target found for C:\Users\USUARIO\Documents\farmacia\farmacia\src\main\java\com\example\farmacia\controller\ClienteController.java. Using fallback presentation compiler.
2026.09.01 11:50:59 INFO  no build target found for C:\Users\USUARIO\Documents\farmacia\farmacia\src\main\java\com\example\farmacia\controller\ClienteController.java. Using fallback presentation compiler.
2026.09.01 11:51:02 INFO  no build target found for C:\Users\USUARIO\Documents\farmacia\farmacia\src\main\java\com\example\farmacia\controller\ClienteController.java. Using fallback presentation compiler.
2026.09.01 11:51:02 INFO  no build target found for C:\Users\USUARIO\Documents\farmacia\farmacia\src\main\java\com\example\farmacia\controller\ClienteController.java. Using fallback presentation compiler.
2026.09.01 11:51:04 INFO  no build target found for C:\Users\USUARIO\Documents\farmacia\farmacia\src\main\java\com\example\farmacia\controller\ClienteController.java. Using fallback presentation compiler.
2026.09.01 11:51:04 INFO  no build target found for C:\Users\USUARIO\Documents\farmacia\farmacia\src\main\java\com\example\farmacia\controller\ClienteController.java. Using fallback presentation compiler.
2026.09.01 11:51:04 INFO  no build target found for C:\Users\USUARIO\Documents\farmacia\farmacia\src\main\java\com\example\farmacia\controller\ClienteController.java. Using fallback presentation compiler.
sept 01, 2026 11:51:04 A. M. org.eclipse.lsp4j.jsonrpc.RemoteEndpoint handleCancellation
ADVERTENCIA: Unmatched cancel notification for request id 205
2026.09.01 11:51:04 INFO  no build target found for C:\Users\USUARIO\Documents\farmacia\farmacia\src\main\java\com\example\farmacia\controller\ClienteController.java. Using fallback presentation compiler.
sept 01, 2026 11:51:04 A. M. org.eclipse.lsp4j.jsonrpc.RemoteEndpoint handleCancellation
ADVERTENCIA: Unmatched cancel notification for request id 203
sept 01, 2026 11:51:04 A. M. org.eclipse.lsp4j.jsonrpc.RemoteEndpoint handleCancellation
ADVERTENCIA: Unmatched cancel notification for request id 206
2026.09.01 11:51:04 INFO  no build target found for C:\Users\USUARIO\Documents\farmacia\farmacia\src\main\java\com\example\farmacia\controller\ClienteController.java. Using fallback presentation compiler.
2026.09.01 11:51:05 INFO  no build target found for C:\Users\USUARIO\Documents\farmacia\farmacia\src\main\java\com\example\farmacia\controller\ClienteController.java. Using fallback presentation compiler.
2026.09.01 11:51:05 INFO  no build target found for C:\Users\USUARIO\Documents\farmacia\farmacia\src\main\java\com\example\farmacia\controller\ClienteController.java. Using fallback presentation compiler.
2026.09.01 11:51:05 INFO  no build target found for C:\Users\USUARIO\Documents\farmacia\farmacia\src\main\java\com\example\farmacia\controller\ClienteController.java. Using fallback presentation compiler.
2026.09.01 11:51:05 INFO  no build target found for C:\Users\USUARIO\Documents\farmacia\farmacia\src\main\java\com\example\farmacia\controller\ClienteController.java. Using fallback presentation compiler.
2026.09.01 11:51:05 INFO  no build target found for C:\Users\USUARIO\Documents\farmacia\farmacia\src\main\java\com\example\farmacia\controller\ClienteController.java. Using fallback presentation compiler.
2026.09.01 11:51:06 INFO  no build target found for C:\Users\USUARIO\Documents\farmacia\farmacia\src\main\java\com\example\farmacia\controller\ClienteController.java. Using fallback presentation compiler.
2026.09.01 11:51:12 INFO  no build target found for C:\Users\USUARIO\Documents\farmacia\farmacia\src\main\java\com\example\farmacia\controller\ClienteController.java. Using fallback presentation compiler.
2026.09.01 11:51:12 INFO  no build target found for C:\Users\USUARIO\Documents\farmacia\farmacia\src\main\java\com\example\farmacia\controller\ClienteController.java. Using fallback presentation compiler.
2026.09.01 11:51:13 INFO  no build target found for C:\Users\USUARIO\Documents\farmacia\farmacia\src\main\java\com\example\farmacia\controller\ClienteController.java. Using fallback presentation compiler.
2026.09.01 11:51:54 INFO  no build target found for C:\Users\USUARIO\Documents\farmacia\farmacia\src\main\java\com\example\farmacia\controller\ClienteController.java. Using fallback presentation compiler.
2026.09.01 11:51:54 INFO  no build target found for C:\Users\USUARIO\Documents\farmacia\farmacia\src\main\java\com\example\farmacia\controller\ClienteController.java. Using fallback presentation compiler.
2026.09.01 11:52:01 INFO  no build target found for C:\Users\USUARIO\Documents\farmacia\farmacia\src\main\java\com\example\farmacia\controller\ClienteController.java. Using fallback presentation compiler.
2026.09.01 11:52:01 INFO  no build target found for C:\Users\USUARIO\Documents\farmacia\farmacia\src\main\java\com\example\farmacia\controller\ClienteController.java. Using fallback presentation compiler.
2026.09.01 11:52:01 INFO  no build target found for C:\Users\USUARIO\Documents\farmacia\farmacia\src\main\java\com\example\farmacia\controller\ClienteController.java. Using fallback presentation compiler.
2026.09.01 11:52:04 INFO  no build target found for C:\Users\USUARIO\Documents\farmacia\farmacia\src\main\java\com\example\farmacia\controller\ClienteController.java. Using fallback presentation compiler.
2026.09.01 11:52:04 INFO  no build target found for C:\Users\USUARIO\Documents\farmacia\farmacia\src\main\java\com\example\farmacia\controller\ClienteController.java. Using fallback presentation compiler.
2026.09.01 11:52:04 INFO  no build target found for C:\Users\USUARIO\Documents\farmacia\farmacia\src\main\java\com\example\farmacia\controller\ClienteController.java. Using fallback presentation compiler.
sept 01, 2026 11:52:05 A. M. org.eclipse.lsp4j.jsonrpc.RemoteEndpoint handleCancellation
ADVERTENCIA: Unmatched cancel notification for request id 226
2026.09.01 11:52:04 INFO  no build target found for C:\Users\USUARIO\Documents\farmacia\farmacia\src\main\java\com\example\farmacia\controller\ClienteController.java. Using fallback presentation compiler.
2026.09.01 11:52:09 INFO  no build target found for C:\Users\USUARIO\Documents\farmacia\farmacia\src\main\java\com\example\farmacia\controller\ClienteController.java. Using fallback presentation compiler.
sept 01, 2026 11:52:09 A. M. org.eclipse.lsp4j.jsonrpc.RemoteEndpoint handleCancellation
ADVERTENCIA: Unmatched cancel notification for request id 228
2026.09.01 11:52:09 INFO  no build target found for C:\Users\USUARIO\Documents\farmacia\farmacia\src\main\java\com\example\farmacia\controller\ClienteController.java. Using fallback presentation compiler.
2026.09.01 11:52:18 INFO  no build target found for C:\Users\USUARIO\Documents\farmacia\farmacia\src\main\java\com\example\farmacia\controller\ClienteController.java. Using fallback presentation compiler.
2026.09.01 11:52:18 INFO  no build target found for C:\Users\USUARIO\Documents\farmacia\farmacia\src\main\java\com\example\farmacia\controller\ClienteController.java. Using fallback presentation compiler.
2026.09.01 11:52:19 WARN  no build target for: C:\Users\USUARIO\Documents\farmacia\farmacia\src\main\java\com\example\farmacia\controller\ClienteController.java
2026.09.01 11:52:20 INFO  no build target found for C:\Users\USUARIO\Documents\farmacia\farmacia\src\main\java\com\example\farmacia\controller\ClienteController.java. Using fallback presentation compiler.
2026.09.01 11:52:20 INFO  no build target found for C:\Users\USUARIO\Documents\farmacia\farmacia\src\main\java\com\example\farmacia\controller\ClienteController.java. Using fallback presentation compiler.
sept 01, 2026 11:52:20 A. M. org.eclipse.lsp4j.jsonrpc.RemoteEndpoint handleCancellation
ADVERTENCIA: Unmatched cancel notification for request id 237
2026.09.01 11:52:20 INFO  no build target found for C:\Users\USUARIO\Documents\farmacia\farmacia\src\main\java\com\example\farmacia\controller\ClienteController.java. Using fallback presentation compiler.
2026.09.01 11:52:20 INFO  no build target found for C:\Users\USUARIO\Documents\farmacia\farmacia\src\main\java\com\example\farmacia\controller\ClienteController.java. Using fallback presentation compiler.
2026.09.01 11:52:21 INFO  no build target found for C:\Users\USUARIO\Documents\farmacia\farmacia\src\main\java\com\example\farmacia\controller\ClienteController.java. Using fallback presentation compiler.
2026.09.01 11:52:21 INFO  no build target found for C:\Users\USUARIO\Documents\farmacia\farmacia\src\main\java\com\example\farmacia\controller\ClienteController.java. Using fallback presentation compiler.
2026.09.01 11:52:22 INFO  no build target found for C:\Users\USUARIO\Documents\farmacia\farmacia\src\main\java\com\example\farmacia\controller\ClienteController.java. Using fallback presentation compiler.
2026.09.01 11:52:24 INFO  no build target found for C:\Users\USUARIO\Documents\farmacia\farmacia\src\main\java\com\example\farmacia\controller\ClienteController.java. Using fallback presentation compiler.
2026.09.01 11:52:25 INFO  no build target found for C:\Users\USUARIO\Documents\farmacia\farmacia\src\main\java\com\example\farmacia\controller\ClienteController.java. Using fallback presentation compiler.
2026.09.01 11:52:58 WARN  no build target for: C:\Users\USUARIO\Documents\farmacia\farmacia\src\main\java\com\example\farmacia\controller\ClienteController.java
2026.09.01 11:52:58 INFO  no build target found for C:\Users\USUARIO\Documents\farmacia\farmacia\src\main\java\com\example\farmacia\controller\ClienteController.java. Using fallback presentation compiler.
2026.09.01 11:52:58 INFO  no build target found for C:\Users\USUARIO\Documents\farmacia\farmacia\src\main\java\com\example\farmacia\controller\ClienteController.java. Using fallback presentation compiler.
2026.09.01 11:52:58 INFO  no build target found for C:\Users\USUARIO\Documents\farmacia\farmacia\src\main\java\com\example\farmacia\controller\ClienteController.java. Using fallback presentation compiler.
sept 01, 2026 11:52:59 A. M. org.eclipse.lsp4j.jsonrpc.RemoteEndpoint handleCancellation
ADVERTENCIA: Unmatched cancel notification for request id 248
2026.09.01 11:52:58 INFO  no build target found for C:\Users\USUARIO\Documents\farmacia\farmacia\src\main\java\com\example\farmacia\controller\ClienteController.java. Using fallback presentation compiler.
2026.09.01 11:52:59 INFO  no build target found for C:\Users\USUARIO\Documents\farmacia\farmacia\src\main\java\com\example\farmacia\controller\ClienteController.java. Using fallback presentation compiler.
2026.09.01 11:52:59 INFO  no build target found for C:\Users\USUARIO\Documents\farmacia\farmacia\src\main\java\com\example\farmacia\controller\ClienteController.java. Using fallback presentation compiler.
2026.09.01 11:52:59 INFO  no build target found for C:\Users\USUARIO\Documents\farmacia\farmacia\src\main\java\com\example\farmacia\controller\ClienteController.java. Using fallback presentation compiler.
2026.09.01 11:52:59 INFO  no build target found for C:\Users\USUARIO\Documents\farmacia\farmacia\src\main\java\com\example\farmacia\controller\ClienteController.java. Using fallback presentation compiler.
2026.09.01 11:53:01 INFO  no build target found for C:\Users\USUARIO\Documents\farmacia\farmacia\src\main\java\com\example\farmacia\controller\ClienteController.java. Using fallback presentation compiler.
2026.09.01 11:53:01 INFO  no build target found for C:\Users\USUARIO\Documents\farmacia\farmacia\src\main\java\com\example\farmacia\controller\ClienteController.java. Using fallback presentation compiler.
2026.09.01 11:53:01 INFO  no build target found for C:\Users\USUARIO\Documents\farmacia\farmacia\src\main\java\com\example\farmacia\controller\ClienteController.java. Using fallback presentation compiler.
2026.09.01 11:53:02 INFO  no build target found for C:\Users\USUARIO\Documents\farmacia\farmacia\src\main\java\com\example\farmacia\controller\ClienteController.java. Using fallback presentation compiler.
2026.09.01 11:53:02 INFO  no build target found for C:\Users\USUARIO\Documents\farmacia\farmacia\src\main\java\com\example\farmacia\controller\ClienteController.java. Using fallback presentation compiler.
2026.09.01 11:53:02 INFO  no build target found for C:\Users\USUARIO\Documents\farmacia\farmacia\src\main\java\com\example\farmacia\controller\ClienteController.java. Using fallback presentation compiler.
2026.09.01 11:53:02 INFO  no build target found for C:\Users\USUARIO\Documents\farmacia\farmacia\src\main\java\com\example\farmacia\controller\ClienteController.java. Using fallback presentation compiler.
2026.09.01 11:53:03 INFO  no build target found for C:\Users\USUARIO\Documents\farmacia\farmacia\src\main\java\com\example\farmacia\controller\ClienteController.java. Using fallback presentation compiler.
2026.09.01 11:53:03 INFO  no build target found for C:\Users\USUARIO\Documents\farmacia\farmacia\src\main\java\com\example\farmacia\controller\ClienteController.java. Using fallback presentation compiler.
2026.09.01 11:53:03 INFO  no build target found for C:\Users\USUARIO\Documents\farmacia\farmacia\src\main\java\com\example\farmacia\controller\ClienteController.java. Using fallback presentation compiler.
2026.09.01 11:53:04 INFO  no build target found for C:\Users\USUARIO\Documents\farmacia\farmacia\src\main\java\com\example\farmacia\controller\ClienteController.java. Using fallback presentation compiler.
2026.09.01 11:53:04 INFO  no build target found for C:\Users\USUARIO\Documents\farmacia\farmacia\src\main\java\com\example\farmacia\controller\ClienteController.java. Using fallback presentation compiler.
2026.09.01 11:53:04 INFO  no build target found for C:\Users\USUARIO\Documents\farmacia\farmacia\src\main\java\com\example\farmacia\controller\ClienteController.java. Using fallback presentation compiler.
sept 01, 2026 11:53:05 A. M. org.eclipse.lsp4j.jsonrpc.RemoteEndpoint handleCancellation
ADVERTENCIA: Unmatched cancel notification for request id 267
2026.09.01 11:53:04 INFO  no build target found for C:\Users\USUARIO\Documents\farmacia\farmacia\src\main\java\com\example\farmacia\controller\ClienteController.java. Using fallback presentation compiler.
2026.09.01 11:53:04 INFO  no build target found for C:\Users\USUARIO\Documents\farmacia\farmacia\src\main\java\com\example\farmacia\controller\ClienteController.java. Using fallback presentation compiler.
2026.09.01 11:53:04 INFO  no build target found for C:\Users\USUARIO\Documents\farmacia\farmacia\src\main\java\com\example\farmacia\controller\ClienteController.java. Using fallback presentation compiler.
2026.09.01 11:53:06 INFO  no build target found for C:\Users\USUARIO\Documents\farmacia\farmacia\src\main\java\com\example\farmacia\controller\ClienteController.java. Using fallback presentation compiler.
2026.09.01 11:53:06 INFO  no build target found for C:\Users\USUARIO\Documents\farmacia\farmacia\src\main\java\com\example\farmacia\controller\ClienteController.java. Using fallback presentation compiler.
2026.09.01 11:53:06 INFO  no build target found for C:\Users\USUARIO\Documents\farmacia\farmacia\src\main\java\com\example\farmacia\controller\ClienteController.java. Using fallback presentation compiler.
2026.09.01 11:53:06 INFO  no build target found for C:\Users\USUARIO\Documents\farmacia\farmacia\src\main\java\com\example\farmacia\controller\ClienteController.java. Using fallback presentation compiler.
2026.09.01 11:53:06 INFO  no build target found for C:\Users\USUARIO\Documents\farmacia\farmacia\src\main\java\com\example\farmacia\controller\ClienteController.java. Using fallback presentation compiler.
2026.09.01 11:53:07 INFO  no build target found for C:\Users\USUARIO\Documents\farmacia\farmacia\src\main\java\com\example\farmacia\controller\ClienteController.java. Using fallback presentation compiler.
2026.09.01 11:53:07 WARN  no build target for: C:\Users\USUARIO\Documents\farmacia\farmacia\src\main\java\com\example\farmacia\controller\ClienteController.java
2026.09.01 11:53:07 INFO  no build target found for C:\Users\USUARIO\Documents\farmacia\farmacia\src\main\java\com\example\farmacia\controller\ClienteController.java. Using fallback presentation compiler.
2026.09.01 11:53:07 INFO  no build target found for C:\Users\USUARIO\Documents\farmacia\farmacia\src\main\java\com\example\farmacia\controller\ClienteController.java. Using fallback presentation compiler.
2026.09.01 11:53:09 INFO  no build target found for C:\Users\USUARIO\Documents\farmacia\farmacia\src\main\java\com\example\farmacia\controller\ClienteController.java. Using fallback presentation compiler.
2026.09.01 11:56:08 INFO  no build target found for C:\Users\USUARIO\Documents\farmacia\farmacia\src\main\java\com\example\farmacia\controller\InventarioController.java. Using fallback presentation compiler.
2026.09.01 11:56:09 INFO  no build target found for C:\Users\USUARIO\Documents\farmacia\farmacia\src\main\java\com\example\farmacia\controller\FormulaController.java. Using fallback presentation compiler.
2026.09.01 11:56:09 INFO  no build target found for C:\Users\USUARIO\Documents\farmacia\farmacia\src\main\java\com\example\farmacia\controller\FormulaController.java. Using fallback presentation compiler.
2026.09.01 11:56:09 INFO  no build target found for C:\Users\USUARIO\Documents\farmacia\farmacia\src\main\java\com\example\farmacia\controller\FormulaController.java. Using fallback presentation compiler.
sept 01, 2026 11:56:09 A. M. org.eclipse.lsp4j.jsonrpc.RemoteEndpoint handleCancellation
ADVERTENCIA: Unmatched cancel notification for request id 293
2026.09.01 11:56:09 INFO  no build target found for C:\Users\USUARIO\Documents\farmacia\farmacia\src\main\java\com\example\farmacia\controller\OrdenController.java. Using fallback presentation compiler.
2026.09.01 11:56:09 INFO  no build target found for C:\Users\USUARIO\Documents\farmacia\farmacia\src\main\java\com\example\farmacia\controller\OrdenController.java. Using fallback presentation compiler.
sept 01, 2026 11:56:09 A. M. org.eclipse.lsp4j.jsonrpc.RemoteEndpoint handleCancellation
ADVERTENCIA: Unmatched cancel notification for request id 300
2026.09.01 11:56:09 INFO  no build target found for C:\Users\USUARIO\Documents\farmacia\farmacia\src\main\java\com\example\farmacia\controller\OrdenController.java. Using fallback presentation compiler.
2026.09.01 11:56:10 INFO  no build target found for C:\Users\USUARIO\Documents\farmacia\farmacia\src\main\java\com\example\farmacia\controller\RecetaController.java. Using fallback presentation compiler.
2026.09.01 11:56:10 INFO  no build target found for C:\Users\USUARIO\Documents\farmacia\farmacia\src\main\java\com\example\farmacia\controller\RecetaController.java. Using fallback presentation compiler.
2026.09.01 11:56:10 INFO  no build target found for C:\Users\USUARIO\Documents\farmacia\farmacia\src\main\java\com\example\farmacia\controller\RecetaController.java. Using fallback presentation compiler.
2026.09.01 11:56:10 INFO  no build target found for C:\Users\USUARIO\Documents\farmacia\farmacia\src\main\java\com\example\farmacia\controller\RecetaController.java. Using fallback presentation compiler.
2026.09.01 11:56:11 INFO  no build target found for C:\Users\USUARIO\Documents\farmacia\farmacia\src\main\java\com\example\farmacia\controller\VentaController.java. Using fallback presentation compiler.
2026.09.01 11:56:14 INFO  no build target found for C:\Users\USUARIO\Documents\farmacia\farmacia\src\main\java\com\example\farmacia\controller\ClienteController.java. Using fallback presentation compiler.
2026.09.01 11:56:14 WARN  no build target for: C:\Users\USUARIO\Documents\farmacia\farmacia\src\main\java\com\example\farmacia\controller\ClienteController.java
2026.09.01 11:56:14 INFO  no build target found for C:\Users\USUARIO\Documents\farmacia\farmacia\src\main\java\com\example\farmacia\controller\ClienteController.java. Using fallback presentation compiler.
2026.09.01 11:56:14 INFO  no build target found for C:\Users\USUARIO\Documents\farmacia\farmacia\src\main\java\com\example\farmacia\controller\ClienteController.java. Using fallback presentation compiler.
2026.09.01 11:56:14 INFO  no build target found for C:\Users\USUARIO\Documents\farmacia\farmacia\src\main\java\com\example\farmacia\controller\ClienteController.java. Using fallback presentation compiler.
2026.09.01 11:56:14 INFO  no build target found for C:\Users\USUARIO\Documents\farmacia\farmacia\src\main\java\com\example\farmacia\controller\ClienteController.java. Using fallback presentation compiler.
2026.09.01 11:56:15 INFO  no build target found for C:\Users\USUARIO\Documents\farmacia\farmacia\src\main\java\com\example\farmacia\controller\AuthController.java. Using fallback presentation compiler.
2026.09.01 11:56:15 WARN  no build target for: C:\Users\USUARIO\Documents\farmacia\farmacia\src\main\java\com\example\farmacia\controller\AuthController.java
2026.09.01 11:56:15 INFO  no build target found for C:\Users\USUARIO\Documents\farmacia\farmacia\src\main\java\com\example\farmacia\controller\AuthController.java. Using fallback presentation compiler.
2026.09.01 11:56:15 INFO  no build target found for C:\Users\USUARIO\Documents\farmacia\farmacia\src\main\java\com\example\farmacia\controller\AuthController.java. Using fallback presentation compiler.
2026.09.01 11:56:15 INFO  no build target found for C:\Users\USUARIO\Documents\farmacia\farmacia\src\main\java\com\example\farmacia\controller\ClienteController.java. Using fallback presentation compiler.
2026.09.01 11:56:16 WARN  no build target for: C:\Users\USUARIO\Documents\farmacia\farmacia\src\main\java\com\example\farmacia\controller\ClienteController.java
sept 01, 2026 11:56:16 A. M. org.eclipse.lsp4j.jsonrpc.RemoteEndpoint handleCancellation
ADVERTENCIA: Unmatched cancel notification for request id 334
2026.09.01 11:56:15 INFO  no build target found for C:\Users\USUARIO\Documents\farmacia\farmacia\src\main\java\com\example\farmacia\controller\ClienteController.java. Using fallback presentation compiler.
2026.09.01 11:56:16 INFO  no build target found for C:\Users\USUARIO\Documents\farmacia\farmacia\src\main\java\com\example\farmacia\controller\DashboardController.java. Using fallback presentation compiler.
2026.09.01 11:56:16 WARN  no build target for: C:\Users\USUARIO\Documents\farmacia\farmacia\src\main\java\com\example\farmacia\controller\DashboardController.java
2026.09.01 11:56:16 INFO  no build target found for C:\Users\USUARIO\Documents\farmacia\farmacia\src\main\java\com\example\farmacia\controller\DashboardController.java. Using fallback presentation compiler.
2026.09.01 11:56:16 INFO  no build target found for C:\Users\USUARIO\Documents\farmacia\farmacia\src\main\java\com\example\farmacia\controller\DashboardController.java. Using fallback presentation compiler.
2026.09.01 11:56:16 INFO  no build target found for C:\Users\USUARIO\Documents\farmacia\farmacia\src\main\java\com\example\farmacia\controller\FormulaController.java. Using fallback presentation compiler.
2026.09.01 11:56:17 WARN  no build target for: C:\Users\USUARIO\Documents\farmacia\farmacia\src\main\java\com\example\farmacia\controller\FormulaController.java
sept 01, 2026 11:56:17 A. M. org.eclipse.lsp4j.jsonrpc.RemoteEndpoint handleCancellation
ADVERTENCIA: Unmatched cancel notification for request id 344
2026.09.01 11:56:16 INFO  no build target found for C:\Users\USUARIO\Documents\farmacia\farmacia\src\main\java\com\example\farmacia\controller\FormulaController.java. Using fallback presentation compiler.
2026.09.01 11:56:17 INFO  no build target found for C:\Users\USUARIO\Documents\farmacia\farmacia\src\main\java\com\example\farmacia\controller\FormulaController.java. Using fallback presentation compiler.
2026.09.01 11:56:17 INFO  no build target found for C:\Users\USUARIO\Documents\farmacia\farmacia\src\main\java\com\example\farmacia\controller\FormulaController.java. Using fallback presentation compiler.
2026.09.01 11:56:18 WARN  no build target for: C:\Users\USUARIO\Documents\farmacia\farmacia\src\main\java\com\example\farmacia\controller\InventarioController.java
2026.09.01 11:56:18 INFO  no build target found for C:\Users\USUARIO\Documents\farmacia\farmacia\src\main\java\com\example\farmacia\controller\InventarioController.java. Using fallback presentation compiler.
2026.09.01 11:56:17 INFO  no build target found for C:\Users\USUARIO\Documents\farmacia\farmacia\src\main\java\com\example\farmacia\controller\FormulaController.java. Using fallback presentation compiler.
2026.09.01 11:56:18 WARN  no build target for: C:\Users\USUARIO\Documents\farmacia\farmacia\src\main\java\com\example\farmacia\controller\FormulaController.java
2026.09.01 11:56:19 INFO  no build target found for C:\Users\USUARIO\Documents\farmacia\farmacia\src\main\java\com\example\farmacia\controller\FormulaController.java. Using fallback presentation compiler.
2026.09.01 11:56:19 INFO  no build target found for C:\Users\USUARIO\Documents\farmacia\farmacia\src\main\java\com\example\farmacia\controller\FormulaController.java. Using fallback presentation compiler.
2026.09.01 11:56:19 INFO  no build target found for C:\Users\USUARIO\Documents\farmacia\farmacia\src\main\java\com\example\farmacia\controller\FormulaController.java. Using fallback presentation compiler.
2026.09.01 11:58:35 INFO  no build target found for C:\Users\USUARIO\Documents\farmacia\farmacia\src\main\java\com\example\farmacia\controller\DashboardController.java. Using fallback presentation compiler.
2026.09.01 11:58:35 WARN  no build target for: C:\Users\USUARIO\Documents\farmacia\farmacia\src\main\java\com\example\farmacia\controller\DashboardController.java
2026.09.01 11:58:35 INFO  no build target found for C:\Users\USUARIO\Documents\farmacia\farmacia\src\main\java\com\example\farmacia\controller\DashboardController.java. Using fallback presentation compiler.
2026.09.01 11:58:36 INFO  no build target found for C:\Users\USUARIO\Documents\farmacia\farmacia\src\main\java\com\example\farmacia\controller\DashboardController.java. Using fallback presentation compiler.
2026.09.01 11:58:35 INFO  no build target found for C:\Users\USUARIO\Documents\farmacia\farmacia\src\main\java\com\example\farmacia\controller\DashboardController.java. Using fallback presentation compiler.
2026.09.01 11:58:42 INFO  no build target found for C:\Users\USUARIO\Documents\farmacia\farmacia\src\main\java\com\example\farmacia\controller\RecetaController.java. Using fallback presentation compiler.
2026.09.01 11:58:42 WARN  no build target for: C:\Users\USUARIO\Documents\farmacia\farmacia\src\main\java\com\example\farmacia\controller\RecetaController.java
2026.09.01 11:58:42 INFO  no build target found for C:\Users\USUARIO\Documents\farmacia\farmacia\src\main\java\com\example\farmacia\controller\RecetaController.java. Using fallback presentation compiler.
2026.09.01 11:58:42 INFO  no build target found for C:\Users\USUARIO\Documents\farmacia\farmacia\src\main\java\com\example\farmacia\controller\RecetaController.java. Using fallback presentation compiler.
2026.09.01 11:58:42 INFO  no build target found for C:\Users\USUARIO\Documents\farmacia\farmacia\src\main\java\com\example\farmacia\controller\RecetaController.java. Using fallback presentation compiler.
2026.09.01 11:58:42 INFO  no build target found for C:\Users\USUARIO\Documents\farmacia\farmacia\src\main\java\com\example\farmacia\controller\RecetaController.java. Using fallback presentation compiler.
2026.09.01 11:58:42 INFO  no build target found for C:\Users\USUARIO\Documents\farmacia\farmacia\src\main\java\com\example\farmacia\controller\RecetaController.java. Using fallback presentation compiler.
2026.09.01 11:58:43 INFO  no build target found for C:\Users\USUARIO\Documents\farmacia\farmacia\src\main\java\com\example\farmacia\controller\RecetaController.java. Using fallback presentation compiler.
2026.09.01 11:58:43 INFO  no build target found for C:\Users\USUARIO\Documents\farmacia\farmacia\src\main\java\com\example\farmacia\controller\RecetaController.java. Using fallback presentation compiler.
2026.09.01 11:58:43 INFO  no build target found for C:\Users\USUARIO\Documents\farmacia\farmacia\src\main\java\com\example\farmacia\controller\RecetaController.java. Using fallback presentation compiler.
2026.09.01 11:58:43 INFO  no build target found for C:\Users\USUARIO\Documents\farmacia\farmacia\src\main\java\com\example\farmacia\controller\RecetaController.java. Using fallback presentation compiler.
2026.09.01 11:58:43 INFO  no build target found for C:\Users\USUARIO\Documents\farmacia\farmacia\src\main\java\com\example\farmacia\controller\RecetaController.java. Using fallback presentation compiler.
2026.09.01 11:58:44 WARN  no build target for: C:\Users\USUARIO\Documents\farmacia\farmacia\src\main\java\com\example\farmacia\controller\RecetaController.java
2026.09.01 11:58:43 INFO  no build target found for C:\Users\USUARIO\Documents\farmacia\farmacia\src\main\java\com\example\farmacia\controller\RecetaController.java. Using fallback presentation compiler.
2026.09.01 11:58:44 INFO  no build target found for C:\Users\USUARIO\Documents\farmacia\farmacia\src\main\java\com\example\farmacia\controller\RecetaController.java. Using fallback presentation compiler.
2026.09.01 11:58:46 INFO  no build target found for C:\Users\USUARIO\Documents\farmacia\farmacia\src\main\java\com\example\farmacia\controller\RecetaController.java. Using fallback presentation compiler.
2026.09.01 12:01:52 INFO  no build target found for C:\Users\USUARIO\Documents\farmacia\farmacia\src\main\java\com\example\farmacia\controller\FormulaController.java. Using fallback presentation compiler.
2026.09.01 12:01:52 WARN  no build target for: C:\Users\USUARIO\Documents\farmacia\farmacia\src\main\java\com\example\farmacia\controller\FormulaController.java
2026.09.01 12:01:52 INFO  no build target found for C:\Users\USUARIO\Documents\farmacia\farmacia\src\main\java\com\example\farmacia\controller\FormulaController.java. Using fallback presentation compiler.
2026.09.01 12:01:52 INFO  no build target found for C:\Users\USUARIO\Documents\farmacia\farmacia\src\main\java\com\example\farmacia\controller\FormulaController.java. Using fallback presentation compiler.
2026.09.01 12:01:52 INFO  no build target found for C:\Users\USUARIO\Documents\farmacia\farmacia\src\main\java\com\example\farmacia\controller\FormulaController.java. Using fallback presentation compiler.
2026.09.01 12:01:52 INFO  no build target found for C:\Users\USUARIO\Documents\farmacia\farmacia\src\main\java\com\example\farmacia\controller\FormulaController.java. Using fallback presentation compiler.
2026.09.01 12:01:53 INFO  no build target found for C:\Users\USUARIO\Documents\farmacia\farmacia\src\main\java\com\example\farmacia\controller\FormulaController.java. Using fallback presentation compiler.
2026.09.01 12:01:53 INFO  no build target found for C:\Users\USUARIO\Documents\farmacia\farmacia\src\main\java\com\example\farmacia\controller\FormulaController.java. Using fallback presentation compiler.
2026.09.01 12:01:53 INFO  no build target found for C:\Users\USUARIO\Documents\farmacia\farmacia\src\main\java\com\example\farmacia\controller\FormulaController.java. Using fallback presentation compiler.
2026.09.01 12:01:53 INFO  no build target found for C:\Users\USUARIO\Documents\farmacia\farmacia\src\main\java\com\example\farmacia\controller\FormulaController.java. Using fallback presentation compiler.
2026.09.01 12:01:54 WARN  no build target for: C:\Users\USUARIO\Documents\farmacia\farmacia\src\main\java\com\example\farmacia\controller\FormulaController.java
2026.09.01 12:01:54 INFO  no build target found for C:\Users\USUARIO\Documents\farmacia\farmacia\src\main\java\com\example\farmacia\controller\FormulaController.java. Using fallback presentation compiler.
2026.09.01 12:01:54 INFO  no build target found for C:\Users\USUARIO\Documents\farmacia\farmacia\src\main\java\com\example\farmacia\controller\FormulaController.java. Using fallback presentation compiler.
2026.09.01 12:01:54 INFO  no build target found for C:\Users\USUARIO\Documents\farmacia\farmacia\src\main\java\com\example\farmacia\controller\FormulaController.java. Using fallback presentation compiler.
2026.09.01 12:01:57 INFO  no build target found for C:\Users\USUARIO\Documents\farmacia\farmacia\src\main\java\com\example\farmacia\controller\OrdenController.java. Using fallback presentation compiler.
2026.09.01 12:01:57 WARN  no build target for: C:\Users\USUARIO\Documents\farmacia\farmacia\src\main\java\com\example\farmacia\controller\OrdenController.java
2026.09.01 12:01:57 INFO  no build target found for C:\Users\USUARIO\Documents\farmacia\farmacia\src\main\java\com\example\farmacia\controller\OrdenController.java. Using fallback presentation compiler.
2026.09.01 12:01:57 INFO  no build target found for C:\Users\USUARIO\Documents\farmacia\farmacia\src\main\java\com\example\farmacia\controller\OrdenController.java. Using fallback presentation compiler.
2026.09.01 12:01:57 INFO  no build target found for C:\Users\USUARIO\Documents\farmacia\farmacia\src\main\java\com\example\farmacia\controller\OrdenController.java. Using fallback presentation compiler.
2026.09.01 12:01:57 INFO  no build target found for C:\Users\USUARIO\Documents\farmacia\farmacia\src\main\java\com\example\farmacia\controller\OrdenController.java. Using fallback presentation compiler.
2026.09.01 12:01:58 INFO  no build target found for C:\Users\USUARIO\Documents\farmacia\farmacia\src\main\java\com\example\farmacia\controller\OrdenController.java. Using fallback presentation compiler.
2026.09.01 12:01:58 INFO  no build target found for C:\Users\USUARIO\Documents\farmacia\farmacia\src\main\java\com\example\farmacia\controller\OrdenController.java. Using fallback presentation compiler.
2026.09.01 12:01:59 INFO  no build target found for C:\Users\USUARIO\Documents\farmacia\farmacia\src\main\java\com\example\farmacia\controller\OrdenController.java. Using fallback presentation compiler.
2026.09.01 12:01:58 INFO  no build target found for C:\Users\USUARIO\Documents\farmacia\farmacia\src\main\java\com\example\farmacia\controller\OrdenController.java. Using fallback presentation compiler.
2026.09.01 12:01:59 WARN  no build target for: C:\Users\USUARIO\Documents\farmacia\farmacia\src\main\java\com\example\farmacia\controller\OrdenController.java
2026.09.01 12:01:59 INFO  no build target found for C:\Users\USUARIO\Documents\farmacia\farmacia\src\main\java\com\example\farmacia\controller\OrdenController.java. Using fallback presentation compiler.
2026.09.01 12:02:00 INFO  no build target found for C:\Users\USUARIO\Documents\farmacia\farmacia\src\main\java\com\example\farmacia\controller\OrdenController.java. Using fallback presentation compiler.
2026.09.01 12:02:00 INFO  no build target found for C:\Users\USUARIO\Documents\farmacia\farmacia\src\main\java\com\example\farmacia\controller\OrdenController.java. Using fallback presentation compiler.
2026.09.01 12:02:04 WARN  no build target for: C:\Users\USUARIO\Documents\farmacia\farmacia\src\main\java\com\example\farmacia\controller\VentaController.java
2026.09.01 12:02:04 INFO  no build target found for C:\Users\USUARIO\Documents\farmacia\farmacia\src\main\java\com\example\farmacia\controller\VentaController.java. Using fallback presentation compiler.
2026.09.01 12:02:05 INFO  no build target found for C:\Users\USUARIO\Documents\farmacia\farmacia\src\main\java\com\example\farmacia\controller\VentaController.java. Using fallback presentation compiler.
2026.09.01 12:02:05 INFO  no build target found for C:\Users\USUARIO\Documents\farmacia\farmacia\src\main\java\com\example\farmacia\controller\VentaController.java. Using fallback presentation compiler.
2026.09.01 12:02:05 INFO  no build target found for C:\Users\USUARIO\Documents\farmacia\farmacia\src\main\java\com\example\farmacia\controller\VentaController.java. Using fallback presentation compiler.
2026.09.01 12:02:06 WARN  no build target for: C:\Users\USUARIO\Documents\farmacia\farmacia\src\main\java\com\example\farmacia\controller\VentaController.java
2026.09.01 12:02:06 INFO  no build target found for C:\Users\USUARIO\Documents\farmacia\farmacia\src\main\java\com\example\farmacia\controller\VentaController.java. Using fallback presentation compiler.
2026.09.01 12:02:07 INFO  no build target found for C:\Users\USUARIO\Documents\farmacia\farmacia\src\main\java\com\example\farmacia\controller\VentaController.java. Using fallback presentation compiler.
2026.09.01 12:02:07 INFO  no build target found for C:\Users\USUARIO\Documents\farmacia\farmacia\src\main\java\com\example\farmacia\controller\VentaController.java. Using fallback presentation compiler.
2026.09.01 12:02:07 INFO  no build target found for C:\Users\USUARIO\Documents\farmacia\farmacia\src\main\java\com\example\farmacia\controller\VentaController.java. Using fallback presentation compiler.
2026.09.01 12:07:42 INFO  no build target found for C:\Users\USUARIO\Documents\farmacia\farmacia\src\main\java\com\example\farmacia\controller\VentaController.java. Using fallback presentation compiler.
2026.09.01 12:07:42 INFO  no build target found for C:\Users\USUARIO\Documents\farmacia\farmacia\src\main\java\com\example\farmacia\controller\VentaController.java. Using fallback presentation compiler.
sept 01, 2026 12:07:42 P. M. org.eclipse.lsp4j.jsonrpc.RemoteEndpoint handleCancellation
ADVERTENCIA: Unmatched cancel notification for request id 461
2026.09.01 12:07:42 INFO  no build target found for C:\Users\USUARIO\Documents\farmacia\farmacia\src\main\java\com\example\farmacia\controller\VentaController.java. Using fallback presentation compiler.
2026.09.01 12:07:42 INFO  no build target found for C:\Users\USUARIO\Documents\farmacia\farmacia\src\main\java\com\example\farmacia\controller\VentaController.java. Using fallback presentation compiler.
sept 01, 2026 12:07:43 P. M. org.eclipse.lsp4j.jsonrpc.RemoteEndpoint handleCancellation
ADVERTENCIA: Unmatched cancel notification for request id 464
2026.09.01 12:07:47 WARN  no build target for: C:\Users\USUARIO\Documents\farmacia\farmacia\src\main\java\com\example\farmacia\controller\InventarioController.java
2026.09.01 12:07:48 INFO  no build target found for C:\Users\USUARIO\Documents\farmacia\farmacia\src\main\java\com\example\farmacia\controller\InventarioController.java. Using fallback presentation compiler.
2026.09.01 12:07:49 INFO  no build target found for C:\Users\USUARIO\Documents\farmacia\farmacia\src\main\java\com\example\farmacia\controller\InventarioController.java. Using fallback presentation compiler.
2026.09.01 12:07:49 INFO  no build target found for C:\Users\USUARIO\Documents\farmacia\farmacia\src\main\java\com\example\farmacia\controller\InventarioController.java. Using fallback presentation compiler.
2026.09.01 12:07:49 INFO  no build target found for C:\Users\USUARIO\Documents\farmacia\farmacia\src\main\java\com\example\farmacia\controller\InventarioController.java. Using fallback presentation compiler.
2026.09.01 12:07:49 INFO  no build target found for C:\Users\USUARIO\Documents\farmacia\farmacia\src\main\java\com\example\farmacia\controller\InventarioController.java. Using fallback presentation compiler.
2026.09.01 12:07:49 WARN  no build target for: C:\Users\USUARIO\Documents\farmacia\farmacia\src\main\java\com\example\farmacia\controller\InventarioController.java
2026.09.01 12:07:50 INFO  no build target found for C:\Users\USUARIO\Documents\farmacia\farmacia\src\main\java\com\example\farmacia\controller\InventarioController.java. Using fallback presentation compiler.
2026.09.01 12:07:50 INFO  no build target found for C:\Users\USUARIO\Documents\farmacia\farmacia\src\main\java\com\example\farmacia\controller\InventarioController.java. Using fallback presentation compiler.
sept 01, 2026 12:07:50 P. M. org.eclipse.lsp4j.jsonrpc.RemoteEndpoint handleCancellation
ADVERTENCIA: Unmatched cancel notification for request id 484
2026.09.01 12:07:50 INFO  no build target found for C:\Users\USUARIO\Documents\farmacia\farmacia\src\main\java\com\example\farmacia\controller\InventarioController.java. Using fallback presentation compiler.
2026.09.01 12:07:50 INFO  no build target found for C:\Users\USUARIO\Documents\farmacia\farmacia\src\main\java\com\example\farmacia\controller\InventarioController.java. Using fallback presentation compiler.
2026.09.01 12:07:50 INFO  no build target found for C:\Users\USUARIO\Documents\farmacia\farmacia\src\main\java\com\example\farmacia\controller\InventarioController.java. Using fallback presentation compiler.
2026.09.01 12:07:50 INFO  no build target found for C:\Users\USUARIO\Documents\farmacia\farmacia\src\main\java\com\example\farmacia\controller\InventarioController.java. Using fallback presentation compiler.
2026.09.01 12:07:53 INFO  no build target found for C:\Users\USUARIO\Documents\farmacia\farmacia\src\main\java\com\example\farmacia\controller\InventarioController.java. Using fallback presentation compiler.
2026.09.01 12:07:53 INFO  no build target found for C:\Users\USUARIO\Documents\farmacia\farmacia\src\main\java\com\example\farmacia\controller\InventarioController.java. Using fallback presentation compiler.
2026.09.01 12:07:53 INFO  no build target found for C:\Users\USUARIO\Documents\farmacia\farmacia\src\main\java\com\example\farmacia\controller\InventarioController.java. Using fallback presentation compiler.
2026.09.01 12:07:54 INFO  no build target found for C:\Users\USUARIO\Documents\farmacia\farmacia\src\main\java\com\example\farmacia\controller\InventarioController.java. Using fallback presentation compiler.
2026.09.01 12:07:54 INFO  no build target found for C:\Users\USUARIO\Documents\farmacia\farmacia\src\main\java\com\example\farmacia\controller\InventarioController.java. Using fallback presentation compiler.
2026.09.01 12:07:54 INFO  no build target found for C:\Users\USUARIO\Documents\farmacia\farmacia\src\main\java\com\example\farmacia\controller\InventarioController.java. Using fallback presentation compiler.
2026.09.01 12:07:54 INFO  no build target found for C:\Users\USUARIO\Documents\farmacia\farmacia\src\main\java\com\example\farmacia\controller\InventarioController.java. Using fallback presentation compiler.
2026.09.01 12:07:54 INFO  no build target found for C:\Users\USUARIO\Documents\farmacia\farmacia\src\main\java\com\example\farmacia\controller\InventarioController.java. Using fallback presentation compiler.
2026.09.01 12:07:54 INFO  no build target found for C:\Users\USUARIO\Documents\farmacia\farmacia\src\main\java\com\example\farmacia\controller\InventarioController.java. Using fallback presentation compiler.
2026.09.01 12:07:59 INFO  no build target found for C:\Users\USUARIO\Documents\farmacia\farmacia\src\main\java\com\example\farmacia\controller\InventarioController.java. Using fallback presentation compiler.
2026.09.01 12:07:59 INFO  no build target found for C:\Users\USUARIO\Documents\farmacia\farmacia\src\main\java\com\example\farmacia\controller\InventarioController.java. Using fallback presentation compiler.
2026.09.01 12:07:59 INFO  no build target found for C:\Users\USUARIO\Documents\farmacia\farmacia\src\main\java\com\example\farmacia\controller\InventarioController.java. Using fallback presentation compiler.
2026.09.01 12:07:59 INFO  no build target found for C:\Users\USUARIO\Documents\farmacia\farmacia\src\main\java\com\example\farmacia\controller\InventarioController.java. Using fallback presentation compiler.
2026.09.01 12:07:59 INFO  no build target found for C:\Users\USUARIO\Documents\farmacia\farmacia\src\main\java\com\example\farmacia\controller\InventarioController.java. Using fallback presentation compiler.
2026.09.01 12:07:59 INFO  no build target found for C:\Users\USUARIO\Documents\farmacia\farmacia\src\main\java\com\example\farmacia\controller\InventarioController.java. Using fallback presentation compiler.
2026.09.01 12:07:59 INFO  no build target found for C:\Users\USUARIO\Documents\farmacia\farmacia\src\main\java\com\example\farmacia\controller\InventarioController.java. Using fallback presentation compiler.
sept 01, 2026 12:07:59 P. M. org.eclipse.lsp4j.jsonrpc.RemoteEndpoint handleCancellation
ADVERTENCIA: Unmatched cancel notification for request id 507
2026.09.01 12:07:59 INFO  no build target found for C:\Users\USUARIO\Documents\farmacia\farmacia\src\main\java\com\example\farmacia\controller\InventarioController.java. Using fallback presentation compiler.
2026.09.01 12:08:00 WARN  no build target for: C:\Users\USUARIO\Documents\farmacia\farmacia\src\main\java\com\example\farmacia\controller\InventarioController.java
2026.09.01 12:08:00 INFO  no build target found for C:\Users\USUARIO\Documents\farmacia\farmacia\src\main\java\com\example\farmacia\controller\InventarioController.java. Using fallback presentation compiler.
2026.09.01 12:08:00 INFO  no build target found for C:\Users\USUARIO\Documents\farmacia\farmacia\src\main\java\com\example\farmacia\controller\InventarioController.java. Using fallback presentation compiler.
2026.09.01 12:08:00 INFO  no build target found for C:\Users\USUARIO\Documents\farmacia\farmacia\src\main\java\com\example\farmacia\controller\InventarioController.java. Using fallback presentation compiler.
2026.09.01 12:08:01 INFO  no build target found for C:\Users\USUARIO\Documents\farmacia\farmacia\src\main\java\com\example\farmacia\controller\InventarioController.java. Using fallback presentation compiler.
2026.09.01 12:08:05 WARN  no build target for: C:\Users\USUARIO\Documents\farmacia\farmacia\src\main\java\com\example\farmacia\controller\UsuarioController.java
2026.09.01 12:08:05 INFO  no build target found for C:\Users\USUARIO\Documents\farmacia\farmacia\src\main\java\com\example\farmacia\controller\UsuarioController.java. Using fallback presentation compiler.
2026.09.01 12:08:07 INFO  no build target found for C:\Users\USUARIO\Documents\farmacia\farmacia\src\main\java\com\example\farmacia\controller\UsuarioController.java. Using fallback presentation compiler.
2026.09.01 12:08:07 INFO  no build target found for C:\Users\USUARIO\Documents\farmacia\farmacia\src\main\java\com\example\farmacia\controller\UsuarioController.java. Using fallback presentation compiler.
2026.09.01 12:08:07 INFO  no build target found for C:\Users\USUARIO\Documents\farmacia\farmacia\src\main\java\com\example\farmacia\controller\UsuarioController.java. Using fallback presentation compiler.
2026.09.01 12:08:07 INFO  no build target found for C:\Users\USUARIO\Documents\farmacia\farmacia\src\main\java\com\example\farmacia\controller\UsuarioController.java. Using fallback presentation compiler.
2026.09.01 12:08:07 WARN  no build target for: C:\Users\USUARIO\Documents\farmacia\farmacia\src\main\java\com\example\farmacia\controller\UsuarioController.java
2026.09.01 12:08:07 INFO  no build target found for C:\Users\USUARIO\Documents\farmacia\farmacia\src\main\java\com\example\farmacia\controller\UsuarioController.java. Using fallback presentation compiler.
2026.09.01 12:08:08 INFO  no build target found for C:\Users\USUARIO\Documents\farmacia\farmacia\src\main\java\com\example\farmacia\controller\UsuarioController.java. Using fallback presentation compiler.
2026.09.01 12:08:09 INFO  no build target found for C:\Users\USUARIO\Documents\farmacia\farmacia\src\main\java\com\example\farmacia\controller\UsuarioController.java. Using fallback presentation compiler.
sept 01, 2026 12:34:40 P. M. org.eclipse.lsp4j.jsonrpc.services.GenericEndpoint notify
INFORMACIÓN: Unsupported notification method: $/setTrace
2026.09.01 12:37:47 INFO  no build target found for C:\Users\USUARIO\Documents\farmacia\farmacia\src\main\java\com\example\farmacia\FarmaciaApplication.java. Using fallback presentation compiler.
sept 01, 2026 12:37:47 P. M. org.eclipse.lsp4j.jsonrpc.RemoteEndpoint handleCancellation
ADVERTENCIA: Unmatched cancel notification for request id 544
2026.09.01 12:37:47 INFO  no build target found for C:\Users\USUARIO\Documents\farmacia\farmacia\src\main\java\com\example\farmacia\FarmaciaApplication.java. Using fallback presentation compiler.
2026.09.01 12:37:47 INFO  no build target found for C:\Users\USUARIO\Documents\farmacia\farmacia\src\main\java\com\example\farmacia\FarmaciaApplication.java. Using fallback presentation compiler.
2026.09.01 12:37:47 INFO  no build target found for C:\Users\USUARIO\Documents\farmacia\farmacia\src\main\java\com\example\farmacia\FarmaciaApplication.java. Using fallback presentation compiler.
2026.09.01 12:37:48 INFO  no build target found for C:\Users\USUARIO\Documents\farmacia\farmacia\src\main\java\com\example\farmacia\FarmaciaApplication.java. Using fallback presentation compiler.
2026.09.01 12:37:57 INFO  no build target found for C:\Users\USUARIO\Documents\farmacia\farmacia\src\main\java\com\example\farmacia\FarmaciaApplication.java. Using fallback presentation compiler.
2026.09.01 12:37:57 INFO  no build target found for C:\Users\USUARIO\Documents\farmacia\farmacia\src\test\java\com\example\farmacia\FarmaciaApplicationTests.java. Using fallback presentation compiler.
sept 01, 2026 12:37:57 P. M. org.eclipse.lsp4j.jsonrpc.RemoteEndpoint handleCancellation
ADVERTENCIA: Unmatched cancel notification for request id 554
2026.09.01 12:37:57 INFO  no build target found for C:\Users\USUARIO\Documents\farmacia\farmacia\src\test\java\com\example\farmacia\FarmaciaApplicationTests.java. Using fallback presentation compiler.
2026.09.01 12:37:57 INFO  no build target found for C:\Users\USUARIO\Documents\farmacia\farmacia\src\test\java\com\example\farmacia\FarmaciaApplicationTests.java. Using fallback presentation compiler.
2026.09.01 12:37:58 INFO  no build target found for C:\Users\USUARIO\Documents\farmacia\farmacia\src\test\java\com\example\farmacia\FarmaciaApplicationTests.java. Using fallback presentation compiler.
2026.09.01 12:37:58 INFO  no build target found for C:\Users\USUARIO\Documents\farmacia\farmacia\src\test\java\com\example\farmacia\FarmaciaApplicationTests.java. Using fallback presentation compiler.
2026.09.01 12:37:58 INFO  no build target found for C:\Users\USUARIO\Documents\farmacia\farmacia\src\test\java\com\example\farmacia\FarmaciaApplicationTests.java. Using fallback presentation compiler.
2026.09.01 12:38:38 INFO  no build target found for C:\Users\USUARIO\Documents\farmacia\farmacia\src\test\java\com\example\farmacia\FarmaciaApplicationTests.java. Using fallback presentation compiler.
sept 01, 2026 12:38:41 P. M. org.eclipse.lsp4j.jsonrpc.RemoteEndpoint handleNotification
ADVERTENCIA: Notification threw an exception: {
  "jsonrpc": "2.0",
  "method": "metals/didFocusTextDocument",
  "params": [
    "class:/c%3A/Users/USUARIO/Documents/farmacia/farmacia/target/classes/com/example/farmacia/FarmaciaApplication.class"
  ]
}
java.nio.file.FileSystemNotFoundException: Provider "class" not installed
	at java.base/java.nio.file.Path.of(Path.java:210)
	at java.base/java.nio.file.Paths.get(Paths.java:95)
	at scala.meta.internal.mtags.MtagsEnrichments$XtensionURIMtags.toAbsolutePath(MtagsEnrichments.scala:149)
	at scala.meta.internal.mtags.MtagsEnrichments$XtensionStringMtags.toAbsolutePath(MtagsEnrichments.scala:221)
	at scala.meta.internal.metals.MetalsEnrichments$XtensionString.toAbsolutePath(MetalsEnrichments.scala:787)
	at scala.meta.internal.metals.MetalsEnrichments$XtensionString.toAbsolutePath(MetalsEnrichments.scala:784)
	at scala.meta.internal.metals.WorkspaceLspService.didFocus(WorkspaceLspService.scala:808)
	at scala.meta.metals.lsp.DelegatingScalaService.didFocus(DelegatingScalaService.scala:42)
	at java.base/jdk.internal.reflect.DirectMethodHandleAccessor.invoke(DirectMethodHandleAccessor.java:104)
	at java.base/java.lang.reflect.Method.invoke(Method.java:565)
	at org.eclipse.lsp4j.jsonrpc.services.GenericEndpoint.lambda$recursiveFindRpcMethods$0(GenericEndpoint.java:65)
	at org.eclipse.lsp4j.jsonrpc.services.GenericEndpoint.notify(GenericEndpoint.java:160)
	at org.eclipse.lsp4j.jsonrpc.RemoteEndpoint.handleNotification(RemoteEndpoint.java:225)
	at org.eclipse.lsp4j.jsonrpc.RemoteEndpoint.consume(RemoteEndpoint.java:192)
	at org.eclipse.lsp4j.jsonrpc.json.StreamMessageProducer.handleMessage(StreamMessageProducer.java:189)
	at org.eclipse.lsp4j.jsonrpc.json.StreamMessageProducer.listen(StreamMessageProducer.java:97)
	at org.eclipse.lsp4j.jsonrpc.json.ConcurrentMessageProcessor.run(ConcurrentMessageProcessor.java:97)
	at java.base/java.util.concurrent.Executors$RunnableAdapter.call(Executors.java:545)
	at java.base/java.util.concurrent.FutureTask.run(FutureTask.java:328)
	at java.base/java.util.concurrent.ThreadPoolExecutor.runWorker(ThreadPoolExecutor.java:1090)
	at java.base/java.util.concurrent.ThreadPoolExecutor$Worker.run(ThreadPoolExecutor.java:614)
	at java.base/java.lang.Thread.run(Thread.java:1474)

sept 01, 2026 12:38:46 P. M. org.eclipse.lsp4j.jsonrpc.RemoteEndpoint handleNotification
ADVERTENCIA: Notification threw an exception: {
  "jsonrpc": "2.0",
  "method": "metals/didFocusTextDocument",
  "params": [
    "class:/c%3A/Users/USUARIO/Documents/farmacia/farmacia/target/classes/com/example/farmacia/FarmaciaApplication.class"
  ]
}
java.nio.file.FileSystemNotFoundException: Provider "class" not installed
	at java.base/java.nio.file.Path.of(Path.java:210)
	at java.base/java.nio.file.Paths.get(Paths.java:95)
	at scala.meta.internal.mtags.MtagsEnrichments$XtensionURIMtags.toAbsolutePath(MtagsEnrichments.scala:149)
	at scala.meta.internal.mtags.MtagsEnrichments$XtensionStringMtags.toAbsolutePath(MtagsEnrichments.scala:221)
	at scala.meta.internal.metals.MetalsEnrichments$XtensionString.toAbsolutePath(MetalsEnrichments.scala:787)
	at scala.meta.internal.metals.MetalsEnrichments$XtensionString.toAbsolutePath(MetalsEnrichments.scala:784)
	at scala.meta.internal.metals.WorkspaceLspService.didFocus(WorkspaceLspService.scala:808)
	at scala.meta.metals.lsp.DelegatingScalaService.didFocus(DelegatingScalaService.scala:42)
	at java.base/jdk.internal.reflect.DirectMethodHandleAccessor.invoke(DirectMethodHandleAccessor.java:104)
	at java.base/java.lang.reflect.Method.invoke(Method.java:565)
	at org.eclipse.lsp4j.jsonrpc.services.GenericEndpoint.lambda$recursiveFindRpcMethods$0(GenericEndpoint.java:65)
	at org.eclipse.lsp4j.jsonrpc.services.GenericEndpoint.notify(GenericEndpoint.java:160)
	at org.eclipse.lsp4j.jsonrpc.RemoteEndpoint.handleNotification(RemoteEndpoint.java:225)
	at org.eclipse.lsp4j.jsonrpc.RemoteEndpoint.consume(RemoteEndpoint.java:192)
	at org.eclipse.lsp4j.jsonrpc.json.StreamMessageProducer.handleMessage(StreamMessageProducer.java:189)
	at org.eclipse.lsp4j.jsonrpc.json.StreamMessageProducer.listen(StreamMessageProducer.java:97)
	at org.eclipse.lsp4j.jsonrpc.json.ConcurrentMessageProcessor.run(ConcurrentMessageProcessor.java:97)
	at java.base/java.util.concurrent.Executors$RunnableAdapter.call(Executors.java:545)
	at java.base/java.util.concurrent.FutureTask.run(FutureTask.java:328)
	at java.base/java.util.concurrent.ThreadPoolExecutor.runWorker(ThreadPoolExecutor.java:1090)
	at java.base/java.util.concurrent.ThreadPoolExecutor$Worker.run(ThreadPoolExecutor.java:614)
	at java.base/java.lang.Thread.run(Thread.java:1474)

sept 01, 2026 12:38:47 P. M. org.eclipse.lsp4j.jsonrpc.RemoteEndpoint handleNotification
ADVERTENCIA: Notification threw an exception: {
  "jsonrpc": "2.0",
  "method": "metals/didFocusTextDocument",
  "params": [
    "class:/c%3A/Users/USUARIO/Documents/farmacia/farmacia/target/classes/com/example/farmacia/controller/DashboardController.class"
  ]
}
java.nio.file.FileSystemNotFoundException: Provider "class" not installed
	at java.base/java.nio.file.Path.of(Path.java:210)
	at java.base/java.nio.file.Paths.get(Paths.java:95)
	at scala.meta.internal.mtags.MtagsEnrichments$XtensionURIMtags.toAbsolutePath(MtagsEnrichments.scala:149)
	at scala.meta.internal.mtags.MtagsEnrichments$XtensionStringMtags.toAbsolutePath(MtagsEnrichments.scala:221)
	at scala.meta.internal.metals.MetalsEnrichments$XtensionString.toAbsolutePath(MetalsEnrichments.scala:787)
	at scala.meta.internal.metals.MetalsEnrichments$XtensionString.toAbsolutePath(MetalsEnrichments.scala:784)
	at scala.meta.internal.metals.WorkspaceLspService.didFocus(WorkspaceLspService.scala:808)
	at scala.meta.metals.lsp.DelegatingScalaService.didFocus(DelegatingScalaService.scala:42)
	at java.base/jdk.internal.reflect.DirectMethodHandleAccessor.invoke(DirectMethodHandleAccessor.java:104)
	at java.base/java.lang.reflect.Method.invoke(Method.java:565)
	at org.eclipse.lsp4j.jsonrpc.services.GenericEndpoint.lambda$recursiveFindRpcMethods$0(GenericEndpoint.java:65)
	at org.eclipse.lsp4j.jsonrpc.services.GenericEndpoint.notify(GenericEndpoint.java:160)
	at org.eclipse.lsp4j.jsonrpc.RemoteEndpoint.handleNotification(RemoteEndpoint.java:225)
	at org.eclipse.lsp4j.jsonrpc.RemoteEndpoint.consume(RemoteEndpoint.java:192)
	at org.eclipse.lsp4j.jsonrpc.json.StreamMessageProducer.handleMessage(StreamMessageProducer.java:189)
	at org.eclipse.lsp4j.jsonrpc.json.StreamMessageProducer.listen(StreamMessageProducer.java:97)
	at org.eclipse.lsp4j.jsonrpc.json.ConcurrentMessageProcessor.run(ConcurrentMessageProcessor.java:97)
	at java.base/java.util.concurrent.Executors$RunnableAdapter.call(Executors.java:545)
	at java.base/java.util.concurrent.FutureTask.run(FutureTask.java:328)
	at java.base/java.util.concurrent.ThreadPoolExecutor.runWorker(ThreadPoolExecutor.java:1090)
	at java.base/java.util.concurrent.ThreadPoolExecutor$Worker.run(ThreadPoolExecutor.java:614)
	at java.base/java.lang.Thread.run(Thread.java:1474)

sept 01, 2026 12:38:52 P. M. org.eclipse.lsp4j.jsonrpc.RemoteEndpoint handleNotification
ADVERTENCIA: Notification threw an exception: {
  "jsonrpc": "2.0",
  "method": "metals/didFocusTextDocument",
  "params": [
    "class:/c%3A/Users/USUARIO/Documents/farmacia/farmacia/target/classes/com/example/farmacia/controller/DashboardController.class"
  ]
}
java.nio.file.FileSystemNotFoundException: Provider "class" not installed
	at java.base/java.nio.file.Path.of(Path.java:210)
	at java.base/java.nio.file.Paths.get(Paths.java:95)
	at scala.meta.internal.mtags.MtagsEnrichments$XtensionURIMtags.toAbsolutePath(MtagsEnrichments.scala:149)
	at scala.meta.internal.mtags.MtagsEnrichments$XtensionStringMtags.toAbsolutePath(MtagsEnrichments.scala:221)
	at scala.meta.internal.metals.MetalsEnrichments$XtensionString.toAbsolutePath(MetalsEnrichments.scala:787)
	at scala.meta.internal.metals.MetalsEnrichments$XtensionString.toAbsolutePath(MetalsEnrichments.scala:784)
	at scala.meta.internal.metals.WorkspaceLspService.didFocus(WorkspaceLspService.scala:808)
	at scala.meta.metals.lsp.DelegatingScalaService.didFocus(DelegatingScalaService.scala:42)
	at java.base/jdk.internal.reflect.DirectMethodHandleAccessor.invoke(DirectMethodHandleAccessor.java:104)
	at java.base/java.lang.reflect.Method.invoke(Method.java:565)
	at org.eclipse.lsp4j.jsonrpc.services.GenericEndpoint.lambda$recursiveFindRpcMethods$0(GenericEndpoint.java:65)
	at org.eclipse.lsp4j.jsonrpc.services.GenericEndpoint.notify(GenericEndpoint.java:160)
	at org.eclipse.lsp4j.jsonrpc.RemoteEndpoint.handleNotification(RemoteEndpoint.java:225)
	at org.eclipse.lsp4j.jsonrpc.RemoteEndpoint.consume(RemoteEndpoint.java:192)
	at org.eclipse.lsp4j.jsonrpc.json.StreamMessageProducer.handleMessage(StreamMessageProducer.java:189)
	at org.eclipse.lsp4j.jsonrpc.json.StreamMessageProducer.listen(StreamMessageProducer.java:97)
	at org.eclipse.lsp4j.jsonrpc.json.ConcurrentMessageProcessor.run(ConcurrentMessageProcessor.java:97)
	at java.base/java.util.concurrent.Executors$RunnableAdapter.call(Executors.java:545)
	at java.base/java.util.concurrent.FutureTask.run(FutureTask.java:328)
	at java.base/java.util.concurrent.ThreadPoolExecutor.runWorker(ThreadPoolExecutor.java:1090)
	at java.base/java.util.concurrent.ThreadPoolExecutor$Worker.run(ThreadPoolExecutor.java:614)
	at java.base/java.lang.Thread.run(Thread.java:1474)

sept 01, 2026 12:38:52 P. M. org.eclipse.lsp4j.jsonrpc.RemoteEndpoint handleNotification
ADVERTENCIA: Notification threw an exception: {
  "jsonrpc": "2.0",
  "method": "metals/didFocusTextDocument",
  "params": [
    "class:/c%3A/Users/USUARIO/Documents/farmacia/farmacia/target/classes/com/example/farmacia/controller/VentaController.class"
  ]
}
java.nio.file.FileSystemNotFoundException: Provider "class" not installed
	at java.base/java.nio.file.Path.of(Path.java:210)
	at java.base/java.nio.file.Paths.get(Paths.java:95)
	at scala.meta.internal.mtags.MtagsEnrichments$XtensionURIMtags.toAbsolutePath(MtagsEnrichments.scala:149)
	at scala.meta.internal.mtags.MtagsEnrichments$XtensionStringMtags.toAbsolutePath(MtagsEnrichments.scala:221)
	at scala.meta.internal.metals.MetalsEnrichments$XtensionString.toAbsolutePath(MetalsEnrichments.scala:787)
	at scala.meta.internal.metals.MetalsEnrichments$XtensionString.toAbsolutePath(MetalsEnrichments.scala:784)
	at scala.meta.internal.metals.WorkspaceLspService.didFocus(WorkspaceLspService.scala:808)
	at scala.meta.metals.lsp.DelegatingScalaService.didFocus(DelegatingScalaService.scala:42)
	at java.base/jdk.internal.reflect.DirectMethodHandleAccessor.invoke(DirectMethodHandleAccessor.java:104)
	at java.base/java.lang.reflect.Method.invoke(Method.java:565)
	at org.eclipse.lsp4j.jsonrpc.services.GenericEndpoint.lambda$recursiveFindRpcMethods$0(GenericEndpoint.java:65)
	at org.eclipse.lsp4j.jsonrpc.services.GenericEndpoint.notify(GenericEndpoint.java:160)
	at org.eclipse.lsp4j.jsonrpc.RemoteEndpoint.handleNotification(RemoteEndpoint.java:225)
	at org.eclipse.lsp4j.jsonrpc.RemoteEndpoint.consume(RemoteEndpoint.java:192)
	at org.eclipse.lsp4j.jsonrpc.json.StreamMessageProducer.handleMessage(StreamMessageProducer.java:189)
	at org.eclipse.lsp4j.jsonrpc.json.StreamMessageProducer.listen(StreamMessageProducer.java:97)
	at org.eclipse.lsp4j.jsonrpc.json.ConcurrentMessageProcessor.run(ConcurrentMessageProcessor.java:97)
	at java.base/java.util.concurrent.Executors$RunnableAdapter.call(Executors.java:545)
	at java.base/java.util.concurrent.FutureTask.run(FutureTask.java:328)
	at java.base/java.util.concurrent.ThreadPoolExecutor.runWorker(ThreadPoolExecutor.java:1090)
	at java.base/java.util.concurrent.ThreadPoolExecutor$Worker.run(ThreadPoolExecutor.java:614)
	at java.base/java.lang.Thread.run(Thread.java:1474)

sept 01, 2026 12:38:53 P. M. org.eclipse.lsp4j.jsonrpc.RemoteEndpoint handleNotification
ADVERTENCIA: Notification threw an exception: {
  "jsonrpc": "2.0",
  "method": "metals/didFocusTextDocument",
  "params": [
    "class:/c%3A/Users/USUARIO/Documents/farmacia/farmacia/target/classes/com/example/farmacia/controller/VentaController.class"
  ]
}
java.nio.file.FileSystemNotFoundException: Provider "class" not installed
	at java.base/java.nio.file.Path.of(Path.java:210)
	at java.base/java.nio.file.Paths.get(Paths.java:95)
	at scala.meta.internal.mtags.MtagsEnrichments$XtensionURIMtags.toAbsolutePath(MtagsEnrichments.scala:149)
	at scala.meta.internal.mtags.MtagsEnrichments$XtensionStringMtags.toAbsolutePath(MtagsEnrichments.scala:221)
	at scala.meta.internal.metals.MetalsEnrichments$XtensionString.toAbsolutePath(MetalsEnrichments.scala:787)
	at scala.meta.internal.metals.MetalsEnrichments$XtensionString.toAbsolutePath(MetalsEnrichments.scala:784)
	at scala.meta.internal.metals.WorkspaceLspService.didFocus(WorkspaceLspService.scala:808)
	at scala.meta.metals.lsp.DelegatingScalaService.didFocus(DelegatingScalaService.scala:42)
	at java.base/jdk.internal.reflect.DirectMethodHandleAccessor.invoke(DirectMethodHandleAccessor.java:104)
	at java.base/java.lang.reflect.Method.invoke(Method.java:565)
	at org.eclipse.lsp4j.jsonrpc.services.GenericEndpoint.lambda$recursiveFindRpcMethods$0(GenericEndpoint.java:65)
	at org.eclipse.lsp4j.jsonrpc.services.GenericEndpoint.notify(GenericEndpoint.java:160)
	at org.eclipse.lsp4j.jsonrpc.RemoteEndpoint.handleNotification(RemoteEndpoint.java:225)
	at org.eclipse.lsp4j.jsonrpc.RemoteEndpoint.consume(RemoteEndpoint.java:192)
	at org.eclipse.lsp4j.jsonrpc.json.StreamMessageProducer.handleMessage(StreamMessageProducer.java:189)
	at org.eclipse.lsp4j.jsonrpc.json.StreamMessageProducer.listen(StreamMessageProducer.java:97)
	at org.eclipse.lsp4j.jsonrpc.json.ConcurrentMessageProcessor.run(ConcurrentMessageProcessor.java:97)
	at java.base/java.util.concurrent.Executors$RunnableAdapter.call(Executors.java:545)
	at java.base/java.util.concurrent.FutureTask.run(FutureTask.java:328)
	at java.base/java.util.concurrent.ThreadPoolExecutor.runWorker(ThreadPoolExecutor.java:1090)
	at java.base/java.util.concurrent.ThreadPoolExecutor$Worker.run(ThreadPoolExecutor.java:614)
	at java.base/java.lang.Thread.run(Thread.java:1474)

sept 01, 2026 12:38:53 P. M. org.eclipse.lsp4j.jsonrpc.RemoteEndpoint handleNotification
ADVERTENCIA: Notification threw an exception: {
  "jsonrpc": "2.0",
  "method": "metals/didFocusTextDocument",
  "params": [
    "class:/c%3A/Users/USUARIO/Documents/farmacia/farmacia/target/classes/com/example/farmacia/FarmaciaApplication.class"
  ]
}
java.nio.file.FileSystemNotFoundException: Provider "class" not installed
	at java.base/java.nio.file.Path.of(Path.java:210)
	at java.base/java.nio.file.Paths.get(Paths.java:95)
	at scala.meta.internal.mtags.MtagsEnrichments$XtensionURIMtags.toAbsolutePath(MtagsEnrichments.scala:149)
	at scala.meta.internal.mtags.MtagsEnrichments$XtensionStringMtags.toAbsolutePath(MtagsEnrichments.scala:221)
	at scala.meta.internal.metals.MetalsEnrichments$XtensionString.toAbsolutePath(MetalsEnrichments.scala:787)
	at scala.meta.internal.metals.MetalsEnrichments$XtensionString.toAbsolutePath(MetalsEnrichments.scala:784)
	at scala.meta.internal.metals.WorkspaceLspService.didFocus(WorkspaceLspService.scala:808)
	at scala.meta.metals.lsp.DelegatingScalaService.didFocus(DelegatingScalaService.scala:42)
	at java.base/jdk.internal.reflect.DirectMethodHandleAccessor.invoke(DirectMethodHandleAccessor.java:104)
	at java.base/java.lang.reflect.Method.invoke(Method.java:565)
	at org.eclipse.lsp4j.jsonrpc.services.GenericEndpoint.lambda$recursiveFindRpcMethods$0(GenericEndpoint.java:65)
	at org.eclipse.lsp4j.jsonrpc.services.GenericEndpoint.notify(GenericEndpoint.java:160)
	at org.eclipse.lsp4j.jsonrpc.RemoteEndpoint.handleNotification(RemoteEndpoint.java:225)
	at org.eclipse.lsp4j.jsonrpc.RemoteEndpoint.consume(RemoteEndpoint.java:192)
	at org.eclipse.lsp4j.jsonrpc.json.StreamMessageProducer.handleMessage(StreamMessageProducer.java:189)
	at org.eclipse.lsp4j.jsonrpc.json.StreamMessageProducer.listen(StreamMessageProducer.java:97)
	at org.eclipse.lsp4j.jsonrpc.json.ConcurrentMessageProcessor.run(ConcurrentMessageProcessor.java:97)
	at java.base/java.util.concurrent.Executors$RunnableAdapter.call(Executors.java:545)
	at java.base/java.util.concurrent.FutureTask.run(FutureTask.java:328)
	at java.base/java.util.concurrent.ThreadPoolExecutor.runWorker(ThreadPoolExecutor.java:1090)
	at java.base/java.util.concurrent.ThreadPoolExecutor$Worker.run(ThreadPoolExecutor.java:614)
	at java.base/java.lang.Thread.run(Thread.java:1474)

2026.09.01 12:39:15 INFO  no build target found for C:\Users\USUARIO\Documents\farmacia\farmacia\src\main\java\com\example\farmacia\controller\UsuarioController.java. Using fallback presentation compiler.
2026.09.01 12:39:15 WARN  no build target for: C:\Users\USUARIO\Documents\farmacia\farmacia\src\main\java\com\example\farmacia\controller\UsuarioController.java
2026.09.01 12:39:15 INFO  no build target found for C:\Users\USUARIO\Documents\farmacia\farmacia\src\main\java\com\example\farmacia\controller\UsuarioController.java. Using fallback presentation compiler.
2026.09.01 12:39:16 INFO  no build target found for C:\Users\USUARIO\Documents\farmacia\farmacia\src\main\java\com\example\farmacia\controller\UsuarioController.java. Using fallback presentation compiler.
2026.09.01 12:39:15 INFO  no build target found for C:\Users\USUARIO\Documents\farmacia\farmacia\src\main\java\com\example\farmacia\controller\UsuarioController.java. Using fallback presentation compiler.
2026.09.01 12:39:19 INFO  no build target found for C:\Users\USUARIO\Documents\farmacia\farmacia\src\main\java\com\example\farmacia\controller\UsuarioController.java. Using fallback presentation compiler.
2026.09.01 12:39:19 INFO  no build target found for C:\Users\USUARIO\Documents\farmacia\farmacia\src\main\java\com\example\farmacia\controller\UsuarioController.java. Using fallback presentation compiler.
2026.09.01 12:39:19 INFO  no build target found for C:\Users\USUARIO\Documents\farmacia\farmacia\src\main\java\com\example\farmacia\controller\UsuarioController.java. Using fallback presentation compiler.
sept 01, 2026 12:39:19 P. M. org.eclipse.lsp4j.jsonrpc.RemoteEndpoint handleCancellation
ADVERTENCIA: Unmatched cancel notification for request id 577
2026.09.01 12:39:19 INFO  no build target found for C:\Users\USUARIO\Documents\farmacia\farmacia\src\main\java\com\example\farmacia\controller\UsuarioController.java. Using fallback presentation compiler.
2026.09.01 12:39:19 INFO  no build target found for C:\Users\USUARIO\Documents\farmacia\farmacia\src\main\java\com\example\farmacia\controller\UsuarioController.java. Using fallback presentation compiler.
2026.09.01 12:39:20 INFO  no build target found for C:\Users\USUARIO\Documents\farmacia\farmacia\src\main\java\com\example\farmacia\controller\UsuarioController.java. Using fallback presentation compiler.
2026.09.01 12:39:19 INFO  no build target found for C:\Users\USUARIO\Documents\farmacia\farmacia\src\main\java\com\example\farmacia\controller\UsuarioController.java. Using fallback presentation compiler.
2026.09.01 12:39:20 INFO  Created report: Optional[file:///C:/Users/USUARIO/Documents/farmacia/farmacia/src/main/java/com/example/farmacia/controller/UsuarioController.java]
2026.09.01 12:39:20 INFO  empty definition using pc, found symbol in pc: _empty_/RedirectAttributes# (full report at: "C:\Users\USUARIO\Documents\farmacia\farmacia\.metals\.reports\metals-full\2026-09-01\r_empty-definition_12-39-20-371.md")
2026.09.01 12:39:20 INFO  no build target found for C:\Users\USUARIO\Documents\farmacia\farmacia\src\main\java\com\example\farmacia\controller\UsuarioController.java. Using fallback presentation compiler.
2026.09.01 12:39:20 INFO  no build target found for C:\Users\USUARIO\Documents\farmacia\farmacia\src\main\java\com\example\farmacia\controller\UsuarioController.java. Using fallback presentation compiler.
2026.09.01 12:39:20 INFO  no build target found for C:\Users\USUARIO\Documents\farmacia\farmacia\src\main\java\com\example\farmacia\controller\UsuarioController.java. Using fallback presentation compiler.
2026.09.01 12:39:20 INFO  no build target found for C:\Users\USUARIO\Documents\farmacia\farmacia\src\main\java\com\example\farmacia\controller\UsuarioController.java. Using fallback presentation compiler.
2026.09.01 12:39:20 INFO  no build target found for C:\Users\USUARIO\Documents\farmacia\farmacia\src\main\java\com\example\farmacia\controller\UsuarioController.java. Using fallback presentation compiler.
2026.09.01 12:39:29 INFO  no build target found for C:\Users\USUARIO\Documents\farmacia\farmacia\src\main\java\com\example\farmacia\controller\ClienteController.java. Using fallback presentation compiler.
2026.09.01 12:39:33 INFO  no build target found for C:\Users\USUARIO\Documents\farmacia\farmacia\src\main\java\com\example\farmacia\controller\ClienteController.java. Using fallback presentation compiler.
2026.09.01 12:39:38 INFO  no build target found for C:\Users\USUARIO\Documents\farmacia\farmacia\src\main\java\com\example\farmacia\controller\RecetaController.java. Using fallback presentation compiler.
2026.09.01 12:39:38 INFO  no build target found for C:\Users\USUARIO\Documents\farmacia\farmacia\src\main\java\com\example\farmacia\controller\RecetaController.java. Using fallback presentation compiler.
2026.09.01 12:39:43 INFO  no build target found for C:\Users\USUARIO\Documents\farmacia\farmacia\src\main\java\com\example\farmacia\controller\ClienteController.java. Using fallback presentation compiler.
2026.09.01 12:39:48 INFO  no build target found for C:\Users\USUARIO\Documents\farmacia\farmacia\src\main\java\com\example\farmacia\controller\ClienteController.java. Using fallback presentation compiler.
2026.09.01 12:40:00 INFO  no build target found for C:\Users\USUARIO\Documents\farmacia\farmacia\src\main\java\com\example\farmacia\controller\ClienteController.java. Using fallback presentation compiler.
2026.09.01 12:40:02 INFO  no build target found for C:\Users\USUARIO\Documents\farmacia\farmacia\src\main\java\com\example\farmacia\controller\FormulaController.java. Using fallback presentation compiler.
2026.09.01 12:40:02 INFO  no build target found for C:\Users\USUARIO\Documents\farmacia\farmacia\src\main\java\com\example\farmacia\controller\FormulaController.java. Using fallback presentation compiler.
2026.09.01 12:40:05 INFO  no build target found for C:\Users\USUARIO\Documents\farmacia\farmacia\src\main\java\com\example\farmacia\controller\FormulaController.java. Using fallback presentation compiler.
2026.09.01 12:40:05 INFO  no build target found for C:\Users\USUARIO\Documents\farmacia\farmacia\src\main\java\com\example\farmacia\controller\FormulaController.java. Using fallback presentation compiler.
2026.09.01 12:40:07 INFO  no build target found for C:\Users\USUARIO\Documents\farmacia\farmacia\src\main\java\com\example\farmacia\controller\OrdenController.java. Using fallback presentation compiler.
2026.09.01 12:40:09 INFO  no build target found for C:\Users\USUARIO\Documents\farmacia\farmacia\src\main\java\com\example\farmacia\controller\OrdenController.java. Using fallback presentation compiler.
2026.09.01 12:40:09 INFO  no build target found for C:\Users\USUARIO\Documents\farmacia\farmacia\src\main\java\com\example\farmacia\controller\OrdenController.java. Using fallback presentation compiler.
2026.09.01 12:40:11 INFO  no build target found for C:\Users\USUARIO\Documents\farmacia\farmacia\src\main\java\com\example\farmacia\controller\RecetaController.java. Using fallback presentation compiler.
2026.09.01 12:40:12 INFO  no build target found for C:\Users\USUARIO\Documents\farmacia\farmacia\src\main\java\com\example\farmacia\controller\RecetaController.java. Using fallback presentation compiler.
2026.09.01 12:40:14 INFO  no build target found for C:\Users\USUARIO\Documents\farmacia\farmacia\src\main\java\com\example\farmacia\controller\UsuarioController.java. Using fallback presentation compiler.
2026.09.01 12:40:15 INFO  no build target found for C:\Users\USUARIO\Documents\farmacia\farmacia\src\main\java\com\example\farmacia\controller\UsuarioController.java. Using fallback presentation compiler.
2026.09.01 12:40:15 INFO  no build target found for C:\Users\USUARIO\Documents\farmacia\farmacia\src\main\java\com\example\farmacia\controller\UsuarioController.java. Using fallback presentation compiler.
2026.09.01 12:40:17 INFO  no build target found for C:\Users\USUARIO\Documents\farmacia\farmacia\src\main\java\com\example\farmacia\controller\VentaController.java. Using fallback presentation compiler.
2026.09.01 12:40:17 INFO  no build target found for C:\Users\USUARIO\Documents\farmacia\farmacia\src\main\java\com\example\farmacia\config\SecurityConfig.java. Using fallback presentation compiler.
2026.09.01 12:40:18 INFO  no build target found for C:\Users\USUARIO\Documents\farmacia\farmacia\src\main\java\com\example\farmacia\controller\AuthController.java. Using fallback presentation compiler.
2026.09.01 12:40:18 INFO  no build target found for C:\Users\USUARIO\Documents\farmacia\farmacia\src\main\java\com\example\farmacia\controller\DashboardController.java. Using fallback presentation compiler.
2026.09.01 12:57:56 INFO  no build target found for C:\Users\USUARIO\Documents\farmacia\farmacia\src\main\java\com\example\farmacia\config\SecurityConfig.java. Using fallback presentation compiler.
2026.09.01 12:57:56 WARN  no build target for: C:\Users\USUARIO\Documents\farmacia\farmacia\src\main\java\com\example\farmacia\config\SecurityConfig.java
2026.09.01 12:57:56 INFO  no build target found for C:\Users\USUARIO\Documents\farmacia\farmacia\src\main\java\com\example\farmacia\config\SecurityConfig.java. Using fallback presentation compiler.
2026.09.01 12:57:57 INFO  no build target found for C:\Users\USUARIO\Documents\farmacia\farmacia\src\main\java\com\example\farmacia\config\SecurityConfig.java. Using fallback presentation compiler.
2026.09.01 12:57:56 INFO  no build target found for C:\Users\USUARIO\Documents\farmacia\farmacia\src\main\java\com\example\farmacia\config\SecurityConfig.java. Using fallback presentation compiler.
2026.09.01 12:57:58 INFO  no build target found for C:\Users\USUARIO\Documents\farmacia\farmacia\src\main\java\com\example\farmacia\config\SecurityConfig.java. Using fallback presentation compiler.
2026.09.01 12:57:58 INFO  no build target found for C:\Users\USUARIO\Documents\farmacia\farmacia\src\main\java\com\example\farmacia\config\SecurityConfig.java. Using fallback presentation compiler.
2026.09.01 12:57:58 INFO  no build target found for C:\Users\USUARIO\Documents\farmacia\farmacia\src\main\java\com\example\farmacia\config\SecurityConfig.java. Using fallback presentation compiler.
2026.09.01 12:57:58 INFO  no build target found for C:\Users\USUARIO\Documents\farmacia\farmacia\src\main\java\com\example\farmacia\config\SecurityConfig.java. Using fallback presentation compiler.
2026.09.01 12:57:58 INFO  no build target found for C:\Users\USUARIO\Documents\farmacia\farmacia\src\main\java\com\example\farmacia\config\SecurityConfig.java. Using fallback presentation compiler.
2026.09.01 12:57:59 INFO  no build target found for C:\Users\USUARIO\Documents\farmacia\farmacia\src\main\java\com\example\farmacia\config\SecurityConfig.java. Using fallback presentation compiler.
2026.09.01 12:57:59 INFO  no build target found for C:\Users\USUARIO\Documents\farmacia\farmacia\src\main\java\com\example\farmacia\config\SecurityConfig.java. Using fallback presentation compiler.
sept 01, 2026 12:57:59 P. M. org.eclipse.lsp4j.jsonrpc.RemoteEndpoint handleCancellation
ADVERTENCIA: Unmatched cancel notification for request id 642
2026.09.01 12:57:59 INFO  no build target found for C:\Users\USUARIO\Documents\farmacia\farmacia\src\main\java\com\example\farmacia\config\SecurityConfig.java. Using fallback presentation compiler.
2026.09.01 12:57:59 INFO  Created report: Optional[file:///C:/Users/USUARIO/Documents/farmacia/farmacia/src/main/java/com/example/farmacia/config/SecurityConfig.java]
2026.09.01 12:57:59 INFO  empty definition using pc, found symbol in pc: _empty_/`<any>`#ignoringRequestMatchers# (full report at: "C:\Users\USUARIO\Documents\farmacia\farmacia\.metals\.reports\metals-full\2026-09-01\r_empty-definition_12-57-59-654.md")
2026.09.01 12:58:00 WARN  no build target for: C:\Users\USUARIO\Documents\farmacia\farmacia\src\main\java\com\example\farmacia\config\SecurityConfig.java
2026.09.01 12:58:00 INFO  no build target found for C:\Users\USUARIO\Documents\farmacia\farmacia\src\main\java\com\example\farmacia\config\SecurityConfig.java. Using fallback presentation compiler.
2026.09.01 12:57:59 INFO  no build target found for C:\Users\USUARIO\Documents\farmacia\farmacia\src\main\java\com\example\farmacia\config\SecurityConfig.java. Using fallback presentation compiler.
2026.09.01 12:58:01 INFO  no build target found for C:\Users\USUARIO\Documents\farmacia\farmacia\src\main\java\com\example\farmacia\config\SecurityConfig.java. Using fallback presentation compiler.
2026.09.01 12:58:04 INFO  no build target found for C:\Users\USUARIO\Documents\farmacia\farmacia\src\main\java\com\example\farmacia\config\SecurityConfig.java. Using fallback presentation compiler.
2026.09.01 12:58:05 INFO  no build target found for C:\Users\USUARIO\Documents\farmacia\farmacia\src\main\java\com\example\farmacia\config\SecurityConfig.java. Using fallback presentation compiler.
2026.09.01 12:58:21 INFO  no build target found for C:\Users\USUARIO\Documents\farmacia\farmacia\src\main\java\com\example\farmacia\controller\ClienteController.java. Using fallback presentation compiler.
2026.09.01 12:58:21 WARN  no build target for: C:\Users\USUARIO\Documents\farmacia\farmacia\src\main\java\com\example\farmacia\controller\ClienteController.java
sept 01, 2026 12:58:21 P. M. org.eclipse.lsp4j.jsonrpc.RemoteEndpoint handleCancellation
ADVERTENCIA: Unmatched cancel notification for request id 658
2026.09.01 12:58:21 INFO  no build target found for C:\Users\USUARIO\Documents\farmacia\farmacia\src\main\java\com\example\farmacia\controller\ClienteController.java. Using fallback presentation compiler.
2026.09.01 12:58:22 INFO  no build target found for C:\Users\USUARIO\Documents\farmacia\farmacia\src\main\java\com\example\farmacia\controller\ClienteController.java. Using fallback presentation compiler.
2026.09.01 12:58:21 INFO  no build target found for C:\Users\USUARIO\Documents\farmacia\farmacia\src\main\java\com\example\farmacia\controller\ClienteController.java. Using fallback presentation compiler.
2026.09.01 13:14:48 INFO  no build target found for C:\Users\USUARIO\Documents\farmacia\farmacia\src\main\java\com\example\farmacia\FarmaciaApplication.java. Using fallback presentation compiler.
2026.09.01 13:14:48 INFO  no build target found for C:\Users\USUARIO\Documents\farmacia\farmacia\src\main\java\com\example\farmacia\FarmaciaApplication.java. Using fallback presentation compiler.
2026.09.01 13:14:49 INFO  no build target found for C:\Users\USUARIO\Documents\farmacia\farmacia\src\main\java\com\example\farmacia\FarmaciaApplication.java. Using fallback presentation compiler.
2026.09.01 13:14:48 INFO  no build target found for C:\Users\USUARIO\Documents\farmacia\farmacia\src\main\java\com\example\farmacia\FarmaciaApplication.java. Using fallback presentation compiler.
2026.09.01 13:14:50 INFO  no build target found for C:\Users\USUARIO\Documents\farmacia\farmacia\src\main\java\com\example\farmacia\FarmaciaApplication.java. Using fallback presentation compiler.
2026.09.01 13:14:55 INFO  no build target found for C:\Users\USUARIO\Documents\farmacia\farmacia\src\main\java\com\example\farmacia\FarmaciaApplication.java. Using fallback presentation compiler.
2026.09.01 13:14:55 INFO  no build target found for C:\Users\USUARIO\Documents\farmacia\farmacia\src\main\java\com\example\farmacia\FarmaciaApplication.java. Using fallback presentation compiler.
2026.09.01 13:14:55 INFO  no build target found for C:\Users\USUARIO\Documents\farmacia\farmacia\src\main\java\com\example\farmacia\FarmaciaApplication.java. Using fallback presentation compiler.
2026.09.01 13:14:55 INFO  no build target found for C:\Users\USUARIO\Documents\farmacia\farmacia\src\main\java\com\example\farmacia\FarmaciaApplication.java. Using fallback presentation compiler.
2026.09.01 13:14:55 INFO  no build target found for C:\Users\USUARIO\Documents\farmacia\farmacia\src\main\java\com\example\farmacia\FarmaciaApplication.java. Using fallback presentation compiler.
2026.09.01 13:14:56 INFO  no build target found for C:\Users\USUARIO\Documents\farmacia\farmacia\src\main\java\com\example\farmacia\FarmaciaApplication.java. Using fallback presentation compiler.
2026.09.01 13:14:57 INFO  no build target found for C:\Users\USUARIO\Documents\farmacia\farmacia\src\main\java\com\example\farmacia\FarmaciaApplication.java. Using fallback presentation compiler.
2026.09.01 13:14:57 INFO  no build target found for C:\Users\USUARIO\Documents\farmacia\farmacia\src\main\java\com\example\farmacia\FarmaciaApplication.java. Using fallback presentation compiler.
2026.09.01 13:14:57 INFO  no build target found for C:\Users\USUARIO\Documents\farmacia\farmacia\src\main\java\com\example\farmacia\FarmaciaApplication.java. Using fallback presentation compiler.
2026.09.01 13:14:57 INFO  no build target found for C:\Users\USUARIO\Documents\farmacia\farmacia\src\main\java\com\example\farmacia\FarmaciaApplication.java. Using fallback presentation compiler.
2026.09.01 13:14:57 INFO  no build target found for C:\Users\USUARIO\Documents\farmacia\farmacia\src\main\java\com\example\farmacia\FarmaciaApplication.java. Using fallback presentation compiler.
2026.09.01 13:14:57 INFO  no build target found for C:\Users\USUARIO\Documents\farmacia\farmacia\src\main\java\com\example\farmacia\FarmaciaApplication.java. Using fallback presentation compiler.
2026.09.01 13:14:58 INFO  no build target found for C:\Users\USUARIO\Documents\farmacia\farmacia\src\main\java\com\example\farmacia\FarmaciaApplication.java. Using fallback presentation compiler.
2026.09.01 13:14:58 INFO  no build target found for C:\Users\USUARIO\Documents\farmacia\farmacia\src\main\java\com\example\farmacia\FarmaciaApplication.java. Using fallback presentation compiler.
2026.09.01 13:15:00 WARN  no build target for: C:\Users\USUARIO\Documents\farmacia\farmacia\src\main\java\com\example\farmacia\FarmaciaApplication.java
2026.09.01 13:15:00 INFO  no build target found for C:\Users\USUARIO\Documents\farmacia\farmacia\src\main\java\com\example\farmacia\FarmaciaApplication.java. Using fallback presentation compiler.
sept 01, 2026 1:15:00 P. M. org.eclipse.lsp4j.jsonrpc.RemoteEndpoint handleCancellation
ADVERTENCIA: Unmatched cancel notification for request id 698
2026.09.01 13:15:00 INFO  no build target found for C:\Users\USUARIO\Documents\farmacia\farmacia\src\main\java\com\example\farmacia\controller\VentaController.java. Using fallback presentation compiler.
2026.09.01 13:15:00 WARN  no build target for: C:\Users\USUARIO\Documents\farmacia\farmacia\src\main\java\com\example\farmacia\controller\VentaController.java
2026.09.01 13:15:00 INFO  no build target found for C:\Users\USUARIO\Documents\farmacia\farmacia\src\main\java\com\example\farmacia\controller\VentaController.java. Using fallback presentation compiler.
2026.09.01 13:15:00 INFO  no build target found for C:\Users\USUARIO\Documents\farmacia\farmacia\src\main\java\com\example\farmacia\controller\VentaController.java. Using fallback presentation compiler.
2026.09.01 13:15:01 INFO  no build target found for C:\Users\USUARIO\Documents\farmacia\farmacia\src\main\java\com\example\farmacia\controller\VentaController.java. Using fallback presentation compiler.
2026.09.01 13:15:02 INFO  no build target found for C:\Users\USUARIO\Documents\farmacia\farmacia\src\main\java\com\example\farmacia\controller\VentaController.java. Using fallback presentation compiler.
2026.09.01 13:15:03 INFO  no build target found for C:\Users\USUARIO\Documents\farmacia\farmacia\src\main\java\com\example\farmacia\controller\VentaController.java. Using fallback presentation compiler.
2026.09.01 13:15:03 INFO  no build target found for C:\Users\USUARIO\Documents\farmacia\farmacia\src\main\java\com\example\farmacia\controller\VentaController.java. Using fallback presentation compiler.
2026.09.01 13:15:06 INFO  no build target found for C:\Users\USUARIO\Documents\farmacia\farmacia\src\main\java\com\example\farmacia\controller\VentaController.java. Using fallback presentation compiler.
2026.09.01 13:15:18 INFO  no build target found for C:\Users\USUARIO\Documents\farmacia\farmacia\src\main\java\com\example\farmacia\controller\ClienteController.java. Using fallback presentation compiler.
2026.09.01 13:15:18 WARN  no build target for: C:\Users\USUARIO\Documents\farmacia\farmacia\src\main\java\com\example\farmacia\controller\ClienteController.java
2026.09.01 13:15:18 INFO  no build target found for C:\Users\USUARIO\Documents\farmacia\farmacia\src\main\java\com\example\farmacia\controller\ClienteController.java. Using fallback presentation compiler.
2026.09.01 13:15:18 INFO  no build target found for C:\Users\USUARIO\Documents\farmacia\farmacia\src\main\java\com\example\farmacia\controller\ClienteController.java. Using fallback presentation compiler.
2026.09.01 13:15:18 INFO  no build target found for C:\Users\USUARIO\Documents\farmacia\farmacia\src\main\java\com\example\farmacia\controller\ClienteController.java. Using fallback presentation compiler.
2026.09.01 13:15:19 INFO  no build target found for C:\Users\USUARIO\Documents\farmacia\farmacia\src\main\java\com\example\farmacia\controller\ClienteController.java. Using fallback presentation compiler.
2026.09.01 13:15:23 INFO  no build target found for C:\Users\USUARIO\Documents\farmacia\farmacia\src\main\java\com\example\farmacia\controller\ClienteController.java. Using fallback presentation compiler.
2026.09.01 13:15:23 INFO  no build target found for C:\Users\USUARIO\Documents\farmacia\farmacia\src\main\java\com\example\farmacia\controller\ClienteController.java. Using fallback presentation compiler.
2026.09.01 13:15:23 INFO  no build target found for C:\Users\USUARIO\Documents\farmacia\farmacia\src\main\java\com\example\farmacia\controller\ClienteController.java. Using fallback presentation compiler.
2026.09.01 13:15:23 INFO  no build target found for C:\Users\USUARIO\Documents\farmacia\farmacia\src\main\java\com\example\farmacia\controller\ClienteController.java. Using fallback presentation compiler.
2026.09.01 13:15:23 INFO  no build target found for C:\Users\USUARIO\Documents\farmacia\farmacia\src\main\java\com\example\farmacia\controller\ClienteController.java. Using fallback presentation compiler.
2026.09.01 13:15:24 INFO  no build target found for C:\Users\USUARIO\Documents\farmacia\farmacia\src\main\java\com\example\farmacia\controller\ClienteController.java. Using fallback presentation compiler.
2026.09.01 13:15:25 INFO  no build target found for C:\Users\USUARIO\Documents\farmacia\farmacia\src\main\java\com\example\farmacia\controller\ClienteController.java. Using fallback presentation compiler.
2026.09.01 13:15:24 INFO  no build target found for C:\Users\USUARIO\Documents\farmacia\farmacia\src\main\java\com\example\farmacia\controller\ClienteController.java. Using fallback presentation compiler.
2026.09.01 13:15:26 INFO  no build target found for C:\Users\USUARIO\Documents\farmacia\farmacia\src\main\java\com\example\farmacia\controller\ClienteController.java. Using fallback presentation compiler.
2026.09.01 13:15:26 WARN  no build target for: C:\Users\USUARIO\Documents\farmacia\farmacia\src\main\java\com\example\farmacia\controller\ClienteController.java
2026.09.01 13:15:26 INFO  no build target found for C:\Users\USUARIO\Documents\farmacia\farmacia\src\main\java\com\example\farmacia\controller\ClienteController.java. Using fallback presentation compiler.
2026.09.01 13:15:26 INFO  no build target found for C:\Users\USUARIO\Documents\farmacia\farmacia\src\main\java\com\example\farmacia\controller\ClienteController.java. Using fallback presentation compiler.
2026.09.01 13:15:26 INFO  no build target found for C:\Users\USUARIO\Documents\farmacia\farmacia\src\main\java\com\example\farmacia\controller\ClienteController.java. Using fallback presentation compiler.
2026.09.01 13:15:26 INFO  no build target found for C:\Users\USUARIO\Documents\farmacia\farmacia\src\main\java\com\example\farmacia\controller\ClienteController.java. Using fallback presentation compiler.
2026.09.01 13:15:28 INFO  no build target found for C:\Users\USUARIO\Documents\farmacia\farmacia\src\main\java\com\example\farmacia\controller\ClienteController.java. Using fallback presentation compiler.
2026.09.01 13:15:28 INFO  no build target found for C:\Users\USUARIO\Documents\farmacia\farmacia\src\main\java\com\example\farmacia\controller\ClienteController.java. Using fallback presentation compiler.
2026.09.01 13:15:29 INFO  no build target found for C:\Users\USUARIO\Documents\farmacia\farmacia\src\main\java\com\example\farmacia\controller\ClienteController.java. Using fallback presentation compiler.
2026.09.01 13:15:29 INFO  no build target found for C:\Users\USUARIO\Documents\farmacia\farmacia\src\main\java\com\example\farmacia\controller\ClienteController.java. Using fallback presentation compiler.
2026.09.01 13:15:30 INFO  no build target found for C:\Users\USUARIO\Documents\farmacia\farmacia\src\main\java\com\example\farmacia\controller\ClienteController.java. Using fallback presentation compiler.
sept 01, 2026 1:15:30 P. M. org.eclipse.lsp4j.jsonrpc.RemoteEndpoint handleCancellation
ADVERTENCIA: Unmatched cancel notification for request id 748
2026.09.01 13:15:30 INFO  no build target found for C:\Users\USUARIO\Documents\farmacia\farmacia\src\main\java\com\example\farmacia\controller\ClienteController.java. Using fallback presentation compiler.
2026.09.01 13:15:32 INFO  no build target found for C:\Users\USUARIO\Documents\farmacia\farmacia\src\main\java\com\example\farmacia\controller\ClienteController.java. Using fallback presentation compiler.
2026.09.01 13:15:32 INFO  no build target found for C:\Users\USUARIO\Documents\farmacia\farmacia\src\main\java\com\example\farmacia\controller\ClienteController.java. Using fallback presentation compiler.
2026.09.01 13:15:33 INFO  no build target found for C:\Users\USUARIO\Documents\farmacia\farmacia\src\main\java\com\example\farmacia\controller\ClienteController.java. Using fallback presentation compiler.
2026.09.01 13:15:33 INFO  no build target found for C:\Users\USUARIO\Documents\farmacia\farmacia\src\main\java\com\example\farmacia\controller\ClienteController.java. Using fallback presentation compiler.
2026.09.01 13:15:33 INFO  no build target found for C:\Users\USUARIO\Documents\farmacia\farmacia\src\main\java\com\example\farmacia\controller\ClienteController.java. Using fallback presentation compiler.
2026.09.01 13:15:33 INFO  no build target found for C:\Users\USUARIO\Documents\farmacia\farmacia\src\main\java\com\example\farmacia\controller\ClienteController.java. Using fallback presentation compiler.
2026.09.01 13:15:33 INFO  no build target found for C:\Users\USUARIO\Documents\farmacia\farmacia\src\main\java\com\example\farmacia\controller\ClienteController.java. Using fallback presentation compiler.
2026.09.01 13:15:33 INFO  no build target found for C:\Users\USUARIO\Documents\farmacia\farmacia\src\main\java\com\example\farmacia\controller\ClienteController.java. Using fallback presentation compiler.
2026.09.01 13:15:33 INFO  no build target found for C:\Users\USUARIO\Documents\farmacia\farmacia\src\main\java\com\example\farmacia\controller\ClienteController.java. Using fallback presentation compiler.
2026.09.01 13:15:34 INFO  no build target found for C:\Users\USUARIO\Documents\farmacia\farmacia\src\main\java\com\example\farmacia\controller\ClienteController.java. Using fallback presentation compiler.
2026.09.01 13:15:34 INFO  no build target found for C:\Users\USUARIO\Documents\farmacia\farmacia\src\main\java\com\example\farmacia\controller\ClienteController.java. Using fallback presentation compiler.
2026.09.01 13:15:34 INFO  no build target found for C:\Users\USUARIO\Documents\farmacia\farmacia\src\main\java\com\example\farmacia\controller\ClienteController.java. Using fallback presentation compiler.
2026.09.01 13:15:34 INFO  no build target found for C:\Users\USUARIO\Documents\farmacia\farmacia\src\main\java\com\example\farmacia\controller\ClienteController.java. Using fallback presentation compiler.
2026.09.01 13:15:34 INFO  no build target found for C:\Users\USUARIO\Documents\farmacia\farmacia\src\main\java\com\example\farmacia\controller\ClienteController.java. Using fallback presentation compiler.
2026.09.01 13:15:34 INFO  no build target found for C:\Users\USUARIO\Documents\farmacia\farmacia\src\main\java\com\example\farmacia\controller\ClienteController.java. Using fallback presentation compiler.
2026.09.01 13:15:43 INFO  no build target found for C:\Users\USUARIO\Documents\farmacia\farmacia\src\main\java\com\example\farmacia\controller\ClienteController.java. Using fallback presentation compiler.
2026.09.01 13:15:43 INFO  no build target found for C:\Users\USUARIO\Documents\farmacia\farmacia\src\main\java\com\example\farmacia\controller\ClienteController.java. Using fallback presentation compiler.
2026.09.01 13:15:47 INFO  no build target found for C:\Users\USUARIO\Documents\farmacia\farmacia\src\main\java\com\example\farmacia\controller\RecetaController.java. Using fallback presentation compiler.
2026.09.01 13:15:47 WARN  no build target for: C:\Users\USUARIO\Documents\farmacia\farmacia\src\main\java\com\example\farmacia\controller\RecetaController.java
2026.09.01 13:15:47 INFO  no build target found for C:\Users\USUARIO\Documents\farmacia\farmacia\src\main\java\com\example\farmacia\controller\RecetaController.java. Using fallback presentation compiler.
2026.09.01 13:15:47 INFO  no build target found for C:\Users\USUARIO\Documents\farmacia\farmacia\src\main\java\com\example\farmacia\controller\RecetaController.java. Using fallback presentation compiler.
2026.09.01 13:15:47 INFO  no build target found for C:\Users\USUARIO\Documents\farmacia\farmacia\src\main\java\com\example\farmacia\controller\RecetaController.java. Using fallback presentation compiler.
2026.09.01 13:15:47 INFO  no build target found for C:\Users\USUARIO\Documents\farmacia\farmacia\src\main\java\com\example\farmacia\controller\RecetaController.java. Using fallback presentation compiler.
2026.09.01 13:15:51 INFO  no build target found for C:\Users\USUARIO\Documents\farmacia\farmacia\src\main\java\com\example\farmacia\controller\RecetaController.java. Using fallback presentation compiler.
2026.09.01 13:15:51 INFO  no build target found for C:\Users\USUARIO\Documents\farmacia\farmacia\src\main\java\com\example\farmacia\controller\RecetaController.java. Using fallback presentation compiler.
2026.09.01 13:15:51 INFO  no build target found for C:\Users\USUARIO\Documents\farmacia\farmacia\src\main\java\com\example\farmacia\controller\RecetaController.java. Using fallback presentation compiler.
2026.09.01 13:15:52 INFO  no build target found for C:\Users\USUARIO\Documents\farmacia\farmacia\src\main\java\com\example\farmacia\controller\RecetaController.java. Using fallback presentation compiler.
2026.09.01 13:15:52 INFO  no build target found for C:\Users\USUARIO\Documents\farmacia\farmacia\src\main\java\com\example\farmacia\controller\RecetaController.java. Using fallback presentation compiler.
2026.09.01 13:15:52 INFO  no build target found for C:\Users\USUARIO\Documents\farmacia\farmacia\src\main\java\com\example\farmacia\controller\RecetaController.java. Using fallback presentation compiler.
2026.09.01 13:15:52 INFO  no build target found for C:\Users\USUARIO\Documents\farmacia\farmacia\src\main\java\com\example\farmacia\controller\RecetaController.java. Using fallback presentation compiler.
sept 01, 2026 1:15:52 P. M. org.eclipse.lsp4j.jsonrpc.RemoteEndpoint handleCancellation
ADVERTENCIA: Unmatched cancel notification for request id 788
2026.09.01 13:15:52 INFO  no build target found for C:\Users\USUARIO\Documents\farmacia\farmacia\src\main\java\com\example\farmacia\controller\RecetaController.java. Using fallback presentation compiler.
2026.09.01 13:15:52 INFO  Created report: Optional[file:///C:/Users/USUARIO/Documents/farmacia/farmacia/src/main/java/com/example/farmacia/controller/RecetaController.java]
2026.09.01 13:15:52 INFO  empty definition using pc, found symbol in pc: _empty_/ModelAttribute# (full report at: "C:\Users\USUARIO\Documents\farmacia\farmacia\.metals\.reports\metals-full\2026-09-01\r_empty-definition_13-15-52-675.md")
2026.09.01 13:15:52 INFO  no build target found for C:\Users\USUARIO\Documents\farmacia\farmacia\src\main\java\com\example\farmacia\controller\RecetaController.java. Using fallback presentation compiler.
2026.09.01 13:15:52 WARN  no build target for: C:\Users\USUARIO\Documents\farmacia\farmacia\src\main\java\com\example\farmacia\controller\RecetaController.java
2026.09.01 13:15:52 INFO  no build target found for C:\Users\USUARIO\Documents\farmacia\farmacia\src\main\java\com\example\farmacia\controller\RecetaController.java. Using fallback presentation compiler.
2026.09.01 13:15:52 INFO  no build target found for C:\Users\USUARIO\Documents\farmacia\farmacia\src\main\java\com\example\farmacia\controller\RecetaController.java. Using fallback presentation compiler.
2026.09.01 13:15:53 INFO  no build target found for C:\Users\USUARIO\Documents\farmacia\farmacia\src\main\java\com\example\farmacia\controller\RecetaController.java. Using fallback presentation compiler.
2026.09.01 13:15:53 INFO  no build target found for C:\Users\USUARIO\Documents\farmacia\farmacia\src\main\java\com\example\farmacia\controller\RecetaController.java. Using fallback presentation compiler.
2026.09.01 13:15:53 INFO  no build target found for C:\Users\USUARIO\Documents\farmacia\farmacia\src\main\java\com\example\farmacia\controller\RecetaController.java. Using fallback presentation compiler.
2026.09.01 13:15:53 INFO  no build target found for C:\Users\USUARIO\Documents\farmacia\farmacia\src\main\java\com\example\farmacia\controller\RecetaController.java. Using fallback presentation compiler.
2026.09.01 13:15:53 INFO  no build target found for C:\Users\USUARIO\Documents\farmacia\farmacia\src\main\java\com\example\farmacia\controller\RecetaController.java. Using fallback presentation compiler.
2026.09.01 13:15:53 INFO  no build target found for C:\Users\USUARIO\Documents\farmacia\farmacia\src\main\java\com\example\farmacia\controller\RecetaController.java. Using fallback presentation compiler.
2026.09.01 13:15:55 INFO  no build target found for C:\Users\USUARIO\Documents\farmacia\farmacia\src\main\java\com\example\farmacia\controller\RecetaController.java. Using fallback presentation compiler.
2026.09.01 13:15:55 INFO  no build target found for C:\Users\USUARIO\Documents\farmacia\farmacia\src\main\java\com\example\farmacia\controller\RecetaController.java. Using fallback presentation compiler.
2026.09.01 13:15:55 INFO  no build target found for C:\Users\USUARIO\Documents\farmacia\farmacia\src\main\java\com\example\farmacia\controller\RecetaController.java. Using fallback presentation compiler.
2026.09.01 13:15:55 INFO  no build target found for C:\Users\USUARIO\Documents\farmacia\farmacia\src\main\java\com\example\farmacia\controller\RecetaController.java. Using fallback presentation compiler.
2026.09.01 13:15:55 INFO  no build target found for C:\Users\USUARIO\Documents\farmacia\farmacia\src\main\java\com\example\farmacia\controller\RecetaController.java. Using fallback presentation compiler.
2026.09.01 13:15:55 INFO  no build target found for C:\Users\USUARIO\Documents\farmacia\farmacia\src\main\java\com\example\farmacia\controller\RecetaController.java. Using fallback presentation compiler.
2026.09.01 13:15:55 INFO  no build target found for C:\Users\USUARIO\Documents\farmacia\farmacia\src\main\java\com\example\farmacia\controller\RecetaController.java. Using fallback presentation compiler.
2026.09.01 13:15:55 INFO  no build target found for C:\Users\USUARIO\Documents\farmacia\farmacia\src\main\java\com\example\farmacia\controller\RecetaController.java. Using fallback presentation compiler.
2026.09.01 13:15:56 INFO  no build target found for C:\Users\USUARIO\Documents\farmacia\farmacia\src\main\java\com\example\farmacia\controller\RecetaController.java. Using fallback presentation compiler.
2026.09.01 13:15:56 INFO  no build target found for C:\Users\USUARIO\Documents\farmacia\farmacia\src\main\java\com\example\farmacia\controller\RecetaController.java. Using fallback presentation compiler.
2026.09.01 13:15:56 INFO  no build target found for C:\Users\USUARIO\Documents\farmacia\farmacia\src\main\java\com\example\farmacia\controller\RecetaController.java. Using fallback presentation compiler.
2026.09.01 13:15:56 INFO  Created report: Optional[file:///C:/Users/USUARIO/Documents/farmacia/farmacia/src/main/java/com/example/farmacia/controller/RecetaController.java]
2026.09.01 13:15:56 INFO  empty definition using pc, found symbol in pc: _empty_/RedirectAttributes# (full report at: "C:\Users\USUARIO\Documents\farmacia\farmacia\.metals\.reports\metals-full\2026-09-01\r_empty-definition_13-15-57-030.md")
2026.09.01 13:16:01 INFO  no build target found for C:\Users\USUARIO\Documents\farmacia\farmacia\src\main\java\com\example\farmacia\controller\OrdenController.java. Using fallback presentation compiler.
2026.09.01 13:16:01 WARN  no build target for: C:\Users\USUARIO\Documents\farmacia\farmacia\src\main\java\com\example\farmacia\controller\OrdenController.java
2026.09.01 13:16:01 INFO  no build target found for C:\Users\USUARIO\Documents\farmacia\farmacia\src\main\java\com\example\farmacia\controller\OrdenController.java. Using fallback presentation compiler.
2026.09.01 13:16:01 INFO  no build target found for C:\Users\USUARIO\Documents\farmacia\farmacia\src\main\java\com\example\farmacia\controller\OrdenController.java. Using fallback presentation compiler.
2026.09.01 13:16:01 INFO  no build target found for C:\Users\USUARIO\Documents\farmacia\farmacia\src\main\java\com\example\farmacia\controller\OrdenController.java. Using fallback presentation compiler.
2026.09.01 13:16:03 INFO  no build target found for C:\Users\USUARIO\Documents\farmacia\farmacia\src\main\java\com\example\farmacia\controller\UsuarioController.java. Using fallback presentation compiler.
2026.09.01 13:16:03 WARN  no build target for: C:\Users\USUARIO\Documents\farmacia\farmacia\src\main\java\com\example\farmacia\controller\UsuarioController.java
2026.09.01 13:16:03 INFO  no build target found for C:\Users\USUARIO\Documents\farmacia\farmacia\src\main\java\com\example\farmacia\controller\UsuarioController.java. Using fallback presentation compiler.
2026.09.01 13:16:03 INFO  no build target found for C:\Users\USUARIO\Documents\farmacia\farmacia\src\main\java\com\example\farmacia\controller\UsuarioController.java. Using fallback presentation compiler.
2026.09.01 13:16:03 INFO  no build target found for C:\Users\USUARIO\Documents\farmacia\farmacia\src\main\java\com\example\farmacia\controller\VentaController.java. Using fallback presentation compiler.
2026.09.01 13:16:03 WARN  no build target for: C:\Users\USUARIO\Documents\farmacia\farmacia\src\main\java\com\example\farmacia\controller\VentaController.java
2026.09.01 13:16:03 INFO  no build target found for C:\Users\USUARIO\Documents\farmacia\farmacia\src\main\java\com\example\farmacia\controller\VentaController.java. Using fallback presentation compiler.
2026.09.01 13:16:03 INFO  no build target found for C:\Users\USUARIO\Documents\farmacia\farmacia\src\main\java\com\example\farmacia\controller\VentaController.java. Using fallback presentation compiler.
2026.09.01 13:16:03 INFO  no build target found for C:\Users\USUARIO\Documents\farmacia\farmacia\src\main\java\com\example\farmacia\controller\VentaController.java. Using fallback presentation compiler.
2026.09.01 13:16:04 INFO  no build target found for C:\Users\USUARIO\Documents\farmacia\farmacia\src\main\java\com\example\farmacia\controller\VentaController.java. Using fallback presentation compiler.
2026.09.01 13:16:04 INFO  no build target found for C:\Users\USUARIO\Documents\farmacia\farmacia\src\main\java\com\example\farmacia\controller\VentaController.java. Using fallback presentation compiler.
2026.09.01 13:16:22 INFO  no build target found for C:\Users\USUARIO\Documents\farmacia\farmacia\src\main\java\com\example\farmacia\controller\VentaController.java. Using fallback presentation compiler.
2026.09.01 13:16:22 INFO  no build target found for C:\Users\USUARIO\Documents\farmacia\farmacia\src\main\java\com\example\farmacia\controller\VentaController.java. Using fallback presentation compiler.
2026.09.01 13:16:23 INFO  no build target found for C:\Users\USUARIO\Documents\farmacia\farmacia\src\main\java\com\example\farmacia\controller\VentaController.java. Using fallback presentation compiler.
2026.09.01 13:16:23 INFO  no build target found for C:\Users\USUARIO\Documents\farmacia\farmacia\src\main\java\com\example\farmacia\controller\VentaController.java. Using fallback presentation compiler.
2026.09.01 16:22:43 INFO  no build target found for C:\Users\USUARIO\Documents\farmacia\farmacia\src\main\java\com\example\farmacia\controller\VentaController.java. Using fallback presentation compiler.
2026.09.01 16:22:43 INFO  no build target found for C:\Users\USUARIO\Documents\farmacia\farmacia\src\main\java\com\example\farmacia\controller\VentaController.java. Using fallback presentation compiler.
2026.09.01 16:22:49 INFO  no build target found for C:\Users\USUARIO\Documents\farmacia\farmacia\src\main\java\com\example\farmacia\controller\VentaController.java. Using fallback presentation compiler.
2026.09.01 16:22:49 INFO  no build target found for C:\Users\USUARIO\Documents\farmacia\farmacia\src\main\java\com\example\farmacia\controller\VentaController.java. Using fallback presentation compiler.
2026.09.01 16:23:44 INFO  no build target found for C:\Users\USUARIO\Documents\farmacia\farmacia\src\main\java\com\example\farmacia\controller\FormulaController.java. Using fallback presentation compiler.
2026.09.01 16:23:44 WARN  no build target for: C:\Users\USUARIO\Documents\farmacia\farmacia\src\main\java\com\example\farmacia\controller\FormulaController.java
2026.09.01 16:23:44 INFO  no build target found for C:\Users\USUARIO\Documents\farmacia\farmacia\src\main\java\com\example\farmacia\controller\FormulaController.java. Using fallback presentation compiler.
2026.09.01 16:23:45 INFO  no build target found for C:\Users\USUARIO\Documents\farmacia\farmacia\src\main\java\com\example\farmacia\controller\FormulaController.java. Using fallback presentation compiler.
2026.09.01 16:23:44 INFO  no build target found for C:\Users\USUARIO\Documents\farmacia\farmacia\src\main\java\com\example\farmacia\controller\FormulaController.java. Using fallback presentation compiler.
2026.09.01 16:23:44 INFO  no build target found for C:\Users\USUARIO\Documents\farmacia\farmacia\src\main\java\com\example\farmacia\controller\FormulaController.java. Using fallback presentation compiler.
2026.09.01 16:23:45 INFO  no build target found for C:\Users\USUARIO\Documents\farmacia\farmacia\src\main\java\com\example\farmacia\controller\FormulaController.java. Using fallback presentation compiler.
2026.09.01 16:23:46 INFO  no build target found for C:\Users\USUARIO\Documents\farmacia\farmacia\src\main\java\com\example\farmacia\controller\FormulaController.java. Using fallback presentation compiler.
2026.09.01 16:23:46 INFO  Created report: Optional[file:///C:/Users/USUARIO/Documents/farmacia/farmacia/src/main/java/com/example/farmacia/controller/FormulaController.java]
2026.09.01 16:23:46 INFO  empty definition using pc, found symbol in pc: _empty_/RedirectAttributes# (full report at: "C:\Users\USUARIO\Documents\farmacia\farmacia\.metals\.reports\metals-full\2026-09-01\r_empty-definition_16-23-46-602.md")
2026.09.01 16:23:46 INFO  no build target found for C:\Users\USUARIO\Documents\farmacia\farmacia\src\main\java\com\example\farmacia\controller\FormulaController.java. Using fallback presentation compiler.
2026.09.01 16:23:46 INFO  no build target found for C:\Users\USUARIO\Documents\farmacia\farmacia\src\main\java\com\example\farmacia\controller\FormulaController.java. Using fallback presentation compiler.
2026.09.01 16:23:46 INFO  no build target found for C:\Users\USUARIO\Documents\farmacia\farmacia\src\main\java\com\example\farmacia\controller\FormulaController.java. Using fallback presentation compiler.
2026.09.01 16:23:46 INFO  empty definition using pc, found symbol in pc: _empty_/RedirectAttributes# (full report at: "C:\Users\USUARIO\Documents\farmacia\farmacia\.metals\.reports\metals-full\2026-09-01\r_empty-definition_16-23-46-602.md")
sept 01, 2026 4:23:47 P. M. org.eclipse.lsp4j.jsonrpc.RemoteEndpoint handleNotification
ADVERTENCIA: Notification threw an exception: {
  "jsonrpc": "2.0",
  "method": "metals/didFocusTextDocument",
  "params": [
    "jdt://contents/spring-webmvc-7.0.9.jar/org.springframework.web.servlet.mvc.support/RedirectAttributes.java?%3Dfarmacia%2FC%3A%5C%2FUsers%5C%2FUSUARIO%5C%2F.m2%5C%2Frepository%5C%2Forg%5C%2Fspringframework%5C%2Fspring-webmvc%5C%2F7.0.9%5C%2Fspring-webmvc-7.0.9.jar%3D%2Fmaven.pomderived%3D%2Ftrue%3D%2F%3D%2Fmaven.groupId%3D%2Forg.springframework%3D%2F%3D%2Fmaven.artifactId%3D%2Fspring-webmvc%3D%2F%3D%2Fmaven.version%3D%2F7.0.9%3D%2F%3D%2Fmaven.scope%3D%2Fcompile%3D%2F%3D%2Fmaven.pomderived%3D%2Ftrue%3D%2F%3Corg.springframework.web.servlet.mvc.support%28RedirectAttributes.class"
  ]
}
java.nio.file.FileSystemNotFoundException: Provider "jdt" not installed
	at java.base/java.nio.file.Path.of(Path.java:210)
	at java.base/java.nio.file.Paths.get(Paths.java:95)
	at scala.meta.internal.mtags.MtagsEnrichments$XtensionURIMtags.toAbsolutePath(MtagsEnrichments.scala:149)
	at scala.meta.internal.mtags.MtagsEnrichments$XtensionStringMtags.toAbsolutePath(MtagsEnrichments.scala:221)
	at scala.meta.internal.metals.MetalsEnrichments$XtensionString.toAbsolutePath(MetalsEnrichments.scala:787)
	at scala.meta.internal.metals.MetalsEnrichments$XtensionString.toAbsolutePath(MetalsEnrichments.scala:784)
	at scala.meta.internal.metals.WorkspaceLspService.didFocus(WorkspaceLspService.scala:808)
	at scala.meta.metals.lsp.DelegatingScalaService.didFocus(DelegatingScalaService.scala:42)
	at java.base/jdk.internal.reflect.DirectMethodHandleAccessor.invoke(DirectMethodHandleAccessor.java:104)
	at java.base/java.lang.reflect.Method.invoke(Method.java:565)
	at org.eclipse.lsp4j.jsonrpc.services.GenericEndpoint.lambda$recursiveFindRpcMethods$0(GenericEndpoint.java:65)
	at org.eclipse.lsp4j.jsonrpc.services.GenericEndpoint.notify(GenericEndpoint.java:160)
	at org.eclipse.lsp4j.jsonrpc.RemoteEndpoint.handleNotification(RemoteEndpoint.java:225)
	at org.eclipse.lsp4j.jsonrpc.RemoteEndpoint.consume(RemoteEndpoint.java:192)
	at org.eclipse.lsp4j.jsonrpc.json.StreamMessageProducer.handleMessage(StreamMessageProducer.java:189)
	at org.eclipse.lsp4j.jsonrpc.json.StreamMessageProducer.listen(StreamMessageProducer.java:97)
	at org.eclipse.lsp4j.jsonrpc.json.ConcurrentMessageProcessor.run(ConcurrentMessageProcessor.java:97)
	at java.base/java.util.concurrent.Executors$RunnableAdapter.call(Executors.java:545)
	at java.base/java.util.concurrent.FutureTask.run(FutureTask.java:328)
	at java.base/java.util.concurrent.ThreadPoolExecutor.runWorker(ThreadPoolExecutor.java:1090)
	at java.base/java.util.concurrent.ThreadPoolExecutor$Worker.run(ThreadPoolExecutor.java:614)
	at java.base/java.lang.Thread.run(Thread.java:1474)

2026.09.01 16:23:57 INFO  no build target found for C:\Users\USUARIO\Documents\farmacia\farmacia\src\main\java\com\example\farmacia\controller\FormulaController.java. Using fallback presentation compiler.
2026.09.01 16:23:57 WARN  no build target for: C:\Users\USUARIO\Documents\farmacia\farmacia\src\main\java\com\example\farmacia\controller\FormulaController.java
2026.09.01 16:23:57 INFO  no build target found for C:\Users\USUARIO\Documents\farmacia\farmacia\src\main\java\com\example\farmacia\controller\FormulaController.java. Using fallback presentation compiler.
2026.09.01 16:23:57 INFO  no build target found for C:\Users\USUARIO\Documents\farmacia\farmacia\src\main\java\com\example\farmacia\controller\FormulaController.java. Using fallback presentation compiler.
2026.09.01 16:23:57 INFO  no build target found for C:\Users\USUARIO\Documents\farmacia\farmacia\src\main\java\com\example\farmacia\controller\FormulaController.java. Using fallback presentation compiler.
2026.09.01 16:23:57 INFO  no build target found for C:\Users\USUARIO\Documents\farmacia\farmacia\src\main\java\com\example\farmacia\controller\FormulaController.java. Using fallback presentation compiler.
2026.09.01 16:23:58 INFO  no build target found for C:\Users\USUARIO\Documents\farmacia\farmacia\src\main\java\com\example\farmacia\controller\FormulaController.java. Using fallback presentation compiler.
2026.09.01 16:23:58 INFO  no build target found for C:\Users\USUARIO\Documents\farmacia\farmacia\src\main\java\com\example\farmacia\controller\FormulaController.java. Using fallback presentation compiler.
2026.09.01 16:23:58 INFO  empty definition using pc, found symbol in pc: _empty_/RedirectAttributes# (full report at: "C:\Users\USUARIO\Documents\farmacia\farmacia\.metals\.reports\metals-full\2026-09-01\r_empty-definition_16-23-46-602.md")
2026.09.01 16:23:58 INFO  no build target found for C:\Users\USUARIO\Documents\farmacia\farmacia\src\main\java\com\example\farmacia\controller\FormulaController.java. Using fallback presentation compiler.
2026.09.01 16:23:58 INFO  no build target found for C:\Users\USUARIO\Documents\farmacia\farmacia\src\main\java\com\example\farmacia\controller\FormulaController.java. Using fallback presentation compiler.
2026.09.01 16:23:58 INFO  no build target found for C:\Users\USUARIO\Documents\farmacia\farmacia\src\main\java\com\example\farmacia\controller\FormulaController.java. Using fallback presentation compiler.
2026.09.01 16:23:58 INFO  empty definition using pc, found symbol in pc: _empty_/RedirectAttributes# (full report at: "C:\Users\USUARIO\Documents\farmacia\farmacia\.metals\.reports\metals-full\2026-09-01\r_empty-definition_16-23-46-602.md")
sept 01, 2026 4:23:58 P. M. org.eclipse.lsp4j.jsonrpc.RemoteEndpoint handleNotification
ADVERTENCIA: Notification threw an exception: {
  "jsonrpc": "2.0",
  "method": "metals/didFocusTextDocument",
  "params": [
    "jdt://contents/spring-webmvc-7.0.9.jar/org.springframework.web.servlet.mvc.support/RedirectAttributes.java?%3Dfarmacia%2FC%3A%5C%2FUsers%5C%2FUSUARIO%5C%2F.m2%5C%2Frepository%5C%2Forg%5C%2Fspringframework%5C%2Fspring-webmvc%5C%2F7.0.9%5C%2Fspring-webmvc-7.0.9.jar%3D%2Fmaven.pomderived%3D%2Ftrue%3D%2F%3D%2Fmaven.groupId%3D%2Forg.springframework%3D%2F%3D%2Fmaven.artifactId%3D%2Fspring-webmvc%3D%2F%3D%2Fmaven.version%3D%2F7.0.9%3D%2F%3D%2Fmaven.scope%3D%2Fcompile%3D%2F%3D%2Fmaven.pomderived%3D%2Ftrue%3D%2F%3Corg.springframework.web.servlet.mvc.support%28RedirectAttributes.class"
  ]
}
java.nio.file.FileSystemNotFoundException: Provider "jdt" not installed
	at java.base/java.nio.file.Path.of(Path.java:210)
	at java.base/java.nio.file.Paths.get(Paths.java:95)
	at scala.meta.internal.mtags.MtagsEnrichments$XtensionURIMtags.toAbsolutePath(MtagsEnrichments.scala:149)
	at scala.meta.internal.mtags.MtagsEnrichments$XtensionStringMtags.toAbsolutePath(MtagsEnrichments.scala:221)
	at scala.meta.internal.metals.MetalsEnrichments$XtensionString.toAbsolutePath(MetalsEnrichments.scala:787)
	at scala.meta.internal.metals.MetalsEnrichments$XtensionString.toAbsolutePath(MetalsEnrichments.scala:784)
	at scala.meta.internal.metals.WorkspaceLspService.didFocus(WorkspaceLspService.scala:808)
	at scala.meta.metals.lsp.DelegatingScalaService.didFocus(DelegatingScalaService.scala:42)
	at java.base/jdk.internal.reflect.DirectMethodHandleAccessor.invoke(DirectMethodHandleAccessor.java:104)
	at java.base/java.lang.reflect.Method.invoke(Method.java:565)
	at org.eclipse.lsp4j.jsonrpc.services.GenericEndpoint.lambda$recursiveFindRpcMethods$0(GenericEndpoint.java:65)
	at org.eclipse.lsp4j.jsonrpc.services.GenericEndpoint.notify(GenericEndpoint.java:160)
	at org.eclipse.lsp4j.jsonrpc.RemoteEndpoint.handleNotification(RemoteEndpoint.java:225)
	at org.eclipse.lsp4j.jsonrpc.RemoteEndpoint.consume(RemoteEndpoint.java:192)
	at org.eclipse.lsp4j.jsonrpc.json.StreamMessageProducer.handleMessage(StreamMessageProducer.java:189)
	at org.eclipse.lsp4j.jsonrpc.json.StreamMessageProducer.listen(StreamMessageProducer.java:97)
	at org.eclipse.lsp4j.jsonrpc.json.ConcurrentMessageProcessor.run(ConcurrentMessageProcessor.java:97)
	at java.base/java.util.concurrent.Executors$RunnableAdapter.call(Executors.java:545)
	at java.base/java.util.concurrent.FutureTask.run(FutureTask.java:328)
	at java.base/java.util.concurrent.ThreadPoolExecutor.runWorker(ThreadPoolExecutor.java:1090)
	at java.base/java.util.concurrent.ThreadPoolExecutor$Worker.run(ThreadPoolExecutor.java:614)
	at java.base/java.lang.Thread.run(Thread.java:1474)

2026.09.01 16:24:03 INFO  no build target found for C:\Users\USUARIO\Documents\farmacia\farmacia\src\main\java\com\example\farmacia\controller\FormulaController.java. Using fallback presentation compiler.
2026.09.01 16:24:03 WARN  no build target for: C:\Users\USUARIO\Documents\farmacia\farmacia\src\main\java\com\example\farmacia\controller\FormulaController.java
2026.09.01 16:24:03 INFO  no build target found for C:\Users\USUARIO\Documents\farmacia\farmacia\src\main\java\com\example\farmacia\controller\FormulaController.java. Using fallback presentation compiler.
2026.09.01 16:24:04 INFO  no build target found for C:\Users\USUARIO\Documents\farmacia\farmacia\src\main\java\com\example\farmacia\controller\FormulaController.java. Using fallback presentation compiler.
2026.09.01 16:24:03 INFO  no build target found for C:\Users\USUARIO\Documents\farmacia\farmacia\src\main\java\com\example\farmacia\controller\FormulaController.java. Using fallback presentation compiler.
2026.09.01 16:24:03 INFO  no build target found for C:\Users\USUARIO\Documents\farmacia\farmacia\src\main\java\com\example\farmacia\controller\FormulaController.java. Using fallback presentation compiler.
2026.09.01 16:25:47 INFO  no build target found for C:\Users\USUARIO\Documents\farmacia\farmacia\src\main\java\com\example\farmacia\controller\FormulaController.java. Using fallback presentation compiler.
2026.09.01 16:25:47 INFO  no build target found for C:\Users\USUARIO\Documents\farmacia\farmacia\src\main\java\com\example\farmacia\controller\FormulaController.java. Using fallback presentation compiler.
2026.09.01 16:25:47 INFO  no build target found for C:\Users\USUARIO\Documents\farmacia\farmacia\src\main\java\com\example\farmacia\controller\FormulaController.java. Using fallback presentation compiler.
2026.09.01 16:25:47 INFO  no build target found for C:\Users\USUARIO\Documents\farmacia\farmacia\src\main\java\com\example\farmacia\controller\FormulaController.java. Using fallback presentation compiler.
2026.09.01 16:25:47 INFO  no build target found for C:\Users\USUARIO\Documents\farmacia\farmacia\src\main\java\com\example\farmacia\controller\FormulaController.java. Using fallback presentation compiler.
2026.09.01 16:25:47 INFO  no build target found for C:\Users\USUARIO\Documents\farmacia\farmacia\src\main\java\com\example\farmacia\controller\FormulaController.java. Using fallback presentation compiler.
2026.09.01 16:25:48 WARN  no build target for: C:\Users\USUARIO\Documents\farmacia\farmacia\src\main\java\com\example\farmacia\controller\FormulaController.java
2026.09.01 16:25:48 INFO  no build target found for C:\Users\USUARIO\Documents\farmacia\farmacia\src\main\java\com\example\farmacia\controller\FormulaController.java. Using fallback presentation compiler.
2026.09.01 16:25:48 WARN  Running javac-semanticdb failed for file:///C:/Users/USUARIO/Documents/farmacia/farmacia/src/main/java/com/example/farmacia/controller/FormulaController.java. Output:

2026.09.01 16:25:50 INFO  no build target found for C:\Users\USUARIO\Documents\farmacia\farmacia\src\main\java\com\example\farmacia\controller\FormulaController.java. Using fallback presentation compiler.
2026.09.01 16:25:50 INFO  no build target found for C:\Users\USUARIO\Documents\farmacia\farmacia\src\main\java\com\example\farmacia\controller\FormulaController.java. Using fallback presentation compiler.
2026.09.01 16:25:50 INFO  no build target found for C:\Users\USUARIO\Documents\farmacia\farmacia\src\main\java\com\example\farmacia\controller\FormulaController.java. Using fallback presentation compiler.
2026.09.01 16:25:52 INFO  no build target found for C:\Users\USUARIO\Documents\farmacia\farmacia\src\main\java\com\example\farmacia\controller\FormulaController.java. Using fallback presentation compiler.
2026.09.01 16:25:53 INFO  no build target found for C:\Users\USUARIO\Documents\farmacia\farmacia\src\main\java\com\example\farmacia\controller\FormulaController.java. Using fallback presentation compiler.
2026.09.01 16:25:53 INFO  no build target found for C:\Users\USUARIO\Documents\farmacia\farmacia\src\main\java\com\example\farmacia\controller\FormulaController.java. Using fallback presentation compiler.
2026.09.01 16:27:55 INFO  no build target found for C:\Users\USUARIO\Documents\farmacia\farmacia\src\main\java\com\example\farmacia\controller\FormulaController.java. Using fallback presentation compiler.
2026.09.01 16:27:55 INFO  no build target found for C:\Users\USUARIO\Documents\farmacia\farmacia\src\main\java\com\example\farmacia\controller\FormulaController.java. Using fallback presentation compiler.
sept 01, 2026 4:27:55 P. M. org.eclipse.lsp4j.jsonrpc.RemoteEndpoint handleCancellation
ADVERTENCIA: Unmatched cancel notification for request id 922
2026.09.01 16:28:04 INFO  no build target found for C:\Users\USUARIO\Documents\farmacia\farmacia\src\main\java\com\example\farmacia\controller\AuthController.java. Using fallback presentation compiler.
2026.09.01 16:28:04 WARN  no build target for: C:\Users\USUARIO\Documents\farmacia\farmacia\src\main\java\com\example\farmacia\controller\AuthController.java
sept 01, 2026 4:28:04 P. M. org.eclipse.lsp4j.jsonrpc.RemoteEndpoint handleCancellation
ADVERTENCIA: Unmatched cancel notification for request id 924
2026.09.01 16:28:04 INFO  no build target found for C:\Users\USUARIO\Documents\farmacia\farmacia\src\main\java\com\example\farmacia\controller\AuthController.java. Using fallback presentation compiler.
2026.09.01 16:28:04 INFO  no build target found for C:\Users\USUARIO\Documents\farmacia\farmacia\src\main\java\com\example\farmacia\controller\AuthController.java. Using fallback presentation compiler.
2026.09.01 16:28:04 INFO  no build target found for C:\Users\USUARIO\Documents\farmacia\farmacia\src\main\java\com\example\farmacia\controller\FormulaController.java. Using fallback presentation compiler.
2026.09.01 16:28:04 INFO  no build target found for C:\Users\USUARIO\Documents\farmacia\farmacia\src\main\java\com\example\farmacia\controller\AuthController.java. Using fallback presentation compiler.
2026.09.01 16:28:07 INFO  no build target found for C:\Users\USUARIO\Documents\farmacia\farmacia\src\main\java\com\example\farmacia\controller\AuthController.java. Using fallback presentation compiler.
2026.09.01 16:28:07 INFO  no build target found for C:\Users\USUARIO\Documents\farmacia\farmacia\src\main\java\com\example\farmacia\controller\AuthController.java. Using fallback presentation compiler.
2026.09.01 16:28:07 INFO  no build target found for C:\Users\USUARIO\Documents\farmacia\farmacia\src\main\java\com\example\farmacia\controller\AuthController.java. Using fallback presentation compiler.
2026.09.01 16:28:07 INFO  no build target found for C:\Users\USUARIO\Documents\farmacia\farmacia\src\main\java\com\example\farmacia\controller\AuthController.java. Using fallback presentation compiler.
2026.09.01 16:28:08 INFO  no build target found for C:\Users\USUARIO\Documents\farmacia\farmacia\src\main\java\com\example\farmacia\controller\AuthController.java. Using fallback presentation compiler.
2026.09.01 16:28:08 INFO  no build target found for C:\Users\USUARIO\Documents\farmacia\farmacia\src\main\java\com\example\farmacia\controller\AuthController.java. Using fallback presentation compiler.
2026.09.01 16:28:08 INFO  no build target found for C:\Users\USUARIO\Documents\farmacia\farmacia\src\main\java\com\example\farmacia\controller\AuthController.java. Using fallback presentation compiler.
sept 01, 2026 4:28:08 P. M. org.eclipse.lsp4j.jsonrpc.RemoteEndpoint handleCancellation
ADVERTENCIA: Unmatched cancel notification for request id 939
2026.09.01 16:28:08 INFO  no build target found for C:\Users\USUARIO\Documents\farmacia\farmacia\src\main\java\com\example\farmacia\controller\AuthController.java. Using fallback presentation compiler.
2026.09.01 16:28:08 INFO  Created report: Optional[file:///C:/Users/USUARIO/Documents/farmacia/farmacia/src/main/java/com/example/farmacia/controller/AuthController.java]
2026.09.01 16:28:08 INFO  empty definition using pc, found symbol in pc: _empty_/Controller# (full report at: "C:\Users\USUARIO\Documents\farmacia\farmacia\.metals\.reports\metals-full\2026-09-01\r_empty-definition_16-28-08-716.md")
2026.09.01 16:28:08 INFO  no build target found for C:\Users\USUARIO\Documents\farmacia\farmacia\src\main\java\com\example\farmacia\controller\AuthController.java. Using fallback presentation compiler.
2026.09.01 16:28:08 INFO  no build target found for C:\Users\USUARIO\Documents\farmacia\farmacia\src\main\java\com\example\farmacia\controller\AuthController.java. Using fallback presentation compiler.
2026.09.01 16:28:08 INFO  no build target found for C:\Users\USUARIO\Documents\farmacia\farmacia\src\main\java\com\example\farmacia\controller\AuthController.java. Using fallback presentation compiler.
2026.09.01 16:28:08 WARN  no build target for: C:\Users\USUARIO\Documents\farmacia\farmacia\src\main\java\com\example\farmacia\controller\AuthController.java
2026.09.01 16:28:08 INFO  no build target found for C:\Users\USUARIO\Documents\farmacia\farmacia\src\main\java\com\example\farmacia\controller\AuthController.java. Using fallback presentation compiler.
2026.09.01 16:28:09 INFO  no build target found for C:\Users\USUARIO\Documents\farmacia\farmacia\src\main\java\com\example\farmacia\controller\AuthController.java. Using fallback presentation compiler.
2026.09.01 16:28:09 INFO  no build target found for C:\Users\USUARIO\Documents\farmacia\farmacia\src\main\java\com\example\farmacia\controller\FormulaController.java. Using fallback presentation compiler.
2026.09.01 16:28:09 INFO  no build target found for C:\Users\USUARIO\Documents\farmacia\farmacia\src\main\java\com\example\farmacia\controller\AuthController.java. Using fallback presentation compiler.
2026.09.01 16:28:11 INFO  no build target found for C:\Users\USUARIO\Documents\farmacia\farmacia\src\main\java\com\example\farmacia\controller\AuthController.java. Using fallback presentation compiler.
2026.09.01 16:28:13 INFO  no build target found for C:\Users\USUARIO\Documents\farmacia\farmacia\src\main\java\com\example\farmacia\controller\AuthController.java. Using fallback presentation compiler.
2026.09.01 16:28:15 INFO  no build target found for C:\Users\USUARIO\Documents\farmacia\farmacia\src\main\java\com\example\farmacia\controller\DashboardController.java. Using fallback presentation compiler.
2026.09.01 16:28:15 WARN  no build target for: C:\Users\USUARIO\Documents\farmacia\farmacia\src\main\java\com\example\farmacia\controller\DashboardController.java
2026.09.01 16:28:15 INFO  no build target found for C:\Users\USUARIO\Documents\farmacia\farmacia\src\main\java\com\example\farmacia\controller\DashboardController.java. Using fallback presentation compiler.
2026.09.01 16:28:15 INFO  no build target found for C:\Users\USUARIO\Documents\farmacia\farmacia\src\main\java\com\example\farmacia\controller\DashboardController.java. Using fallback presentation compiler.
2026.09.01 16:28:15 INFO  no build target found for C:\Users\USUARIO\Documents\farmacia\farmacia\src\main\java\com\example\farmacia\controller\FormulaController.java. Using fallback presentation compiler.
2026.09.01 16:28:15 INFO  no build target found for C:\Users\USUARIO\Documents\farmacia\farmacia\src\main\java\com\example\farmacia\controller\DashboardController.java. Using fallback presentation compiler.
2026.09.01 16:28:16 INFO  no build target found for C:\Users\USUARIO\Documents\farmacia\farmacia\src\main\java\com\example\farmacia\controller\DashboardController.java. Using fallback presentation compiler.
2026.09.01 16:28:16 INFO  no build target found for C:\Users\USUARIO\Documents\farmacia\farmacia\src\main\java\com\example\farmacia\controller\DashboardController.java. Using fallback presentation compiler.
2026.09.01 16:28:18 INFO  no build target found for C:\Users\USUARIO\Documents\farmacia\farmacia\src\main\java\com\example\farmacia\controller\DashboardController.java. Using fallback presentation compiler.
2026.09.01 16:28:18 INFO  no build target found for C:\Users\USUARIO\Documents\farmacia\farmacia\src\main\java\com\example\farmacia\controller\DashboardController.java. Using fallback presentation compiler.
2026.09.01 16:28:18 INFO  no build target found for C:\Users\USUARIO\Documents\farmacia\farmacia\src\main\java\com\example\farmacia\controller\DashboardController.java. Using fallback presentation compiler.
2026.09.01 16:28:18 INFO  no build target found for C:\Users\USUARIO\Documents\farmacia\farmacia\src\main\java\com\example\farmacia\controller\DashboardController.java. Using fallback presentation compiler.
2026.09.01 16:28:18 INFO  no build target found for C:\Users\USUARIO\Documents\farmacia\farmacia\src\main\java\com\example\farmacia\controller\DashboardController.java. Using fallback presentation compiler.
2026.09.01 16:28:19 INFO  no build target found for C:\Users\USUARIO\Documents\farmacia\farmacia\src\main\java\com\example\farmacia\controller\DashboardController.java. Using fallback presentation compiler.
sept 01, 2026 4:28:19 P. M. org.eclipse.lsp4j.jsonrpc.RemoteEndpoint handleCancellation
ADVERTENCIA: Unmatched cancel notification for request id 978
2026.09.01 16:28:19 INFO  no build target found for C:\Users\USUARIO\Documents\farmacia\farmacia\src\main\java\com\example\farmacia\controller\DashboardController.java. Using fallback presentation compiler.
2026.09.01 16:28:20 INFO  no build target found for C:\Users\USUARIO\Documents\farmacia\farmacia\src\main\java\com\example\farmacia\controller\DashboardController.java. Using fallback presentation compiler.
sept 01, 2026 4:28:20 P. M. org.eclipse.lsp4j.jsonrpc.RemoteEndpoint handleCancellation
ADVERTENCIA: Unmatched cancel notification for request id 980
2026.09.01 16:28:19 INFO  no build target found for C:\Users\USUARIO\Documents\farmacia\farmacia\src\main\java\com\example\farmacia\controller\DashboardController.java. Using fallback presentation compiler.
2026.09.01 16:28:20 WARN  no build target for: C:\Users\USUARIO\Documents\farmacia\farmacia\src\main\java\com\example\farmacia\controller\DashboardController.java
2026.09.01 16:28:19 INFO  no build target found for C:\Users\USUARIO\Documents\farmacia\farmacia\src\main\java\com\example\farmacia\controller\DashboardController.java. Using fallback presentation compiler.
2026.09.01 16:28:20 INFO  no build target found for C:\Users\USUARIO\Documents\farmacia\farmacia\src\main\java\com\example\farmacia\controller\DashboardController.java. Using fallback presentation compiler.
2026.09.01 16:28:20 INFO  no build target found for C:\Users\USUARIO\Documents\farmacia\farmacia\src\main\java\com\example\farmacia\controller\FormulaController.java. Using fallback presentation compiler.
2026.09.01 16:28:20 INFO  no build target found for C:\Users\USUARIO\Documents\farmacia\farmacia\src\main\java\com\example\farmacia\controller\DashboardController.java. Using fallback presentation compiler.
2026.09.01 16:28:20 INFO  no build target found for C:\Users\USUARIO\Documents\farmacia\farmacia\src\main\java\com\example\farmacia\controller\DashboardController.java. Using fallback presentation compiler.
2026.09.01 16:28:25 INFO  no build target found for C:\Users\USUARIO\Documents\farmacia\farmacia\src\main\java\com\example\farmacia\controller\ClienteController.java. Using fallback presentation compiler.
2026.09.01 16:28:25 WARN  no build target for: C:\Users\USUARIO\Documents\farmacia\farmacia\src\main\java\com\example\farmacia\controller\ClienteController.java
2026.09.01 16:28:25 INFO  no build target found for C:\Users\USUARIO\Documents\farmacia\farmacia\src\main\java\com\example\farmacia\controller\ClienteController.java. Using fallback presentation compiler.
sept 01, 2026 4:28:25 P. M. org.eclipse.lsp4j.jsonrpc.RemoteEndpoint handleCancellation
ADVERTENCIA: Unmatched cancel notification for request id 994
2026.09.01 16:28:26 INFO  no build target found for C:\Users\USUARIO\Documents\farmacia\farmacia\src\main\java\com\example\farmacia\controller\ClienteController.java. Using fallback presentation compiler.
2026.09.01 16:28:26 INFO  no build target found for C:\Users\USUARIO\Documents\farmacia\farmacia\src\main\java\com\example\farmacia\controller\ClienteController.java. Using fallback presentation compiler.
2026.09.01 16:28:26 INFO  no build target found for C:\Users\USUARIO\Documents\farmacia\farmacia\src\main\java\com\example\farmacia\controller\ClienteController.java. Using fallback presentation compiler.
2026.09.01 16:28:41 INFO  no build target found for C:\Users\USUARIO\Documents\farmacia\farmacia\src\main\java\com\example\farmacia\controller\FormulaController.java. Using fallback presentation compiler.
2026.09.01 16:28:44 INFO  no build target found for C:\Users\USUARIO\Documents\farmacia\farmacia\src\main\java\com\example\farmacia\controller\ClienteController.java. Using fallback presentation compiler.
2026.09.01 16:28:44 INFO  no build target found for C:\Users\USUARIO\Documents\farmacia\farmacia\src\main\java\com\example\farmacia\controller\ClienteController.java. Using fallback presentation compiler.
2026.09.01 16:28:46 INFO  no build target found for C:\Users\USUARIO\Documents\farmacia\farmacia\src\main\java\com\example\farmacia\controller\ClienteController.java. Using fallback presentation compiler.
2026.09.01 16:28:46 INFO  no build target found for C:\Users\USUARIO\Documents\farmacia\farmacia\src\main\java\com\example\farmacia\controller\ClienteController.java. Using fallback presentation compiler.
2026.09.01 16:28:46 INFO  no build target found for C:\Users\USUARIO\Documents\farmacia\farmacia\src\main\java\com\example\farmacia\controller\ClienteController.java. Using fallback presentation compiler.
2026.09.01 16:28:47 WARN  no build target for: C:\Users\USUARIO\Documents\farmacia\farmacia\src\main\java\com\example\farmacia\controller\ClienteController.java
2026.09.01 16:28:47 INFO  no build target found for C:\Users\USUARIO\Documents\farmacia\farmacia\src\main\java\com\example\farmacia\controller\ClienteController.java. Using fallback presentation compiler.
2026.09.01 16:28:48 INFO  no build target found for C:\Users\USUARIO\Documents\farmacia\farmacia\src\main\java\com\example\farmacia\controller\ClienteController.java. Using fallback presentation compiler.
2026.09.01 16:28:48 INFO  no build target found for C:\Users\USUARIO\Documents\farmacia\farmacia\src\main\java\com\example\farmacia\controller\ClienteController.java. Using fallback presentation compiler.
2026.09.01 16:28:51 INFO  no build target found for C:\Users\USUARIO\Documents\farmacia\farmacia\src\main\java\com\example\farmacia\controller\ClienteController.java. Using fallback presentation compiler.
2026.09.01 16:28:51 INFO  no build target found for C:\Users\USUARIO\Documents\farmacia\farmacia\src\main\java\com\example\farmacia\controller\ClienteController.java. Using fallback presentation compiler.
2026.09.01 16:28:53 INFO  no build target found for C:\Users\USUARIO\Documents\farmacia\farmacia\src\main\java\com\example\farmacia\controller\ClienteController.java. Using fallback presentation compiler.
2026.09.01 16:28:53 INFO  no build target found for C:\Users\USUARIO\Documents\farmacia\farmacia\src\main\java\com\example\farmacia\controller\ClienteController.java. Using fallback presentation compiler.
2026.09.01 16:28:53 INFO  no build target found for C:\Users\USUARIO\Documents\farmacia\farmacia\src\main\java\com\example\farmacia\controller\FormulaController.java. Using fallback presentation compiler.
2026.09.01 16:28:55 INFO  no build target found for C:\Users\USUARIO\Documents\farmacia\farmacia\src\main\java\com\example\farmacia\controller\ClienteController.java. Using fallback presentation compiler.
2026.09.01 16:28:55 INFO  no build target found for C:\Users\USUARIO\Documents\farmacia\farmacia\src\main\java\com\example\farmacia\controller\ClienteController.java. Using fallback presentation compiler.
2026.09.01 16:28:55 INFO  no build target found for C:\Users\USUARIO\Documents\farmacia\farmacia\src\main\java\com\example\farmacia\controller\ClienteController.java. Using fallback presentation compiler.
2026.09.01 16:28:56 INFO  no build target found for C:\Users\USUARIO\Documents\farmacia\farmacia\src\main\java\com\example\farmacia\controller\ClienteController.java. Using fallback presentation compiler.
2026.09.01 16:28:56 INFO  no build target found for C:\Users\USUARIO\Documents\farmacia\farmacia\src\main\java\com\example\farmacia\controller\ClienteController.java. Using fallback presentation compiler.
2026.09.01 16:28:57 INFO  no build target found for C:\Users\USUARIO\Documents\farmacia\farmacia\src\main\java\com\example\farmacia\controller\ClienteController.java. Using fallback presentation compiler.
2026.09.01 16:28:57 INFO  Created report: Optional[file:///C:/Users/USUARIO/Documents/farmacia/farmacia/src/main/java/com/example/farmacia/controller/ClienteController.java]
2026.09.01 16:28:57 INFO  empty definition using pc, found symbol in pc: _empty_/RedirectAttributes# (full report at: "C:\Users\USUARIO\Documents\farmacia\farmacia\.metals\.reports\metals-full\2026-09-01\r_empty-definition_16-28-57-805.md")
2026.09.01 16:28:58 INFO  no build target found for C:\Users\USUARIO\Documents\farmacia\farmacia\src\main\java\com\example\farmacia\controller\ClienteController.java. Using fallback presentation compiler.
2026.09.01 16:29:00 INFO  no build target found for C:\Users\USUARIO\Documents\farmacia\farmacia\src\main\java\com\example\farmacia\controller\ClienteController.java. Using fallback presentation compiler.
2026.09.01 16:29:00 INFO  no build target found for C:\Users\USUARIO\Documents\farmacia\farmacia\src\main\java\com\example\farmacia\controller\ClienteController.java. Using fallback presentation compiler.
2026.09.01 16:29:00 INFO  no build target found for C:\Users\USUARIO\Documents\farmacia\farmacia\src\main\java\com\example\farmacia\controller\ClienteController.java. Using fallback presentation compiler.
2026.09.01 16:29:02 INFO  no build target found for C:\Users\USUARIO\Documents\farmacia\farmacia\src\main\java\com\example\farmacia\controller\ClienteController.java. Using fallback presentation compiler.
2026.09.01 16:29:02 INFO  no build target found for C:\Users\USUARIO\Documents\farmacia\farmacia\src\main\java\com\example\farmacia\controller\ClienteController.java. Using fallback presentation compiler.
2026.09.01 16:29:02 INFO  no build target found for C:\Users\USUARIO\Documents\farmacia\farmacia\src\main\java\com\example\farmacia\controller\ClienteController.java. Using fallback presentation compiler.
2026.09.01 16:29:02 INFO  no build target found for C:\Users\USUARIO\Documents\farmacia\farmacia\src\main\java\com\example\farmacia\controller\ClienteController.java. Using fallback presentation compiler.
2026.09.01 16:29:02 INFO  no build target found for C:\Users\USUARIO\Documents\farmacia\farmacia\src\main\java\com\example\farmacia\controller\ClienteController.java. Using fallback presentation compiler.
2026.09.01 16:29:02 INFO  no build target found for C:\Users\USUARIO\Documents\farmacia\farmacia\src\main\java\com\example\farmacia\controller\ClienteController.java. Using fallback presentation compiler.
2026.09.01 16:29:03 INFO  no build target found for C:\Users\USUARIO\Documents\farmacia\farmacia\src\main\java\com\example\farmacia\controller\ClienteController.java. Using fallback presentation compiler.
2026.09.01 16:29:03 INFO  no build target found for C:\Users\USUARIO\Documents\farmacia\farmacia\src\main\java\com\example\farmacia\controller\ClienteController.java. Using fallback presentation compiler.
2026.09.01 16:29:03 INFO  no build target found for C:\Users\USUARIO\Documents\farmacia\farmacia\src\main\java\com\example\farmacia\controller\ClienteController.java. Using fallback presentation compiler.
2026.09.01 16:29:03 INFO  no build target found for C:\Users\USUARIO\Documents\farmacia\farmacia\src\main\java\com\example\farmacia\controller\ClienteController.java. Using fallback presentation compiler.
2026.09.01 16:29:03 INFO  no build target found for C:\Users\USUARIO\Documents\farmacia\farmacia\src\main\java\com\example\farmacia\controller\ClienteController.java. Using fallback presentation compiler.
2026.09.01 16:29:03 INFO  no build target found for C:\Users\USUARIO\Documents\farmacia\farmacia\src\main\java\com\example\farmacia\controller\ClienteController.java. Using fallback presentation compiler.
2026.09.01 16:29:04 INFO  no build target found for C:\Users\USUARIO\Documents\farmacia\farmacia\src\main\java\com\example\farmacia\controller\ClienteController.java. Using fallback presentation compiler.
2026.09.01 16:29:04 INFO  no build target found for C:\Users\USUARIO\Documents\farmacia\farmacia\src\main\java\com\example\farmacia\controller\ClienteController.java. Using fallback presentation compiler.
2026.09.01 16:29:10 INFO  no build target found for C:\Users\USUARIO\Documents\farmacia\farmacia\src\main\java\com\example\farmacia\controller\ClienteController.java. Using fallback presentation compiler.
2026.09.01 16:29:10 INFO  no build target found for C:\Users\USUARIO\Documents\farmacia\farmacia\src\main\java\com\example\farmacia\controller\ClienteController.java. Using fallback presentation compiler.
2026.09.01 16:29:11 INFO  no build target found for C:\Users\USUARIO\Documents\farmacia\farmacia\src\main\java\com\example\farmacia\controller\ClienteController.java. Using fallback presentation compiler.
2026.09.01 16:29:11 INFO  no build target found for C:\Users\USUARIO\Documents\farmacia\farmacia\src\main\java\com\example\farmacia\controller\ClienteController.java. Using fallback presentation compiler.
2026.09.01 16:29:11 INFO  no build target found for C:\Users\USUARIO\Documents\farmacia\farmacia\src\main\java\com\example\farmacia\controller\ClienteController.java. Using fallback presentation compiler.
2026.09.01 16:29:11 INFO  no build target found for C:\Users\USUARIO\Documents\farmacia\farmacia\src\main\java\com\example\farmacia\controller\ClienteController.java. Using fallback presentation compiler.
2026.09.01 16:29:11 INFO  no build target found for C:\Users\USUARIO\Documents\farmacia\farmacia\src\main\java\com\example\farmacia\controller\ClienteController.java. Using fallback presentation compiler.
2026.09.01 16:29:16 INFO  no build target found for C:\Users\USUARIO\Documents\farmacia\farmacia\src\main\java\com\example\farmacia\controller\ClienteController.java. Using fallback presentation compiler.
2026.09.01 16:29:16 INFO  no build target found for C:\Users\USUARIO\Documents\farmacia\farmacia\src\main\java\com\example\farmacia\controller\ClienteController.java. Using fallback presentation compiler.
2026.09.01 16:29:16 INFO  no build target found for C:\Users\USUARIO\Documents\farmacia\farmacia\src\main\java\com\example\farmacia\controller\ClienteController.java. Using fallback presentation compiler.
2026.09.01 16:29:18 INFO  no build target found for C:\Users\USUARIO\Documents\farmacia\farmacia\src\main\java\com\example\farmacia\controller\ClienteController.java. Using fallback presentation compiler.
2026.09.01 16:29:18 INFO  no build target found for C:\Users\USUARIO\Documents\farmacia\farmacia\src\main\java\com\example\farmacia\controller\ClienteController.java. Using fallback presentation compiler.
2026.09.01 16:29:18 INFO  no build target found for C:\Users\USUARIO\Documents\farmacia\farmacia\src\main\java\com\example\farmacia\controller\ClienteController.java. Using fallback presentation compiler.
2026.09.01 16:29:18 INFO  no build target found for C:\Users\USUARIO\Documents\farmacia\farmacia\src\main\java\com\example\farmacia\controller\ClienteController.java. Using fallback presentation compiler.
2026.09.01 16:29:18 INFO  no build target found for C:\Users\USUARIO\Documents\farmacia\farmacia\src\main\java\com\example\farmacia\controller\ClienteController.java. Using fallback presentation compiler.
2026.09.01 16:29:19 INFO  no build target found for C:\Users\USUARIO\Documents\farmacia\farmacia\src\main\java\com\example\farmacia\controller\ClienteController.java. Using fallback presentation compiler.
2026.09.01 16:29:44 INFO  no build target found for C:\Users\USUARIO\Documents\farmacia\farmacia\src\main\java\com\example\farmacia\controller\ClienteController.java. Using fallback presentation compiler.
2026.09.01 16:29:44 INFO  no build target found for C:\Users\USUARIO\Documents\farmacia\farmacia\src\main\java\com\example\farmacia\controller\ClienteController.java. Using fallback presentation compiler.
2026.09.01 16:29:49 INFO  no build target found for C:\Users\USUARIO\Documents\farmacia\farmacia\src\main\java\com\example\farmacia\controller\ClienteController.java. Using fallback presentation compiler.
2026.09.01 16:29:49 INFO  no build target found for C:\Users\USUARIO\Documents\farmacia\farmacia\src\main\java\com\example\farmacia\controller\ClienteController.java. Using fallback presentation compiler.
2026.09.01 16:29:49 INFO  no build target found for C:\Users\USUARIO\Documents\farmacia\farmacia\src\main\java\com\example\farmacia\controller\ClienteController.java. Using fallback presentation compiler.
2026.09.01 16:29:49 INFO  no build target found for C:\Users\USUARIO\Documents\farmacia\farmacia\src\main\java\com\example\farmacia\controller\ClienteController.java. Using fallback presentation compiler.
2026.09.01 16:29:51 INFO  no build target found for C:\Users\USUARIO\Documents\farmacia\farmacia\src\main\java\com\example\farmacia\controller\RecetaController.java. Using fallback presentation compiler.
2026.09.01 16:29:51 WARN  no build target for: C:\Users\USUARIO\Documents\farmacia\farmacia\src\main\java\com\example\farmacia\controller\RecetaController.java
2026.09.01 16:29:51 INFO  no build target found for C:\Users\USUARIO\Documents\farmacia\farmacia\src\main\java\com\example\farmacia\controller\RecetaController.java. Using fallback presentation compiler.
2026.09.01 16:29:51 INFO  no build target found for C:\Users\USUARIO\Documents\farmacia\farmacia\src\main\java\com\example\farmacia\controller\FormulaController.java. Using fallback presentation compiler.
2026.09.01 16:29:51 INFO  no build target found for C:\Users\USUARIO\Documents\farmacia\farmacia\src\main\java\com\example\farmacia\controller\RecetaController.java. Using fallback presentation compiler.
2026.09.01 16:29:51 INFO  no build target found for C:\Users\USUARIO\Documents\farmacia\farmacia\src\main\java\com\example\farmacia\controller\RecetaController.java. Using fallback presentation compiler.
2026.09.01 16:29:52 INFO  no build target found for C:\Users\USUARIO\Documents\farmacia\farmacia\src\main\java\com\example\farmacia\controller\RecetaController.java. Using fallback presentation compiler.
2026.09.01 16:29:59 INFO  no build target found for C:\Users\USUARIO\Documents\farmacia\farmacia\src\main\java\com\example\farmacia\controller\RecetaController.java. Using fallback presentation compiler.
2026.09.01 16:29:59 INFO  no build target found for C:\Users\USUARIO\Documents\farmacia\farmacia\src\main\java\com\example\farmacia\controller\RecetaController.java. Using fallback presentation compiler.
2026.09.01 16:29:59 INFO  no build target found for C:\Users\USUARIO\Documents\farmacia\farmacia\src\main\java\com\example\farmacia\controller\RecetaController.java. Using fallback presentation compiler.
2026.09.01 16:30:01 INFO  no build target found for C:\Users\USUARIO\Documents\farmacia\farmacia\src\main\java\com\example\farmacia\controller\RecetaController.java. Using fallback presentation compiler.
2026.09.01 16:30:01 INFO  no build target found for C:\Users\USUARIO\Documents\farmacia\farmacia\src\main\java\com\example\farmacia\controller\RecetaController.java. Using fallback presentation compiler.
2026.09.01 16:30:01 INFO  no build target found for C:\Users\USUARIO\Documents\farmacia\farmacia\src\main\java\com\example\farmacia\controller\RecetaController.java. Using fallback presentation compiler.
2026.09.01 16:30:01 INFO  no build target found for C:\Users\USUARIO\Documents\farmacia\farmacia\src\main\java\com\example\farmacia\controller\RecetaController.java. Using fallback presentation compiler.
sept 01, 2026 4:30:01 P. M. org.eclipse.lsp4j.jsonrpc.RemoteEndpoint handleCancellation
ADVERTENCIA: Unmatched cancel notification for request id 1100
2026.09.01 16:30:01 INFO  no build target found for C:\Users\USUARIO\Documents\farmacia\farmacia\src\main\java\com\example\farmacia\controller\RecetaController.java. Using fallback presentation compiler.
2026.09.01 16:30:01 INFO  no build target found for C:\Users\USUARIO\Documents\farmacia\farmacia\src\main\java\com\example\farmacia\controller\RecetaController.java. Using fallback presentation compiler.
2026.09.01 16:30:01 INFO  no build target found for C:\Users\USUARIO\Documents\farmacia\farmacia\src\main\java\com\example\farmacia\controller\RecetaController.java. Using fallback presentation compiler.
2026.09.01 16:30:01 INFO  no build target found for C:\Users\USUARIO\Documents\farmacia\farmacia\src\main\java\com\example\farmacia\controller\RecetaController.java. Using fallback presentation compiler.
2026.09.01 16:30:02 WARN  no build target for: C:\Users\USUARIO\Documents\farmacia\farmacia\src\main\java\com\example\farmacia\controller\RecetaController.java
2026.09.01 16:30:02 INFO  no build target found for C:\Users\USUARIO\Documents\farmacia\farmacia\src\main\java\com\example\farmacia\controller\RecetaController.java. Using fallback presentation compiler.
2026.09.01 16:30:02 INFO  no build target found for C:\Users\USUARIO\Documents\farmacia\farmacia\src\main\java\com\example\farmacia\controller\FormulaController.java. Using fallback presentation compiler.
2026.09.01 16:30:02 INFO  no build target found for C:\Users\USUARIO\Documents\farmacia\farmacia\src\main\java\com\example\farmacia\controller\RecetaController.java. Using fallback presentation compiler.
2026.09.01 16:30:02 INFO  no build target found for C:\Users\USUARIO\Documents\farmacia\farmacia\src\main\java\com\example\farmacia\controller\RecetaController.java. Using fallback presentation compiler.
sept 01, 2026 4:30:03 P. M. org.eclipse.lsp4j.jsonrpc.RemoteEndpoint handleCancellation
ADVERTENCIA: Unmatched cancel notification for request id 1115
2026.09.01 16:30:03 INFO  no build target found for C:\Users\USUARIO\Documents\farmacia\farmacia\src\main\java\com\example\farmacia\controller\RecetaController.java. Using fallback presentation compiler.
2026.09.01 16:30:03 INFO  no build target found for C:\Users\USUARIO\Documents\farmacia\farmacia\src\main\java\com\example\farmacia\controller\RecetaController.java. Using fallback presentation compiler.
sept 01, 2026 4:30:03 P. M. org.eclipse.lsp4j.jsonrpc.RemoteEndpoint handleCancellation
ADVERTENCIA: Unmatched cancel notification for request id 1119
2026.09.01 16:30:03 INFO  no build target found for C:\Users\USUARIO\Documents\farmacia\farmacia\src\main\java\com\example\farmacia\controller\RecetaController.java. Using fallback presentation compiler.
2026.09.01 16:30:03 INFO  no build target found for C:\Users\USUARIO\Documents\farmacia\farmacia\src\main\java\com\example\farmacia\controller\RecetaController.java. Using fallback presentation compiler.
2026.09.01 16:30:05 INFO  no build target found for C:\Users\USUARIO\Documents\farmacia\farmacia\src\main\java\com\example\farmacia\controller\RecetaController.java. Using fallback presentation compiler.
2026.09.01 16:30:06 INFO  no build target found for C:\Users\USUARIO\Documents\farmacia\farmacia\src\main\java\com\example\farmacia\controller\RecetaController.java. Using fallback presentation compiler.
2026.09.01 16:30:06 INFO  no build target found for C:\Users\USUARIO\Documents\farmacia\farmacia\src\main\java\com\example\farmacia\controller\RecetaController.java. Using fallback presentation compiler.
2026.09.01 16:30:06 INFO  no build target found for C:\Users\USUARIO\Documents\farmacia\farmacia\src\main\java\com\example\farmacia\controller\RecetaController.java. Using fallback presentation compiler.
2026.09.01 16:30:06 INFO  no build target found for C:\Users\USUARIO\Documents\farmacia\farmacia\src\main\java\com\example\farmacia\controller\RecetaController.java. Using fallback presentation compiler.
2026.09.01 16:30:06 INFO  no build target found for C:\Users\USUARIO\Documents\farmacia\farmacia\src\main\java\com\example\farmacia\controller\RecetaController.java. Using fallback presentation compiler.
2026.09.01 16:30:06 INFO  no build target found for C:\Users\USUARIO\Documents\farmacia\farmacia\src\main\java\com\example\farmacia\controller\RecetaController.java. Using fallback presentation compiler.
2026.09.01 16:30:07 INFO  no build target found for C:\Users\USUARIO\Documents\farmacia\farmacia\src\main\java\com\example\farmacia\controller\RecetaController.java. Using fallback presentation compiler.
2026.09.01 16:30:13 INFO  no build target found for C:\Users\USUARIO\Documents\farmacia\farmacia\src\main\java\com\example\farmacia\controller\RecetaController.java. Using fallback presentation compiler.
2026.09.01 16:30:13 INFO  no build target found for C:\Users\USUARIO\Documents\farmacia\farmacia\src\main\java\com\example\farmacia\controller\RecetaController.java. Using fallback presentation compiler.
2026.09.01 16:30:13 INFO  no build target found for C:\Users\USUARIO\Documents\farmacia\farmacia\src\main\java\com\example\farmacia\controller\RecetaController.java. Using fallback presentation compiler.
2026.09.01 16:30:22 WARN  no build target for: C:\Users\USUARIO\Documents\farmacia\farmacia\src\main\java\com\example\farmacia\controller\RecetaController.java
2026.09.01 16:30:22 INFO  no build target found for C:\Users\USUARIO\Documents\farmacia\farmacia\src\main\java\com\example\farmacia\controller\RecetaController.java. Using fallback presentation compiler.
2026.09.01 16:30:22 INFO  no build target found for C:\Users\USUARIO\Documents\farmacia\farmacia\src\main\java\com\example\farmacia\controller\FormulaController.java. Using fallback presentation compiler.
2026.09.01 16:30:22 INFO  no build target found for C:\Users\USUARIO\Documents\farmacia\farmacia\src\main\java\com\example\farmacia\controller\RecetaController.java. Using fallback presentation compiler.
2026.09.01 16:30:22 INFO  no build target found for C:\Users\USUARIO\Documents\farmacia\farmacia\src\main\java\com\example\farmacia\controller\RecetaController.java. Using fallback presentation compiler.
2026.09.01 16:30:23 INFO  no build target found for C:\Users\USUARIO\Documents\farmacia\farmacia\src\main\java\com\example\farmacia\controller\RecetaController.java. Using fallback presentation compiler.
2026.09.01 16:30:23 INFO  no build target found for C:\Users\USUARIO\Documents\farmacia\farmacia\src\main\java\com\example\farmacia\controller\RecetaController.java. Using fallback presentation compiler.
2026.09.01 16:30:26 INFO  no build target found for C:\Users\USUARIO\Documents\farmacia\farmacia\src\main\java\com\example\farmacia\controller\RecetaController.java. Using fallback presentation compiler.
2026.09.01 16:30:26 INFO  no build target found for C:\Users\USUARIO\Documents\farmacia\farmacia\src\main\java\com\example\farmacia\controller\RecetaController.java. Using fallback presentation compiler.
2026.09.01 16:30:26 INFO  no build target found for C:\Users\USUARIO\Documents\farmacia\farmacia\src\main\java\com\example\farmacia\controller\RecetaController.java. Using fallback presentation compiler.
2026.09.01 16:30:26 INFO  no build target found for C:\Users\USUARIO\Documents\farmacia\farmacia\src\main\java\com\example\farmacia\controller\RecetaController.java. Using fallback presentation compiler.
2026.09.01 16:30:28 INFO  no build target found for C:\Users\USUARIO\Documents\farmacia\farmacia\src\main\java\com\example\farmacia\controller\RecetaController.java. Using fallback presentation compiler.
2026.09.01 16:30:28 INFO  no build target found for C:\Users\USUARIO\Documents\farmacia\farmacia\src\main\java\com\example\farmacia\controller\RecetaController.java. Using fallback presentation compiler.
2026.09.01 16:30:28 INFO  no build target found for C:\Users\USUARIO\Documents\farmacia\farmacia\src\main\java\com\example\farmacia\controller\RecetaController.java. Using fallback presentation compiler.
2026.09.01 16:30:30 INFO  no build target found for C:\Users\USUARIO\Documents\farmacia\farmacia\src\main\java\com\example\farmacia\controller\RecetaController.java. Using fallback presentation compiler.
2026.09.01 16:30:30 INFO  no build target found for C:\Users\USUARIO\Documents\farmacia\farmacia\src\main\java\com\example\farmacia\controller\RecetaController.java. Using fallback presentation compiler.
2026.09.01 16:30:31 INFO  no build target found for C:\Users\USUARIO\Documents\farmacia\farmacia\src\main\java\com\example\farmacia\controller\RecetaController.java. Using fallback presentation compiler.
2026.09.01 16:30:30 INFO  no build target found for C:\Users\USUARIO\Documents\farmacia\farmacia\src\main\java\com\example\farmacia\controller\RecetaController.java. Using fallback presentation compiler.
2026.09.01 16:30:31 WARN  no build target for: C:\Users\USUARIO\Documents\farmacia\farmacia\src\main\java\com\example\farmacia\controller\RecetaController.java
2026.09.01 16:30:31 INFO  no build target found for C:\Users\USUARIO\Documents\farmacia\farmacia\src\main\java\com\example\farmacia\controller\FormulaController.java. Using fallback presentation compiler.
2026.09.01 16:30:32 INFO  no build target found for C:\Users\USUARIO\Documents\farmacia\farmacia\src\main\java\com\example\farmacia\controller\RecetaController.java. Using fallback presentation compiler.
2026.09.01 16:30:32 INFO  no build target found for C:\Users\USUARIO\Documents\farmacia\farmacia\src\main\java\com\example\farmacia\controller\RecetaController.java. Using fallback presentation compiler.
2026.09.01 16:30:32 INFO  no build target found for C:\Users\USUARIO\Documents\farmacia\farmacia\src\main\java\com\example\farmacia\controller\RecetaController.java. Using fallback presentation compiler.
2026.09.01 16:30:37 INFO  no build target found for C:\Users\USUARIO\Documents\farmacia\farmacia\src\main\java\com\example\farmacia\controller\RecetaController.java. Using fallback presentation compiler.
2026.09.01 16:30:38 INFO  no build target found for C:\Users\USUARIO\Documents\farmacia\farmacia\src\main\java\com\example\farmacia\controller\RecetaController.java. Using fallback presentation compiler.
2026.09.01 16:31:02 INFO  no build target found for C:\Users\USUARIO\Documents\farmacia\farmacia\src\main\java\com\example\farmacia\controller\RecetaController.java. Using fallback presentation compiler.
2026.09.01 16:31:02 INFO  no build target found for C:\Users\USUARIO\Documents\farmacia\farmacia\src\main\java\com\example\farmacia\controller\RecetaController.java. Using fallback presentation compiler.
2026.09.01 16:32:53 INFO  no build target found for C:\Users\USUARIO\Documents\farmacia\farmacia\src\main\java\com\example\farmacia\controller\RecetaController.java. Using fallback presentation compiler.
2026.09.01 16:32:53 INFO  no build target found for C:\Users\USUARIO\Documents\farmacia\farmacia\src\main\java\com\example\farmacia\controller\RecetaController.java. Using fallback presentation compiler.
2026.09.01 16:32:54 INFO  no build target found for C:\Users\USUARIO\Documents\farmacia\farmacia\src\main\java\com\example\farmacia\controller\RecetaController.java. Using fallback presentation compiler.
2026.09.01 16:32:54 INFO  no build target found for C:\Users\USUARIO\Documents\farmacia\farmacia\src\main\java\com\example\farmacia\controller\RecetaController.java. Using fallback presentation compiler.
2026.09.01 16:32:56 INFO  no build target found for C:\Users\USUARIO\Documents\farmacia\farmacia\src\main\java\com\example\farmacia\controller\RecetaController.java. Using fallback presentation compiler.
2026.09.01 16:32:56 INFO  no build target found for C:\Users\USUARIO\Documents\farmacia\farmacia\src\main\java\com\example\farmacia\controller\RecetaController.java. Using fallback presentation compiler.
sept 01, 2026 4:32:56 P. M. org.eclipse.lsp4j.jsonrpc.RemoteEndpoint handleCancellation
ADVERTENCIA: Unmatched cancel notification for request id 1173
2026.09.01 16:41:36 INFO  no build target found for C:\Users\USUARIO\Documents\farmacia\farmacia\src\main\java\com\example\farmacia\controller\RecetaController.java. Using fallback presentation compiler.
2026.09.01 16:41:36 INFO  no build target found for C:\Users\USUARIO\Documents\farmacia\farmacia\src\main\java\com\example\farmacia\controller\RecetaController.java. Using fallback presentation compiler.
2026.09.01 16:41:36 INFO  no build target found for C:\Users\USUARIO\Documents\farmacia\farmacia\src\main\java\com\example\farmacia\controller\RecetaController.java. Using fallback presentation compiler.
2026.09.01 16:41:36 INFO  no build target found for C:\Users\USUARIO\Documents\farmacia\farmacia\src\main\java\com\example\farmacia\controller\RecetaController.java. Using fallback presentation compiler.
2026.09.01 16:41:36 INFO  no build target found for C:\Users\USUARIO\Documents\farmacia\farmacia\src\main\java\com\example\farmacia\controller\RecetaController.java. Using fallback presentation compiler.
2026.09.01 16:41:41 WARN  no build target for: C:\Users\USUARIO\Documents\farmacia\farmacia\src\main\java\com\example\farmacia\controller\RecetaController.java
2026.09.01 16:41:41 INFO  no build target found for C:\Users\USUARIO\Documents\farmacia\farmacia\src\main\java\com\example\farmacia\controller\RecetaController.java. Using fallback presentation compiler.
2026.09.01 16:41:41 INFO  no build target found for C:\Users\USUARIO\Documents\farmacia\farmacia\src\main\java\com\example\farmacia\controller\RecetaController.java. Using fallback presentation compiler.
sept 01, 2026 4:41:41 P. M. org.eclipse.lsp4j.jsonrpc.RemoteEndpoint handleCancellation
ADVERTENCIA: Unmatched cancel notification for request id 1181
2026.09.01 16:41:41 INFO  no build target found for C:\Users\USUARIO\Documents\farmacia\farmacia\src\main\java\com\example\farmacia\controller\RecetaController.java. Using fallback presentation compiler.
2026.09.01 16:41:41 INFO  no build target found for C:\Users\USUARIO\Documents\farmacia\farmacia\src\main\java\com\example\farmacia\controller\FormulaController.java. Using fallback presentation compiler.
2026.09.01 16:41:41 INFO  no build target found for C:\Users\USUARIO\Documents\farmacia\farmacia\src\main\java\com\example\farmacia\controller\RecetaController.java. Using fallback presentation compiler.
2026.09.01 16:41:41 INFO  no build target found for C:\Users\USUARIO\Documents\farmacia\farmacia\src\main\java\com\example\farmacia\controller\RecetaController.java. Using fallback presentation compiler.
2026.09.01 16:41:42 INFO  no build target found for C:\Users\USUARIO\Documents\farmacia\farmacia\src\main\java\com\example\farmacia\controller\RecetaController.java. Using fallback presentation compiler.
2026.09.01 16:41:47 INFO  no build target found for C:\Users\USUARIO\Documents\farmacia\farmacia\src\main\java\com\example\farmacia\controller\RecetaController.java. Using fallback presentation compiler.
2026.09.01 16:41:47 INFO  no build target found for C:\Users\USUARIO\Documents\farmacia\farmacia\src\main\java\com\example\farmacia\controller\RecetaController.java. Using fallback presentation compiler.
2026.09.01 16:44:25 INFO  Started: Metals version 1.6.8 in folders 'C:\Users\USUARIO\Documents\farmacia\farmacia' for client Visual Studio Code 1.134.0.
2026.09.01 16:44:25 INFO  Memory monitor started
2026.09.01 16:44:32 WARN  Using H2 2.4.240 which is newer than the version Flyway has been verified with. The latest verified version of H2 is 2.3.232.
2026.09.01 16:44:32 INFO  no build target found for C:\Users\USUARIO\Documents\farmacia\farmacia\src\main\java\com\example\farmacia\controller\RecetaController.java. Using fallback presentation compiler.
2026.09.01 16:44:34 INFO  no build target found for C:\Users\USUARIO\Documents\farmacia\farmacia\src\main\java\com\example\farmacia\controller\RecetaController.java. Using fallback presentation compiler.
2026.09.01 16:44:34 INFO  no build target found for C:\Users\USUARIO\Documents\farmacia\farmacia\src\main\java\com\example\farmacia\controller\RecetaController.java. Using fallback presentation compiler.
2026.09.01 16:44:35 INFO  no build target found for C:\Users\USUARIO\Documents\farmacia\farmacia\src\main\java\com\example\farmacia\controller\RecetaController.java. Using fallback presentation compiler.
sept 01, 2026 4:44:36 P. M. org.eclipse.lsp4j.jsonrpc.RemoteEndpoint handleCancellation
ADVERTENCIA: Unmatched cancel notification for request id 8
2026.09.01 16:44:35 INFO  no build target found for C:\Users\USUARIO\Documents\farmacia\farmacia\src\main\java\com\example\farmacia\controller\RecetaController.java. Using fallback presentation compiler.
2026.09.01 16:44:35 INFO  no build target found for C:\Users\USUARIO\Documents\farmacia\farmacia\src\main\java\com\example\farmacia\controller\RecetaController.java. Using fallback presentation compiler.
sept 01, 2026 4:44:37 P. M. org.eclipse.lsp4j.jsonrpc.RemoteEndpoint handleCancellation
ADVERTENCIA: Unmatched cancel notification for request id 10
2026.09.01 16:44:38 INFO  no build target found for C:\Users\USUARIO\Documents\farmacia\farmacia\src\main\java\com\example\farmacia\controller\RecetaController.java. Using fallback presentation compiler.
2026.09.01 16:44:40 INFO  no build target found for C:\Users\USUARIO\Documents\farmacia\farmacia\src\main\java\com\example\farmacia\controller\RecetaController.java. Using fallback presentation compiler.
2026.09.01 16:44:58 INFO  no build target found for C:\Users\USUARIO\Documents\farmacia\farmacia\src\main\java\com\example\farmacia\controller\RecetaController.java. Using fallback presentation compiler.
2026.09.01 16:44:58 INFO  no build target found for C:\Users\USUARIO\Documents\farmacia\farmacia\src\main\java\com\example\farmacia\controller\RecetaController.java. Using fallback presentation compiler.
2026.09.01 16:44:58 INFO  no build target found for C:\Users\USUARIO\Documents\farmacia\farmacia\src\main\java\com\example\farmacia\controller\RecetaController.java. Using fallback presentation compiler.
2026.09.01 16:45:19 INFO  no build target found for C:\Users\USUARIO\Documents\farmacia\farmacia\src\main\java\com\example\farmacia\controller\RecetaController.java. Using fallback presentation compiler.
2026.09.01 16:45:19 INFO  no build target found for C:\Users\USUARIO\Documents\farmacia\farmacia\src\main\java\com\example\farmacia\controller\RecetaController.java. Using fallback presentation compiler.
2026.09.01 16:45:23 INFO  no build target found for C:\Users\USUARIO\Documents\farmacia\farmacia\src\main\java\com\example\farmacia\controller\RecetaController.java. Using fallback presentation compiler.
2026.09.01 16:45:41 INFO  no build target found for C:\Users\USUARIO\Documents\farmacia\farmacia\src\main\java\com\example\farmacia\controller\RecetaController.java. Using fallback presentation compiler.
2026.09.01 16:45:42 INFO  no build target found for C:\Users\USUARIO\Documents\farmacia\farmacia\src\main\java\com\example\farmacia\controller\RecetaController.java. Using fallback presentation compiler.
2026.09.01 16:46:20 INFO  no build target found for C:\Users\USUARIO\Documents\farmacia\farmacia\src\main\java\com\example\farmacia\controller\RecetaController.java. Using fallback presentation compiler.
2026.09.01 16:46:20 INFO  no build target found for C:\Users\USUARIO\Documents\farmacia\farmacia\src\main\java\com\example\farmacia\controller\RecetaController.java. Using fallback presentation compiler.
2026.09.01 16:58:07 INFO  no build target found for C:\Users\USUARIO\Documents\farmacia\farmacia\src\main\java\com\example\farmacia\controller\RecetaController.java. Using fallback presentation compiler.
2026.09.01 16:58:07 INFO  no build target found for C:\Users\USUARIO\Documents\farmacia\farmacia\src\main\java\com\example\farmacia\controller\RecetaController.java. Using fallback presentation compiler.
2026.09.01 16:58:07 INFO  no build target found for C:\Users\USUARIO\Documents\farmacia\farmacia\src\main\java\com\example\farmacia\controller\RecetaController.java. Using fallback presentation compiler.
2026.09.01 16:58:07 INFO  no build target found for C:\Users\USUARIO\Documents\farmacia\farmacia\src\main\java\com\example\farmacia\controller\RecetaController.java. Using fallback presentation compiler.
2026.09.01 16:58:07 INFO  no build target found for C:\Users\USUARIO\Documents\farmacia\farmacia\src\main\java\com\example\farmacia\controller\RecetaController.java. Using fallback presentation compiler.
2026.09.01 16:58:12 WARN  no build target for: C:\Users\USUARIO\Documents\farmacia\farmacia\src\main\java\com\example\farmacia\controller\RecetaController.java
2026.09.01 16:58:12 INFO  running 'C:\Program Files\Java\jdk-21\bin\java.exe -Dfile.encoding=UTF-8 -Dmaven.multiModuleProjectDirectory=C:\Users\USUARIO\Documents\farmacia\farmacia -Dmaven.home=C:\Users\USUARIO\AppData\Local\Temp\metals12365441189071600250 -cp C:\Users\USUARIO\AppData\Local\Temp\metals12365441189071600250\maven-wrapper.jar org.apache.maven.wrapper.MavenWrapperMain generate-sources ch.epfl.scala:bloop-maven-plugin:2.0.5:bloopInstall -DdownloadSources=true'
2026.09.01 16:58:14 INFO  no build target found for C:\Users\USUARIO\Documents\farmacia\farmacia\src\main\java\com\example\farmacia\controller\RecetaController.java. Using fallback presentation compiler.
2026.09.01 16:58:16 INFO  [INFO] Scanning for projects...
2026.09.01 16:58:18 INFO  Downloading from central: https://repo.maven.apache.org/maven2/ch/epfl/scala/bloop-maven-plugin/2.0.5/bloop-maven-plugin-2.0.5.pom
2026.09.01 16:58:19 INFO  Progress (1): 1.1 kB
2026.09.01 16:58:19 INFO  Progress (1): 2.5 kB
2026.09.01 16:58:19 INFO  Progress (1): 5.6 kB
2026.09.01 16:58:19 INFO  Progress (1): 8.0 kB
2026.09.01 16:58:19 INFO                      
2026.09.01 16:58:19 INFO  Downloaded from central: https://repo.maven.apache.org/maven2/ch/epfl/scala/bloop-maven-plugin/2.0.5/bloop-maven-plugin-2.0.5.pom (8.0 kB at 5.9 kB/s)
2026.09.01 16:58:19 INFO  Downloading from central: https://repo.maven.apache.org/maven2/ch/epfl/scala/bloop-maven-plugin/2.0.5/bloop-maven-plugin-2.0.5.jar
2026.09.01 16:58:19 INFO  Progress (1): 0.9/53 kB
2026.09.01 16:58:19 INFO  Progress (1): 2.3/53 kB
2026.09.01 16:58:19 INFO  Progress (1): 3.1/53 kB
2026.09.01 16:58:19 INFO  Progress (1): 4.5/53 kB
2026.09.01 16:58:19 INFO  Progress (1): 5.9/53 kB
2026.09.01 16:58:19 INFO  Progress (1): 7.3/53 kB
2026.09.01 16:58:19 INFO  Progress (1): 8.6/53 kB
2026.09.01 16:58:19 INFO  Progress (1): 10.0/53 kB
2026.09.01 16:58:19 INFO  Progress (1): 11/53 kB  
2026.09.01 16:58:19 INFO  Progress (1): 13/53 kB
2026.09.01 16:58:19 INFO  Progress (1): 14/53 kB
2026.09.01 16:58:19 INFO  Progress (1): 15/53 kB
2026.09.01 16:58:19 INFO  Progress (1): 17/53 kB
2026.09.01 16:58:19 INFO  Progress (1): 18/53 kB
2026.09.01 16:58:19 INFO  Progress (1): 20/53 kB
2026.09.01 16:58:19 INFO  Progress (1): 21/53 kB
2026.09.01 16:58:19 INFO  Progress (1): 22/53 kB
2026.09.01 16:58:19 INFO  Progress (1): 24/53 kB
2026.09.01 16:58:19 INFO  Progress (1): 25/53 kB
2026.09.01 16:58:19 INFO  Progress (1): 26/53 kB
2026.09.01 16:58:19 INFO  Progress (1): 28/53 kB
2026.09.01 16:58:19 INFO  Progress (1): 29/53 kB
2026.09.01 16:58:19 INFO  Progress (1): 30/53 kB
2026.09.01 16:58:19 INFO  Progress (1): 32/53 kB
2026.09.01 16:58:19 INFO  Progress (1): 33/53 kB
2026.09.01 16:58:19 INFO  Progress (1): 35/53 kB
2026.09.01 16:58:19 INFO  Progress (1): 36/53 kB
2026.09.01 16:58:19 INFO  Progress (1): 37/53 kB
2026.09.01 16:58:19 INFO  Progress (1): 39/53 kB
2026.09.01 16:58:19 INFO  Progress (1): 40/53 kB
2026.09.01 16:58:19 INFO  Progress (1): 41/53 kB
2026.09.01 16:58:19 INFO  Progress (1): 43/53 kB
2026.09.01 16:58:19 INFO  Progress (1): 44/53 kB
2026.09.01 16:58:19 INFO  Progress (1): 46/53 kB
2026.09.01 16:58:19 INFO  Progress (1): 47/53 kB
2026.09.01 16:58:19 INFO  Progress (1): 48/53 kB
2026.09.01 16:58:19 INFO  Progress (1): 50/53 kB
2026.09.01 16:58:19 INFO  Progress (1): 51/53 kB
2026.09.01 16:58:19 INFO  Progress (1): 53 kB   
2026.09.01 16:58:19 INFO                     
2026.09.01 16:58:19 INFO  Downloaded from central: https://repo.maven.apache.org/maven2/ch/epfl/scala/bloop-maven-plugin/2.0.5/bloop-maven-plugin-2.0.5.jar (53 kB at 133 kB/s)
2026.09.01 16:58:19 INFO  [INFO] 
2026.09.01 16:58:19 INFO  [INFO] ------------------------< com.example:farmacia >------------------------
2026.09.01 16:58:19 INFO  [INFO] Building FarmaPrep 0.0.1-SNAPSHOT
2026.09.01 16:58:19 INFO  [INFO]   from pom.xml
2026.09.01 16:58:19 INFO  [INFO] --------------------------------[ jar ]---------------------------------
2026.09.01 16:58:21 INFO  [INFO] 
2026.09.01 16:58:21 INFO  [INFO] --- bloop:2.0.5:bloopInstall (default-cli) @ farmacia ---
2026.09.01 16:58:23 INFO  [ERROR] org.scala-lang:scala([0-9]?)-library is missing from project dependencies
2026.09.01 16:58:23 INFO  [INFO] Resolving artifact: org.springframework:spring-expression:jar:7.0.9:compile (sources = false)
2026.09.01 16:58:23 INFO  [INFO] SUCCESS: org.springframework:spring-expression:jar:7.0.9:compile (sources = false)
2026.09.01 16:58:23 INFO  [INFO] Resolving artifact: org.springframework:spring-expression:jar:7.0.9:compile (sources = true)
2026.09.01 16:58:23 INFO  Downloading from central: https://repo.maven.apache.org/maven2/org/springframework/spring-expression/7.0.9/spring-expression-7.0.9-sources.jar
2026.09.01 16:58:23 INFO  Progress (1): 3.2/249 kB
2026.09.01 16:58:23 INFO  Progress (1): 7.4/249 kB
2026.09.01 16:58:23 INFO  Progress (1): 11/249 kB 
2026.09.01 16:58:23 INFO  Progress (1): 16/249 kB
2026.09.01 16:58:23 INFO  Progress (1): 20/249 kB
2026.09.01 16:58:23 INFO  Progress (1): 24/249 kB
2026.09.01 16:58:23 INFO  Progress (1): 28/249 kB
2026.09.01 16:58:23 INFO  Progress (1): 32/249 kB
2026.09.01 16:58:23 INFO  Progress (1): 36/249 kB
2026.09.01 16:58:23 INFO  Progress (1): 40/249 kB
2026.09.01 16:58:23 INFO  Progress (1): 45/249 kB
2026.09.01 16:58:23 INFO  Progress (1): 49/249 kB
2026.09.01 16:58:23 INFO  Progress (1): 53/249 kB
2026.09.01 16:58:23 INFO  Progress (1): 57/249 kB
2026.09.01 16:58:23 INFO  Progress (1): 61/249 kB
2026.09.01 16:58:23 INFO  Progress (1): 65/249 kB
2026.09.01 16:58:23 INFO  Progress (1): 69/249 kB
2026.09.01 16:58:23 INFO  Progress (1): 73/249 kB
2026.09.01 16:58:23 INFO  Progress (1): 77/249 kB
2026.09.01 16:58:23 INFO  Progress (1): 82/249 kB
2026.09.01 16:58:23 INFO  Progress (1): 86/249 kB
2026.09.01 16:58:23 INFO  Progress (1): 90/249 kB
2026.09.01 16:58:23 INFO  Progress (1): 94/249 kB
2026.09.01 16:58:23 INFO  Progress (1): 99/249 kB
2026.09.01 16:58:23 INFO  Progress (1): 103/249 kB
2026.09.01 16:58:23 INFO  Progress (1): 107/249 kB
2026.09.01 16:58:23 INFO  Progress (1): 111/249 kB
2026.09.01 16:58:23 INFO  Progress (1): 115/249 kB
2026.09.01 16:58:23 INFO  Progress (1): 120/249 kB
2026.09.01 16:58:23 INFO  Progress (1): 124/249 kB
2026.09.01 16:58:23 INFO  Progress (1): 128/249 kB
2026.09.01 16:58:23 INFO  Progress (1): 132/249 kB
2026.09.01 16:58:23 INFO  Progress (1): 134/249 kB
2026.09.01 16:58:23 INFO  Progress (1): 138/249 kB
2026.09.01 16:58:23 INFO  Progress (1): 142/249 kB
2026.09.01 16:58:23 INFO  Progress (1): 147/249 kB
2026.09.01 16:58:23 INFO  Progress (1): 151/249 kB
2026.09.01 16:58:23 INFO  Progress (1): 155/249 kB
2026.09.01 16:58:23 INFO  Progress (1): 159/249 kB
2026.09.01 16:58:23 INFO  Progress (1): 167/249 kB
2026.09.01 16:58:23 INFO  Progress (1): 183/249 kB
2026.09.01 16:58:23 INFO  Progress (1): 200/249 kB
2026.09.01 16:58:23 INFO  Progress (1): 216/249 kB
2026.09.01 16:58:25 INFO  Progress (1): 233/249 kB
2026.09.01 16:58:25 INFO  Progress (1): 249/249 kB
2026.09.01 16:58:25 INFO  Progress (1): 249 kB    
2026.09.01 16:58:25 INFO                      
2026.09.01 16:58:25 INFO  Downloaded from central: https://repo.maven.apache.org/maven2/org/springframework/spring-expression/7.0.9/spring-expression-7.0.9-sources.jar (249 kB at 239 kB/s)
2026.09.01 16:58:25 INFO  [INFO] SUCCESS: org.springframework:spring-expression:jar:7.0.9:compile (sources = true)
2026.09.01 16:58:25 INFO  [INFO] Resolving artifact: com.jayway.jsonpath:json-path:jar:2.10.0:test (sources = false)
2026.09.01 16:58:25 INFO  [INFO] SUCCESS: com.jayway.jsonpath:json-path:jar:2.10.0:test (sources = false)
2026.09.01 16:58:25 INFO  [INFO] Resolving artifact: com.jayway.jsonpath:json-path:jar:2.10.0:test (sources = true)
2026.09.01 16:58:25 INFO  [INFO] SUCCESS: com.jayway.jsonpath:json-path:jar:2.10.0:test (sources = true)
2026.09.01 16:58:25 INFO  [INFO] Resolving artifact: org.hamcrest:hamcrest:jar:3.0:test (sources = false)
2026.09.01 16:58:25 INFO  [INFO] SUCCESS: org.hamcrest:hamcrest:jar:3.0:test (sources = false)
2026.09.01 16:58:25 INFO  [INFO] Resolving artifact: org.hamcrest:hamcrest:jar:3.0:test (sources = true)
2026.09.01 16:58:25 INFO  [INFO] SUCCESS: org.hamcrest:hamcrest:jar:3.0:test (sources = true)
2026.09.01 16:58:25 INFO  [INFO] Resolving artifact: org.springframework.boot:spring-boot-thymeleaf:jar:4.1.1:compile (sources = false)
2026.09.01 16:58:25 INFO  [INFO] SUCCESS: org.springframework.boot:spring-boot-thymeleaf:jar:4.1.1:compile (sources = false)
2026.09.01 16:58:25 INFO  [INFO] Resolving artifact: org.springframework.boot:spring-boot-thymeleaf:jar:4.1.1:compile (sources = true)
2026.09.01 16:58:25 INFO  Downloading from central: https://repo.maven.apache.org/maven2/org/springframework/boot/spring-boot-thymeleaf/4.1.1/spring-boot-thymeleaf-4.1.1-sources.jar
2026.09.01 16:58:25 INFO  Progress (1): 7.7/16 kB
2026.09.01 16:58:25 INFO  Progress (1): 16/16 kB 
2026.09.01 16:58:25 INFO  Progress (1): 16 kB   
2026.09.01 16:58:25 INFO                     
2026.09.01 16:58:25 INFO  Downloaded from central: https://repo.maven.apache.org/maven2/org/springframework/boot/spring-boot-thymeleaf/4.1.1/spring-boot-thymeleaf-4.1.1-sources.jar (16 kB at 76 kB/s)
2026.09.01 16:58:25 INFO  [INFO] SUCCESS: org.springframework.boot:spring-boot-thymeleaf:jar:4.1.1:compile (sources = true)
2026.09.01 16:58:25 INFO  [INFO] Resolving artifact: com.sun.istack:istack-commons-runtime:jar:4.1.2:runtime (sources = false)
2026.09.01 16:58:25 INFO  [INFO] SUCCESS: com.sun.istack:istack-commons-runtime:jar:4.1.2:runtime (sources = false)
2026.09.01 16:58:25 INFO  [INFO] Resolving artifact: com.sun.istack:istack-commons-runtime:jar:4.1.2:runtime (sources = true)
2026.09.01 16:58:25 INFO  [INFO] SUCCESS: com.sun.istack:istack-commons-runtime:jar:4.1.2:runtime (sources = true)
2026.09.01 16:58:25 INFO  [INFO] Resolving artifact: org.springframework.boot:spring-boot-starter-tomcat-runtime:jar:4.1.1:compile (sources = false)
2026.09.01 16:58:25 INFO  [INFO] SUCCESS: org.springframework.boot:spring-boot-starter-tomcat-runtime:jar:4.1.1:compile (sources = false)
2026.09.01 16:58:25 INFO  [INFO] Resolving artifact: org.springframework.boot:spring-boot-starter-tomcat-runtime:jar:4.1.1:compile (sources = true)
2026.09.01 16:58:25 INFO  Downloading from central: https://repo.maven.apache.org/maven2/org/springframework/boot/spring-boot-starter-tomcat-runtime/4.1.1/spring-boot-starter-tomcat-runtime-4.1.1-sources.jar
2026.09.01 16:58:25 INFO  Progress (1): 3.2/4.7 kB
2026.09.01 16:58:25 INFO  Progress (1): 4.7 kB    
2026.09.01 16:58:25 INFO                      
2026.09.01 16:58:25 INFO  Downloaded from central: https://repo.maven.apache.org/maven2/org/springframework/boot/spring-boot-starter-tomcat-runtime/4.1.1/spring-boot-starter-tomcat-runtime-4.1.1-sources.jar (4.7 kB at 28 kB/s)
2026.09.01 16:58:25 INFO  [INFO] SUCCESS: org.springframework.boot:spring-boot-starter-tomcat-runtime:jar:4.1.1:compile (sources = true)
2026.09.01 16:58:25 INFO  [INFO] Resolving artifact: org.springframework:spring-beans:jar:7.0.9:compile (sources = false)
2026.09.01 16:58:25 INFO  [INFO] SUCCESS: org.springframework:spring-beans:jar:7.0.9:compile (sources = false)
2026.09.01 16:58:25 INFO  [INFO] Resolving artifact: org.springframework:spring-beans:jar:7.0.9:compile (sources = true)
2026.09.01 16:58:25 INFO  Downloading from central: https://repo.maven.apache.org/maven2/org/springframework/spring-beans/7.0.9/spring-beans-7.0.9-sources.jar
2026.09.01 16:58:25 INFO  Progress (1): 7.7/755 kB
2026.09.01 16:58:25 INFO  Progress (1): 11/755 kB 
2026.09.01 16:58:25 INFO  Progress (1): 28/755 kB
2026.09.01 16:58:25 INFO  Progress (1): 44/755 kB
2026.09.01 16:58:25 INFO  Progress (1): 61/755 kB
2026.09.01 16:58:25 INFO  Progress (1): 77/755 kB
2026.09.01 16:58:25 INFO  Progress (1): 93/755 kB
2026.09.01 16:58:25 INFO  Progress (1): 110/755 kB
2026.09.01 16:58:25 INFO  Progress (1): 126/755 kB
2026.09.01 16:58:25 INFO  Progress (1): 142/755 kB
2026.09.01 16:58:25 INFO  Progress (1): 159/755 kB
2026.09.01 16:58:25 INFO  Progress (1): 175/755 kB
2026.09.01 16:58:25 INFO  Progress (1): 192/755 kB
2026.09.01 16:58:25 INFO  Progress (1): 208/755 kB
2026.09.01 16:58:25 INFO  Progress (1): 224/755 kB
2026.09.01 16:58:25 INFO  Progress (1): 241/755 kB
2026.09.01 16:58:25 INFO  Progress (1): 257/755 kB
2026.09.01 16:58:25 INFO  Progress (1): 273/755 kB
2026.09.01 16:58:25 INFO  Progress (1): 290/755 kB
2026.09.01 16:58:25 INFO  Progress (1): 306/755 kB
2026.09.01 16:58:25 INFO  Progress (1): 323/755 kB
2026.09.01 16:58:26 INFO  Progress (1): 339/755 kB
2026.09.01 16:58:26 INFO  Progress (1): 355/755 kB
2026.09.01 16:58:26 INFO  Progress (1): 372/755 kB
2026.09.01 16:58:26 INFO  Progress (1): 388/755 kB
2026.09.01 16:58:26 INFO  Progress (1): 405/755 kB
2026.09.01 16:58:26 INFO  Progress (1): 421/755 kB
2026.09.01 16:58:26 INFO  Progress (1): 437/755 kB
2026.09.01 16:58:26 INFO  Progress (1): 454/755 kB
2026.09.01 16:58:26 INFO  Progress (1): 470/755 kB
2026.09.01 16:58:26 INFO  Progress (1): 486/755 kB
2026.09.01 16:58:26 INFO  Progress (1): 503/755 kB
2026.09.01 16:58:26 INFO  Progress (1): 519/755 kB
2026.09.01 16:58:26 INFO  Progress (1): 536/755 kB
2026.09.01 16:58:26 INFO  Progress (1): 552/755 kB
2026.09.01 16:58:26 INFO  Progress (1): 568/755 kB
2026.09.01 16:58:26 INFO  Progress (1): 585/755 kB
2026.09.01 16:58:26 INFO  Progress (1): 601/755 kB
2026.09.01 16:58:26 INFO  Progress (1): 618/755 kB
2026.09.01 16:58:26 INFO  Progress (1): 634/755 kB
2026.09.01 16:58:26 INFO  Progress (1): 650/755 kB
2026.09.01 16:58:26 INFO  Progress (1): 667/755 kB
2026.09.01 16:58:26 INFO  Progress (1): 683/755 kB
2026.09.01 16:58:26 INFO  Progress (1): 699/755 kB
2026.09.01 16:58:26 INFO  Progress (1): 716/755 kB
2026.09.01 16:58:26 INFO  Progress (1): 732/755 kB
2026.09.01 16:58:26 INFO  Progress (1): 749/755 kB
2026.09.01 16:58:26 INFO  Progress (1): 755 kB    
2026.09.01 16:58:26 INFO                      
2026.09.01 16:58:26 INFO  Downloaded from central: https://repo.maven.apache.org/maven2/org/springframework/spring-beans/7.0.9/spring-beans-7.0.9-sources.jar (755 kB at 822 kB/s)
2026.09.01 16:58:26 INFO  [INFO] SUCCESS: org.springframework:spring-beans:jar:7.0.9:compile (sources = true)
2026.09.01 16:58:26 INFO  [INFO] Resolving artifact: org.springframework.boot:spring-boot-web-server:jar:4.1.1:compile (sources = false)
2026.09.01 16:58:26 INFO  [INFO] SUCCESS: org.springframework.boot:spring-boot-web-server:jar:4.1.1:compile (sources = false)
2026.09.01 16:58:26 INFO  [INFO] Resolving artifact: org.springframework.boot:spring-boot-web-server:jar:4.1.1:compile (sources = true)
2026.09.01 16:58:26 INFO  Downloading from central: https://repo.maven.apache.org/maven2/org/springframework/boot/spring-boot-web-server/4.1.1/spring-boot-web-server-4.1.1-sources.jar
2026.09.01 16:58:26 INFO  Progress (1): 3.2/130 kB
2026.09.01 16:58:26 INFO  Progress (1): 20/130 kB 
2026.09.01 16:58:26 INFO  Progress (1): 36/130 kB
2026.09.01 16:58:26 INFO  Progress (1): 52/130 kB
2026.09.01 16:58:26 INFO  Progress (1): 61/130 kB
2026.09.01 16:58:26 INFO  Progress (1): 77/130 kB
2026.09.01 16:58:26 INFO  Progress (1): 93/130 kB
2026.09.01 16:58:26 INFO  Progress (1): 110/130 kB
2026.09.01 16:58:26 INFO  Progress (1): 126/130 kB
2026.09.01 16:58:26 INFO  Progress (1): 130 kB    
2026.09.01 16:58:26 INFO                      
2026.09.01 16:58:26 INFO  Downloaded from central: https://repo.maven.apache.org/maven2/org/springframework/boot/spring-boot-web-server/4.1.1/spring-boot-web-server-4.1.1-sources.jar (130 kB at 681 kB/s)
2026.09.01 16:58:26 INFO  [INFO] SUCCESS: org.springframework.boot:spring-boot-web-server:jar:4.1.1:compile (sources = true)
2026.09.01 16:58:26 INFO  [INFO] Resolving artifact: net.bytebuddy:byte-buddy:jar:1.18.11:runtime (sources = false)
2026.09.01 16:58:26 INFO  [INFO] SUCCESS: net.bytebuddy:byte-buddy:jar:1.18.11:runtime (sources = false)
2026.09.01 16:58:26 INFO  [INFO] Resolving artifact: net.bytebuddy:byte-buddy:jar:1.18.11:runtime (sources = true)
2026.09.01 16:58:26 INFO  Downloading from central: https://repo.maven.apache.org/maven2/net/bytebuddy/byte-buddy/1.18.11/byte-buddy-1.18.11-sources.jar
2026.09.01 16:58:26 INFO  Progress (1): 0/1.5 MB
2026.09.01 16:58:26 INFO  Progress (1): 0/1.5 MB
2026.09.01 16:58:26 INFO  Progress (1): 0/1.5 MB
2026.09.01 16:58:26 INFO  Progress (1): 0/1.5 MB
2026.09.01 16:58:26 INFO  Progress (1): 0.1/1.5 MB
2026.09.01 16:58:26 INFO  Progress (1): 0.1/1.5 MB
2026.09.01 16:58:26 INFO  Progress (1): 0.1/1.5 MB
2026.09.01 16:58:26 INFO  Progress (1): 0.1/1.5 MB
2026.09.01 16:58:26 INFO  Progress (1): 0.1/1.5 MB
2026.09.01 16:58:26 INFO  Progress (1): 0.1/1.5 MB
2026.09.01 16:58:26 INFO  Progress (1): 0.1/1.5 MB
2026.09.01 16:58:26 INFO  Progress (1): 0.2/1.5 MB
2026.09.01 16:58:26 INFO  Progress (1): 0.2/1.5 MB
2026.09.01 16:58:26 INFO  Progress (1): 0.2/1.5 MB
2026.09.01 16:58:26 INFO  Progress (1): 0.2/1.5 MB
2026.09.01 16:58:26 INFO  Progress (1): 0.2/1.5 MB
2026.09.01 16:58:26 INFO  Progress (1): 0.2/1.5 MB
2026.09.01 16:58:26 INFO  Progress (1): 0.3/1.5 MB
2026.09.01 16:58:26 INFO  Progress (1): 0.3/1.5 MB
2026.09.01 16:58:26 INFO  Progress (1): 0.3/1.5 MB
2026.09.01 16:58:26 INFO  Progress (1): 0.3/1.5 MB
2026.09.01 16:58:26 INFO  Progress (1): 0.3/1.5 MB
2026.09.01 16:58:26 INFO  Progress (1): 0.3/1.5 MB
2026.09.01 16:58:26 INFO  Progress (1): 0.4/1.5 MB
2026.09.01 16:58:26 INFO  Progress (1): 0.4/1.5 MB
2026.09.01 16:58:27 INFO  Progress (1): 0.4/1.5 MB
2026.09.01 16:58:27 INFO  Progress (1): 0.4/1.5 MB
2026.09.01 16:58:27 INFO  Progress (1): 0.4/1.5 MB
2026.09.01 16:58:27 INFO  Progress (1): 0.4/1.5 MB
2026.09.01 16:58:27 INFO  Progress (1): 0.5/1.5 MB
2026.09.01 16:58:27 INFO  Progress (1): 0.5/1.5 MB
2026.09.01 16:58:27 INFO  Progress (1): 0.5/1.5 MB
2026.09.01 16:58:27 INFO  Progress (1): 0.5/1.5 MB
2026.09.01 16:58:27 INFO  Progress (1): 0.5/1.5 MB
2026.09.01 16:58:27 INFO  Progress (1): 0.5/1.5 MB
2026.09.01 16:58:27 INFO  Progress (1): 0.6/1.5 MB
2026.09.01 16:58:27 INFO  Progress (1): 0.6/1.5 MB
2026.09.01 16:58:27 INFO  Progress (1): 0.6/1.5 MB
2026.09.01 16:58:27 INFO  Progress (1): 0.6/1.5 MB
2026.09.01 16:58:27 INFO  Progress (1): 0.6/1.5 MB
2026.09.01 16:58:27 INFO  Progress (1): 0.6/1.5 MB
2026.09.01 16:58:27 INFO  Progress (1): 0.7/1.5 MB
2026.09.01 16:58:27 INFO  Progress (1): 0.7/1.5 MB
2026.09.01 16:58:27 INFO  Progress (1): 0.7/1.5 MB
2026.09.01 16:58:27 INFO  Progress (1): 0.7/1.5 MB
2026.09.01 16:58:27 INFO  Progress (1): 0.7/1.5 MB
2026.09.01 16:58:27 INFO  Progress (1): 0.7/1.5 MB
2026.09.01 16:58:27 INFO  Progress (1): 0.8/1.5 MB
2026.09.01 16:58:27 INFO  Progress (1): 0.8/1.5 MB
2026.09.01 16:58:27 INFO  Progress (1): 0.8/1.5 MB
2026.09.01 16:58:27 INFO  Progress (1): 0.8/1.5 MB
2026.09.01 16:58:27 INFO  Progress (1): 0.8/1.5 MB
2026.09.01 16:58:27 INFO  Progress (1): 0.8/1.5 MB
2026.09.01 16:58:27 INFO  Progress (1): 0.9/1.5 MB
2026.09.01 16:58:27 INFO  Progress (1): 0.9/1.5 MB
2026.09.01 16:58:27 INFO  Progress (1): 0.9/1.5 MB
2026.09.01 16:58:27 INFO  Progress (1): 0.9/1.5 MB
2026.09.01 16:58:27 INFO  Progress (1): 0.9/1.5 MB
2026.09.01 16:58:27 INFO  Progress (1): 0.9/1.5 MB
2026.09.01 16:58:27 INFO  Progress (1): 1.0/1.5 MB
2026.09.01 16:58:27 INFO  Progress (1): 1.0/1.5 MB
2026.09.01 16:58:27 INFO  Progress (1): 1.0/1.5 MB
2026.09.01 16:58:27 INFO  Progress (1): 1.0/1.5 MB
2026.09.01 16:58:27 INFO  Progress (1): 1.0/1.5 MB
2026.09.01 16:58:27 INFO  Progress (1): 1.0/1.5 MB
2026.09.01 16:58:27 INFO  Progress (1): 1.0/1.5 MB
2026.09.01 16:58:27 INFO  Progress (1): 1.1/1.5 MB
2026.09.01 16:58:27 INFO  Progress (1): 1.1/1.5 MB
2026.09.01 16:58:27 INFO  Progress (1): 1.1/1.5 MB
2026.09.01 16:58:27 INFO  Progress (1): 1.1/1.5 MB
2026.09.01 16:58:27 INFO  Progress (1): 1.1/1.5 MB
2026.09.01 16:58:27 INFO  Progress (1): 1.1/1.5 MB
2026.09.01 16:58:27 INFO  Progress (1): 1.2/1.5 MB
2026.09.01 16:58:27 INFO  Progress (1): 1.2/1.5 MB
2026.09.01 16:58:27 INFO  Progress (1): 1.2/1.5 MB
2026.09.01 16:58:27 INFO  Progress (1): 1.2/1.5 MB
2026.09.01 16:58:27 INFO  Progress (1): 1.2/1.5 MB
2026.09.01 16:58:27 INFO  Progress (1): 1.2/1.5 MB
2026.09.01 16:58:27 INFO  Progress (1): 1.3/1.5 MB
2026.09.01 16:58:27 INFO  Progress (1): 1.3/1.5 MB
2026.09.01 16:58:27 INFO  Progress (1): 1.3/1.5 MB
2026.09.01 16:58:27 INFO  Progress (1): 1.3/1.5 MB
2026.09.01 16:58:27 INFO  Progress (1): 1.3/1.5 MB
2026.09.01 16:58:27 INFO  Progress (1): 1.3/1.5 MB
2026.09.01 16:58:27 INFO  Progress (1): 1.4/1.5 MB
2026.09.01 16:58:27 INFO  Progress (1): 1.4/1.5 MB
2026.09.01 16:58:27 INFO  Progress (1): 1.4/1.5 MB
2026.09.01 16:58:28 INFO  Progress (1): 1.4/1.5 MB
2026.09.01 16:58:28 INFO  Progress (1): 1.4/1.5 MB
2026.09.01 16:58:28 INFO  Progress (1): 1.4/1.5 MB
2026.09.01 16:58:28 INFO  Progress (1): 1.5/1.5 MB
2026.09.01 16:58:28 INFO  Progress (1): 1.5/1.5 MB
2026.09.01 16:58:28 INFO  Progress (1): 1.5 MB    
2026.09.01 16:58:28 INFO                      
2026.09.01 16:58:28 INFO  Downloaded from central: https://repo.maven.apache.org/maven2/net/bytebuddy/byte-buddy/1.18.11/byte-buddy-1.18.11-sources.jar (1.5 MB at 951 kB/s)
2026.09.01 16:58:28 INFO  [INFO] SUCCESS: net.bytebuddy:byte-buddy:jar:1.18.11:runtime (sources = true)
2026.09.01 16:58:28 INFO  [INFO] Resolving artifact: org.springframework.boot:spring-boot:jar:4.1.1:compile (sources = false)
2026.09.01 16:58:28 INFO  [INFO] SUCCESS: org.springframework.boot:spring-boot:jar:4.1.1:compile (sources = false)
2026.09.01 16:58:28 INFO  [INFO] Resolving artifact: org.springframework.boot:spring-boot:jar:4.1.1:compile (sources = true)
2026.09.01 16:58:28 INFO  Downloading from central: https://repo.maven.apache.org/maven2/org/springframework/boot/spring-boot/4.1.1/spring-boot-4.1.1-sources.jar
2026.09.01 16:58:28 INFO  Progress (1): 7.7/863 kB
2026.09.01 16:58:28 INFO  Progress (1): 8.2/863 kB
2026.09.01 16:58:28 INFO  Progress (1): 16/863 kB 
2026.09.01 16:58:28 INFO  Progress (1): 33/863 kB
2026.09.01 16:58:28 INFO  Progress (1): 41/863 kB
2026.09.01 16:58:28 INFO  Progress (1): 57/863 kB
2026.09.01 16:58:28 INFO  Progress (1): 74/863 kB
2026.09.01 16:58:28 INFO  Progress (1): 90/863 kB
2026.09.01 16:58:28 INFO  Progress (1): 106/863 kB
2026.09.01 16:58:28 INFO  Progress (1): 123/863 kB
2026.09.01 16:58:28 INFO  Progress (1): 139/863 kB
2026.09.01 16:58:28 INFO  Progress (1): 147/863 kB
2026.09.01 16:58:28 INFO  Progress (1): 156/863 kB
2026.09.01 16:58:28 INFO  Progress (1): 172/863 kB
2026.09.01 16:58:28 INFO  Progress (1): 188/863 kB
2026.09.01 16:58:28 INFO  Progress (1): 205/863 kB
2026.09.01 16:58:28 INFO  Progress (1): 221/863 kB
2026.09.01 16:58:28 INFO  Progress (1): 238/863 kB
2026.09.01 16:58:28 INFO  Progress (1): 254/863 kB
2026.09.01 16:58:28 INFO  Progress (1): 270/863 kB
2026.09.01 16:58:28 INFO  Progress (1): 279/863 kB
2026.09.01 16:58:28 INFO  Progress (1): 287/863 kB
2026.09.01 16:58:28 INFO  Progress (1): 303/863 kB
2026.09.01 16:58:28 INFO  Progress (1): 319/863 kB
2026.09.01 16:58:28 INFO  Progress (1): 336/863 kB
2026.09.01 16:58:28 INFO  Progress (1): 352/863 kB
2026.09.01 16:58:28 INFO  Progress (1): 369/863 kB
2026.09.01 16:58:28 INFO  Progress (1): 385/863 kB
2026.09.01 16:58:28 INFO  Progress (1): 401/863 kB
2026.09.01 16:58:28 INFO  Progress (1): 410/863 kB
2026.09.01 16:58:28 INFO  Progress (1): 426/863 kB
2026.09.01 16:58:28 INFO  Progress (1): 442/863 kB
2026.09.01 16:58:28 INFO  Progress (1): 459/863 kB
2026.09.01 16:58:28 INFO  Progress (1): 475/863 kB
2026.09.01 16:58:28 INFO  Progress (1): 492/863 kB
2026.09.01 16:58:28 INFO  Progress (1): 508/863 kB
2026.09.01 16:58:28 INFO  Progress (1): 524/863 kB
2026.09.01 16:58:28 INFO  Progress (1): 541/863 kB
2026.09.01 16:58:28 INFO  Progress (1): 557/863 kB
2026.09.01 16:58:28 INFO  Progress (1): 573/863 kB
2026.09.01 16:58:28 INFO  Progress (1): 590/863 kB
2026.09.01 16:58:28 INFO  Progress (1): 606/863 kB
2026.09.01 16:58:28 INFO  Progress (1): 623/863 kB
2026.09.01 16:58:28 INFO  Progress (1): 639/863 kB
2026.09.01 16:58:28 INFO  Progress (1): 655/863 kB
2026.09.01 16:58:28 INFO  Progress (1): 672/863 kB
2026.09.01 16:58:28 INFO  Progress (1): 688/863 kB
2026.09.01 16:58:28 INFO  Progress (1): 705/863 kB
2026.09.01 16:58:28 INFO  Progress (1): 721/863 kB
2026.09.01 16:58:28 INFO  Progress (1): 737/863 kB
2026.09.01 16:58:28 INFO  Progress (1): 754/863 kB
2026.09.01 16:58:28 INFO  Progress (1): 770/863 kB
2026.09.01 16:58:28 INFO  Progress (1): 786/863 kB
2026.09.01 16:58:28 INFO  Progress (1): 803/863 kB
2026.09.01 16:58:28 INFO  Progress (1): 819/863 kB
2026.09.01 16:58:28 INFO  Progress (1): 836/863 kB
2026.09.01 16:58:28 INFO  Progress (1): 852/863 kB
2026.09.01 16:58:28 INFO  Progress (1): 863 kB    
2026.09.01 16:58:29 INFO                      
2026.09.01 16:58:29 INFO  Downloaded from central: https://repo.maven.apache.org/maven2/org/springframework/boot/spring-boot/4.1.1/spring-boot-4.1.1-sources.jar (863 kB at 1.0 MB/s)
2026.09.01 16:58:29 INFO  [INFO] SUCCESS: org.springframework.boot:spring-boot:jar:4.1.1:compile (sources = true)
2026.09.01 16:58:29 INFO  [INFO] Resolving artifact: com.fasterxml.jackson.core:jackson-annotations:jar:2.21:compile (sources = false)
2026.09.01 16:58:29 INFO  [INFO] SUCCESS: com.fasterxml.jackson.core:jackson-annotations:jar:2.21:compile (sources = false)
2026.09.01 16:58:29 INFO  [INFO] Resolving artifact: com.fasterxml.jackson.core:jackson-annotations:jar:2.21:compile (sources = true)
2026.09.01 16:58:29 INFO  [INFO] SUCCESS: com.fasterxml.jackson.core:jackson-annotations:jar:2.21:compile (sources = true)
2026.09.01 16:58:29 INFO  [INFO] Resolving artifact: org.springframework:spring-aop:jar:7.0.9:compile (sources = false)
2026.09.01 16:58:29 INFO  [INFO] SUCCESS: org.springframework:spring-aop:jar:7.0.9:compile (sources = false)
2026.09.01 16:58:29 INFO  [INFO] Resolving artifact: org.springframework:spring-aop:jar:7.0.9:compile (sources = true)
2026.09.01 16:58:29 INFO  Downloading from central: https://repo.maven.apache.org/maven2/org/springframework/spring-aop/7.0.9/spring-aop-7.0.9-sources.jar
2026.09.01 16:58:29 INFO  Progress (1): 7.7/375 kB
2026.09.01 16:58:29 INFO  Progress (1): 11/375 kB 
2026.09.01 16:58:29 INFO  Progress (1): 28/375 kB
2026.09.01 16:58:29 INFO  Progress (1): 44/375 kB
2026.09.01 16:58:29 INFO  Progress (1): 61/375 kB
2026.09.01 16:58:29 INFO  Progress (1): 77/375 kB
2026.09.01 16:58:29 INFO  Progress (1): 93/375 kB
2026.09.01 16:58:29 INFO  Progress (1): 110/375 kB
2026.09.01 16:58:29 INFO  Progress (1): 126/375 kB
2026.09.01 16:58:29 INFO  Progress (1): 142/375 kB
2026.09.01 16:58:29 INFO  Progress (1): 159/375 kB
2026.09.01 16:58:29 INFO  Progress (1): 175/375 kB
2026.09.01 16:58:29 INFO  Progress (1): 192/375 kB
2026.09.01 16:58:29 INFO  Progress (1): 208/375 kB
2026.09.01 16:58:29 INFO  Progress (1): 224/375 kB
2026.09.01 16:58:29 INFO  Progress (1): 241/375 kB
2026.09.01 16:58:29 INFO  Progress (1): 257/375 kB
2026.09.01 16:58:29 INFO  Progress (1): 274/375 kB
2026.09.01 16:58:29 INFO  Progress (1): 290/375 kB
2026.09.01 16:58:29 INFO  Progress (1): 306/375 kB
2026.09.01 16:58:29 INFO  Progress (1): 323/375 kB
2026.09.01 16:58:29 INFO  Progress (1): 339/375 kB
2026.09.01 16:58:29 INFO  Progress (1): 355/375 kB
2026.09.01 16:58:29 INFO  Progress (1): 372/375 kB
2026.09.01 16:58:29 INFO  Progress (1): 375 kB    
2026.09.01 16:58:29 INFO                      
2026.09.01 16:58:29 INFO  Downloaded from central: https://repo.maven.apache.org/maven2/org/springframework/spring-aop/7.0.9/spring-aop-7.0.9-sources.jar (375 kB at 957 kB/s)
2026.09.01 16:58:29 INFO  no build target found for C:\Users\USUARIO\Documents\farmacia\farmacia\src\main\java\com\example\farmacia\controller\FormulaController.java. Using fallback presentation compiler.
2026.09.01 16:58:29 INFO  [INFO] SUCCESS: org.springframework:spring-aop:jar:7.0.9:compile (sources = true)
2026.09.01 16:58:29 INFO  [INFO] Resolving artifact: org.jboss.logging:jboss-logging:jar:3.6.3.Final:compile (sources = false)
2026.09.01 16:58:29 INFO  [INFO] SUCCESS: org.jboss.logging:jboss-logging:jar:3.6.3.Final:compile (sources = false)
2026.09.01 16:58:29 INFO  [INFO] Resolving artifact: org.jboss.logging:jboss-logging:jar:3.6.3.Final:compile (sources = true)
2026.09.01 16:58:29 INFO  [INFO] SUCCESS: org.jboss.logging:jboss-logging:jar:3.6.3.Final:compile (sources = true)
2026.09.01 16:58:29 INFO  [INFO] Resolving artifact: tools.jackson.core:jackson-core:jar:3.1.5:compile (sources = false)
2026.09.01 16:58:29 INFO  no build target found for C:\Users\USUARIO\Documents\farmacia\farmacia\src\main\java\com\example\farmacia\controller\FormulaController.java. Using fallback presentation compiler.
2026.09.01 16:58:29 INFO  [INFO] SUCCESS: tools.jackson.core:jackson-core:jar:3.1.5:compile (sources = false)
2026.09.01 16:58:29 INFO  [INFO] Resolving artifact: tools.jackson.core:jackson-core:jar:3.1.5:compile (sources = true)
2026.09.01 16:58:29 INFO  Downloading from central: https://repo.maven.apache.org/maven2/tools/jackson/core/jackson-core/3.1.5/jackson-core-3.1.5-sources.jar
2026.09.01 16:58:29 INFO  Progress (1): 7.7/491 kB
2026.09.01 16:58:29 INFO  Progress (1): 8.2/491 kB
2026.09.01 16:58:29 INFO  Progress (1): 25/491 kB 
2026.09.01 16:58:29 INFO  Progress (1): 41/491 kB
2026.09.01 16:58:29 INFO  Progress (1): 57/491 kB
2026.09.01 16:58:29 INFO  Progress (1): 74/491 kB
2026.09.01 16:58:29 INFO  Progress (1): 90/491 kB
2026.09.01 16:58:29 INFO  Progress (1): 106/491 kB
2026.09.01 16:58:29 INFO  Progress (1): 123/491 kB
2026.09.01 16:58:29 INFO  Progress (1): 131/491 kB
2026.09.01 16:58:29 INFO  Progress (1): 147/491 kB
2026.09.01 16:58:29 INFO  Progress (1): 164/491 kB
2026.09.01 16:58:29 INFO  Progress (1): 180/491 kB
2026.09.01 16:58:29 INFO  Progress (1): 197/491 kB
2026.09.01 16:58:29 INFO  Progress (1): 213/491 kB
2026.09.01 16:58:29 INFO  Progress (1): 229/491 kB
2026.09.01 16:58:29 INFO  Progress (1): 246/491 kB
2026.09.01 16:58:29 INFO  Progress (1): 262/491 kB
2026.09.01 16:58:29 INFO  Progress (1): 279/491 kB
2026.09.01 16:58:29 INFO  Progress (1): 295/491 kB
2026.09.01 16:58:29 INFO  Progress (1): 311/491 kB
2026.09.01 16:58:29 INFO  Progress (1): 328/491 kB
2026.09.01 16:58:29 INFO  Progress (1): 344/491 kB
2026.09.01 16:58:29 INFO  Progress (1): 360/491 kB
2026.09.01 16:58:29 INFO  Progress (1): 377/491 kB
2026.09.01 16:58:29 INFO  Progress (1): 393/491 kB
2026.09.01 16:58:29 INFO  Progress (1): 410/491 kB
2026.09.01 16:58:29 INFO  Progress (1): 426/491 kB
2026.09.01 16:58:29 INFO  Progress (1): 442/491 kB
2026.09.01 16:58:29 INFO  Progress (1): 459/491 kB
2026.09.01 16:58:29 INFO  Progress (1): 475/491 kB
2026.09.01 16:58:29 INFO  Progress (1): 491 kB    
2026.09.01 16:58:29 INFO                      
2026.09.01 16:58:29 INFO  Downloaded from central: https://repo.maven.apache.org/maven2/tools/jackson/core/jackson-core/3.1.5/jackson-core-3.1.5-sources.jar (491 kB at 1.1 MB/s)
2026.09.01 16:58:29 INFO  [INFO] SUCCESS: tools.jackson.core:jackson-core:jar:3.1.5:compile (sources = true)
2026.09.01 16:58:29 INFO  [INFO] Resolving artifact: org.apache.tomcat.embed:tomcat-embed-websocket:jar:11.0.24:compile (sources = false)
2026.09.01 16:58:29 INFO  [INFO] SUCCESS: org.apache.tomcat.embed:tomcat-embed-websocket:jar:11.0.24:compile (sources = false)
2026.09.01 16:58:29 INFO  [INFO] Resolving artifact: org.apache.tomcat.embed:tomcat-embed-websocket:jar:11.0.24:compile (sources = true)
2026.09.01 16:58:29 INFO  Downloading from central: https://repo.maven.apache.org/maven2/org/apache/tomcat/embed/tomcat-embed-websocket/11.0.24/tomcat-embed-websocket-11.0.24-sources.jar
2026.09.01 16:58:30 INFO  Progress (1): 7.7/268 kB
2026.09.01 16:58:30 INFO  Progress (1): 8.2/268 kB
2026.09.01 16:58:30 INFO  Progress (1): 25/268 kB 
2026.09.01 16:58:30 INFO  Progress (1): 41/268 kB
sept 01, 2026 4:58:30 P. M. org.eclipse.lsp4j.jsonrpc.RemoteEndpoint handleCancellation
ADVERTENCIA: Unmatched cancel notification for request id 47
2026.09.01 16:58:30 INFO  Progress (1): 57/268 kB
2026.09.01 16:58:30 INFO  Progress (1): 66/268 kB
2026.09.01 16:58:30 INFO  Progress (1): 82/268 kB
2026.09.01 16:58:30 INFO  Progress (1): 98/268 kB
2026.09.01 16:58:30 INFO  Progress (1): 115/268 kB
2026.09.01 16:58:30 INFO  Progress (1): 131/268 kB
2026.09.01 16:58:29 INFO  no build target found for C:\Users\USUARIO\Documents\farmacia\farmacia\src\main\java\com\example\farmacia\controller\FormulaController.java. Using fallback presentation compiler.
2026.09.01 16:58:30 INFO  Progress (1): 139/268 kB
2026.09.01 16:58:30 INFO  Progress (1): 156/268 kB
2026.09.01 16:58:30 INFO  Progress (1): 172/268 kB
2026.09.01 16:58:30 INFO  Progress (1): 188/268 kB
2026.09.01 16:58:30 INFO  Progress (1): 205/268 kB
2026.09.01 16:58:30 INFO  Progress (1): 221/268 kB
2026.09.01 16:58:30 INFO  Progress (1): 238/268 kB
2026.09.01 16:58:30 INFO  Progress (1): 254/268 kB
2026.09.01 16:58:30 INFO  Progress (1): 268 kB    
2026.09.01 16:58:30 INFO                      
2026.09.01 16:58:30 INFO  Downloaded from central: https://repo.maven.apache.org/maven2/org/apache/tomcat/embed/tomcat-embed-websocket/11.0.24/tomcat-embed-websocket-11.0.24-sources.jar (268 kB at 550 kB/s)
2026.09.01 16:58:30 INFO  [INFO] SUCCESS: org.apache.tomcat.embed:tomcat-embed-websocket:jar:11.0.24:compile (sources = true)
2026.09.01 16:58:30 INFO  [INFO] Resolving artifact: org.assertj:assertj-core:jar:3.27.7:test (sources = false)
2026.09.01 16:58:30 INFO  [INFO] SUCCESS: org.assertj:assertj-core:jar:3.27.7:test (sources = false)
2026.09.01 16:58:30 INFO  [INFO] Resolving artifact: org.assertj:assertj-core:jar:3.27.7:test (sources = true)
2026.09.01 16:58:30 INFO  [INFO] SUCCESS: org.assertj:assertj-core:jar:3.27.7:test (sources = true)
2026.09.01 16:58:30 INFO  [INFO] Resolving artifact: org.projectlombok:lombok:jar:1.18.46:compile (sources = false)
2026.09.01 16:58:30 INFO  [INFO] SUCCESS: org.projectlombok:lombok:jar:1.18.46:compile (sources = false)
2026.09.01 16:58:30 INFO  [INFO] Resolving artifact: org.projectlombok:lombok:jar:1.18.46:compile (sources = true)
2026.09.01 16:58:30 INFO  [INFO] SUCCESS: org.projectlombok:lombok:jar:1.18.46:compile (sources = true)
2026.09.01 16:58:30 INFO  [INFO] Resolving artifact: com.zaxxer:HikariCP:jar:7.0.2:compile (sources = false)
2026.09.01 16:58:30 INFO  [INFO] SUCCESS: com.zaxxer:HikariCP:jar:7.0.2:compile (sources = false)
2026.09.01 16:58:30 INFO  [INFO] Resolving artifact: com.zaxxer:HikariCP:jar:7.0.2:compile (sources = true)
2026.09.01 16:58:30 INFO  [INFO] SUCCESS: com.zaxxer:HikariCP:jar:7.0.2:compile (sources = true)
2026.09.01 16:58:30 INFO  [INFO] Resolving artifact: org.springframework.boot:spring-boot-autoconfigure:jar:4.1.1:compile (sources = false)
2026.09.01 16:58:30 INFO  [INFO] SUCCESS: org.springframework.boot:spring-boot-autoconfigure:jar:4.1.1:compile (sources = false)
2026.09.01 16:58:30 INFO  [INFO] Resolving artifact: org.springframework.boot:spring-boot-autoconfigure:jar:4.1.1:compile (sources = true)
2026.09.01 16:58:30 INFO  Downloading from central: https://repo.maven.apache.org/maven2/org/springframework/boot/spring-boot-autoconfigure/4.1.1/spring-boot-autoconfigure-4.1.1-sources.jar
2026.09.01 16:58:30 INFO  Progress (1): 7.7/234 kB
2026.09.01 16:58:30 INFO  Progress (1): 8.2/234 kB
2026.09.01 16:58:30 INFO  Progress (1): 25/234 kB 
2026.09.01 16:58:30 INFO  Progress (1): 41/234 kB
2026.09.01 16:58:30 INFO  Progress (1): 57/234 kB
2026.09.01 16:58:30 INFO  Progress (1): 74/234 kB
2026.09.01 16:58:30 INFO  Progress (1): 90/234 kB
2026.09.01 16:58:30 INFO  Progress (1): 106/234 kB
2026.09.01 16:58:30 INFO  Progress (1): 123/234 kB
2026.09.01 16:58:30 INFO  Progress (1): 131/234 kB
2026.09.01 16:58:30 INFO  Progress (1): 147/234 kB
2026.09.01 16:58:30 INFO  Progress (1): 164/234 kB
2026.09.01 16:58:30 INFO  Progress (1): 180/234 kB
2026.09.01 16:58:30 INFO  Progress (1): 197/234 kB
2026.09.01 16:58:30 INFO  Progress (1): 213/234 kB
2026.09.01 16:58:30 INFO  Progress (1): 229/234 kB
2026.09.01 16:58:30 INFO  Progress (1): 234 kB    
2026.09.01 16:58:30 INFO                      
2026.09.01 16:58:30 INFO  Downloaded from central: https://repo.maven.apache.org/maven2/org/springframework/boot/spring-boot-autoconfigure/4.1.1/spring-boot-autoconfigure-4.1.1-sources.jar (234 kB at 461 kB/s)
2026.09.01 16:58:30 INFO  [INFO] SUCCESS: org.springframework.boot:spring-boot-autoconfigure:jar:4.1.1:compile (sources = true)
2026.09.01 16:58:30 INFO  [INFO] Resolving artifact: org.glassfish.jaxb:jaxb-core:jar:4.0.9:runtime (sources = false)
2026.09.01 16:58:30 INFO  [INFO] SUCCESS: org.glassfish.jaxb:jaxb-core:jar:4.0.9:runtime (sources = false)
2026.09.01 16:58:30 INFO  [INFO] Resolving artifact: org.glassfish.jaxb:jaxb-core:jar:4.0.9:runtime (sources = true)
2026.09.01 16:58:30 INFO  Downloading from central: https://repo.maven.apache.org/maven2/org/glassfish/jaxb/jaxb-core/4.0.9/jaxb-core-4.0.9-sources.jar
2026.09.01 16:58:31 INFO  Progress (1): 7.7/133 kB
2026.09.01 16:58:31 INFO  Progress (1): 8.2/133 kB
2026.09.01 16:58:31 INFO  Progress (1): 25/133 kB 
2026.09.01 16:58:31 INFO  Progress (1): 41/133 kB
2026.09.01 16:58:31 INFO  Progress (1): 57/133 kB
2026.09.01 16:58:31 INFO  Progress (1): 74/133 kB
2026.09.01 16:58:31 INFO  Progress (1): 90/133 kB
2026.09.01 16:58:31 INFO  Progress (1): 106/133 kB
2026.09.01 16:58:31 INFO  Progress (1): 123/133 kB
2026.09.01 16:58:31 INFO  Progress (1): 131/133 kB
2026.09.01 16:58:31 INFO  Progress (1): 133 kB    
2026.09.01 16:58:31 INFO                      
2026.09.01 16:58:31 INFO  Downloaded from central: https://repo.maven.apache.org/maven2/org/glassfish/jaxb/jaxb-core/4.0.9/jaxb-core-4.0.9-sources.jar (133 kB at 486 kB/s)
2026.09.01 16:58:31 INFO  [INFO] SUCCESS: org.glassfish.jaxb:jaxb-core:jar:4.0.9:runtime (sources = true)
2026.09.01 16:58:31 INFO  [INFO] Resolving artifact: org.antlr:antlr4-runtime:jar:4.13.2:compile (sources = false)
2026.09.01 16:58:31 INFO  [INFO] SUCCESS: org.antlr:antlr4-runtime:jar:4.13.2:compile (sources = false)
2026.09.01 16:58:31 INFO  [INFO] Resolving artifact: org.antlr:antlr4-runtime:jar:4.13.2:compile (sources = true)
2026.09.01 16:58:31 INFO  [INFO] SUCCESS: org.antlr:antlr4-runtime:jar:4.13.2:compile (sources = true)
2026.09.01 16:58:31 INFO  [INFO] Resolving artifact: org.opentest4j:opentest4j:jar:1.3.0:test (sources = false)
2026.09.01 16:58:31 INFO  [INFO] SUCCESS: org.opentest4j:opentest4j:jar:1.3.0:test (sources = false)
2026.09.01 16:58:31 INFO  [INFO] Resolving artifact: org.opentest4j:opentest4j:jar:1.3.0:test (sources = true)
2026.09.01 16:58:31 INFO  [INFO] SUCCESS: org.opentest4j:opentest4j:jar:1.3.0:test (sources = true)
2026.09.01 16:58:31 INFO  [INFO] Resolving artifact: org.springframework:spring-aspects:jar:7.0.9:compile (sources = false)
2026.09.01 16:58:31 INFO  [INFO] SUCCESS: org.springframework:spring-aspects:jar:7.0.9:compile (sources = false)
2026.09.01 16:58:31 INFO  [INFO] Resolving artifact: org.springframework:spring-aspects:jar:7.0.9:compile (sources = true)
2026.09.01 16:58:31 INFO  Downloading from central: https://repo.maven.apache.org/maven2/org/springframework/spring-aspects/7.0.9/spring-aspects-7.0.9-sources.jar
2026.09.01 16:58:31 INFO  Progress (1): 7.7/33 kB
2026.09.01 16:58:31 INFO  Progress (1): 8.2/33 kB
2026.09.01 16:58:31 INFO  Progress (1): 25/33 kB 
2026.09.01 16:58:31 INFO  Progress (1): 33 kB   
2026.09.01 16:58:31 INFO                     
2026.09.01 16:58:31 INFO  Downloaded from central: https://repo.maven.apache.org/maven2/org/springframework/spring-aspects/7.0.9/spring-aspects-7.0.9-sources.jar (33 kB at 132 kB/s)
2026.09.01 16:58:31 INFO  [INFO] SUCCESS: org.springframework:spring-aspects:jar:7.0.9:compile (sources = true)
2026.09.01 16:58:31 INFO  [INFO] Resolving artifact: org.springframework:spring-jdbc:jar:7.0.9:compile (sources = false)
2026.09.01 16:58:31 INFO  [INFO] SUCCESS: org.springframework:spring-jdbc:jar:7.0.9:compile (sources = false)
2026.09.01 16:58:31 INFO  [INFO] Resolving artifact: org.springframework:spring-jdbc:jar:7.0.9:compile (sources = true)
2026.09.01 16:58:31 INFO  Downloading from central: https://repo.maven.apache.org/maven2/org/springframework/spring-jdbc/7.0.9/spring-jdbc-7.0.9-sources.jar
sept 01, 2026 4:58:32 P. M. org.eclipse.lsp4j.jsonrpc.RemoteEndpoint handleCancellation
ADVERTENCIA: Unmatched cancel notification for request id 50
2026.09.01 16:58:31 INFO  Progress (1): 7.7/464 kB
2026.09.01 16:58:31 INFO  Progress (1): 7.7/464 kB
2026.09.01 16:58:31 INFO  Progress (1): 24/464 kB 
2026.09.01 16:58:31 INFO  Progress (1): 40/464 kB
2026.09.01 16:58:31 INFO  Progress (1): 57/464 kB
2026.09.01 16:58:31 INFO  Progress (1): 73/464 kB
2026.09.01 16:58:31 INFO  Progress (1): 90/464 kB
2026.09.01 16:58:31 INFO  Progress (1): 106/464 kB
2026.09.01 16:58:31 INFO  Progress (1): 122/464 kB
2026.09.01 16:58:31 INFO  Progress (1): 139/464 kB
2026.09.01 16:58:31 INFO  Progress (1): 155/464 kB
2026.09.01 16:58:31 INFO  Progress (1): 172/464 kB
2026.09.01 16:58:32 INFO  no build target found for C:\Users\USUARIO\Documents\farmacia\farmacia\src\main\java\com\example\farmacia\controller\FormulaController.java. Using fallback presentation compiler.
2026.09.01 16:58:31 INFO  Progress (1): 188/464 kB
2026.09.01 16:58:31 INFO  Progress (1): 204/464 kB
2026.09.01 16:58:31 INFO  Progress (1): 221/464 kB
2026.09.01 16:58:31 INFO  Progress (1): 237/464 kB
2026.09.01 16:58:31 INFO  Progress (1): 253/464 kB
2026.09.01 16:58:31 INFO  Progress (1): 270/464 kB
2026.09.01 16:58:31 INFO  Progress (1): 286/464 kB
2026.09.01 16:58:31 INFO  Progress (1): 303/464 kB
2026.09.01 16:58:31 INFO  Progress (1): 319/464 kB
2026.09.01 16:58:31 INFO  Progress (1): 335/464 kB
2026.09.01 16:58:31 INFO  Progress (1): 352/464 kB
2026.09.01 16:58:31 INFO  Progress (1): 368/464 kB
2026.09.01 16:58:31 INFO  Progress (1): 385/464 kB
2026.09.01 16:58:31 INFO  Progress (1): 401/464 kB
2026.09.01 16:58:31 INFO  Progress (1): 417/464 kB
2026.09.01 16:58:31 INFO  Progress (1): 434/464 kB
2026.09.01 16:58:32 INFO  Progress (1): 450/464 kB
2026.09.01 16:58:32 INFO  Progress (1): 464 kB    
2026.09.01 16:58:32 INFO                      
2026.09.01 16:58:32 INFO  Downloaded from central: https://repo.maven.apache.org/maven2/org/springframework/spring-jdbc/7.0.9/spring-jdbc-7.0.9-sources.jar (464 kB at 613 kB/s)
2026.09.01 16:58:32 INFO  [INFO] SUCCESS: org.springframework:spring-jdbc:jar:7.0.9:compile (sources = true)
2026.09.01 16:58:32 INFO  [INFO] Resolving artifact: org.springframework.boot:spring-boot-tomcat:jar:4.1.1:compile (sources = false)
2026.09.01 16:58:32 INFO  [INFO] SUCCESS: org.springframework.boot:spring-boot-tomcat:jar:4.1.1:compile (sources = false)
2026.09.01 16:58:32 INFO  [INFO] Resolving artifact: org.springframework.boot:spring-boot-tomcat:jar:4.1.1:compile (sources = true)
2026.09.01 16:58:32 INFO  Downloading from central: https://repo.maven.apache.org/maven2/org/springframework/boot/spring-boot-tomcat/4.1.1/spring-boot-tomcat-4.1.1-sources.jar
2026.09.01 16:58:32 INFO  Progress (1): 7.7/80 kB
2026.09.01 16:58:32 INFO  Progress (1): 8.2/80 kB
2026.09.01 16:58:32 INFO  Progress (1): 25/80 kB 
2026.09.01 16:58:32 INFO  Progress (1): 41/80 kB
2026.09.01 16:58:32 INFO  Progress (1): 57/80 kB
2026.09.01 16:58:32 INFO  Progress (1): 66/80 kB
2026.09.01 16:58:32 INFO  Progress (1): 80 kB   
2026.09.01 16:58:32 INFO                     
2026.09.01 16:58:32 INFO  Downloaded from central: https://repo.maven.apache.org/maven2/org/springframework/boot/spring-boot-tomcat/4.1.1/spring-boot-tomcat-4.1.1-sources.jar (80 kB at 302 kB/s)
2026.09.01 16:58:32 INFO  [INFO] SUCCESS: org.springframework.boot:spring-boot-tomcat:jar:4.1.1:compile (sources = true)
2026.09.01 16:58:32 INFO  [INFO] Resolving artifact: org.junit.jupiter:junit-jupiter:jar:6.0.3:test (sources = false)
2026.09.01 16:58:32 INFO  [INFO] SUCCESS: org.junit.jupiter:junit-jupiter:jar:6.0.3:test (sources = false)
2026.09.01 16:58:32 INFO  [INFO] Resolving artifact: org.junit.jupiter:junit-jupiter:jar:6.0.3:test (sources = true)
2026.09.01 16:58:32 INFO  [INFO] SUCCESS: org.junit.jupiter:junit-jupiter:jar:6.0.3:test (sources = true)
2026.09.01 16:58:32 INFO  [INFO] Resolving artifact: jakarta.transaction:jakarta.transaction-api:jar:2.0.1:compile (sources = false)
2026.09.01 16:58:32 INFO  [INFO] SUCCESS: jakarta.transaction:jakarta.transaction-api:jar:2.0.1:compile (sources = false)
2026.09.01 16:58:32 INFO  [INFO] Resolving artifact: jakarta.transaction:jakarta.transaction-api:jar:2.0.1:compile (sources = true)
2026.09.01 16:58:32 INFO  [INFO] SUCCESS: jakarta.transaction:jakarta.transaction-api:jar:2.0.1:compile (sources = true)
2026.09.01 16:58:32 INFO  [INFO] Resolving artifact: org.springframework.data:spring-data-commons:jar:4.1.1:compile (sources = false)
2026.09.01 16:58:32 INFO  [INFO] SUCCESS: org.springframework.data:spring-data-commons:jar:4.1.1:compile (sources = false)
2026.09.01 16:58:32 INFO  [INFO] Resolving artifact: org.springframework.data:spring-data-commons:jar:4.1.1:compile (sources = true)
2026.09.01 16:58:32 INFO  Downloading from central: https://repo.maven.apache.org/maven2/org/springframework/data/spring-data-commons/4.1.1/spring-data-commons-4.1.1-sources.jar
2026.09.01 16:58:32 INFO  Progress (1): 0/1.1 MB
2026.09.01 16:58:32 INFO  Progress (1): 0/1.1 MB
2026.09.01 16:58:32 INFO  Progress (1): 0/1.1 MB
2026.09.01 16:58:32 INFO  Progress (1): 0/1.1 MB
2026.09.01 16:58:32 INFO  Progress (1): 0.1/1.1 MB
2026.09.01 16:58:32 INFO  Progress (1): 0.1/1.1 MB
2026.09.01 16:58:32 INFO  Progress (1): 0.1/1.1 MB
2026.09.01 16:58:32 INFO  Progress (1): 0.1/1.1 MB
2026.09.01 16:58:32 INFO  Progress (1): 0.1/1.1 MB
2026.09.01 16:58:32 INFO  Progress (1): 0.1/1.1 MB
2026.09.01 16:58:32 INFO  Progress (1): 0.2/1.1 MB
2026.09.01 16:58:32 INFO  Progress (1): 0.2/1.1 MB
2026.09.01 16:58:32 INFO  Progress (1): 0.2/1.1 MB
2026.09.01 16:58:32 INFO  Progress (1): 0.2/1.1 MB
2026.09.01 16:58:32 INFO  Progress (1): 0.2/1.1 MB
2026.09.01 16:58:32 INFO  Progress (1): 0.2/1.1 MB
2026.09.01 16:58:32 INFO  Progress (1): 0.2/1.1 MB
2026.09.01 16:58:32 INFO  Progress (1): 0.3/1.1 MB
2026.09.01 16:58:32 INFO  Progress (1): 0.3/1.1 MB
2026.09.01 16:58:32 INFO  Progress (1): 0.3/1.1 MB
2026.09.01 16:58:32 INFO  Progress (1): 0.3/1.1 MB
2026.09.01 16:58:32 INFO  Progress (1): 0.3/1.1 MB
2026.09.01 16:58:32 INFO  Progress (1): 0.3/1.1 MB
2026.09.01 16:58:32 INFO  Progress (1): 0.4/1.1 MB
2026.09.01 16:58:32 INFO  Progress (1): 0.4/1.1 MB
2026.09.01 16:58:32 INFO  Progress (1): 0.4/1.1 MB
2026.09.01 16:58:32 INFO  Progress (1): 0.4/1.1 MB
2026.09.01 16:58:32 INFO  Progress (1): 0.4/1.1 MB
2026.09.01 16:58:32 INFO  Progress (1): 0.4/1.1 MB
2026.09.01 16:58:32 INFO  Progress (1): 0.5/1.1 MB
2026.09.01 16:58:32 INFO  Progress (1): 0.5/1.1 MB
2026.09.01 16:58:32 INFO  Progress (1): 0.5/1.1 MB
2026.09.01 16:58:32 INFO  Progress (1): 0.5/1.1 MB
2026.09.01 16:58:32 INFO  Progress (1): 0.5/1.1 MB
2026.09.01 16:58:32 INFO  Progress (1): 0.5/1.1 MB
2026.09.01 16:58:32 INFO  Progress (1): 0.6/1.1 MB
2026.09.01 16:58:32 INFO  Progress (1): 0.6/1.1 MB
2026.09.01 16:58:33 INFO  Progress (1): 0.6/1.1 MB
2026.09.01 16:58:33 INFO  Progress (1): 0.6/1.1 MB
2026.09.01 16:58:33 INFO  Progress (1): 0.6/1.1 MB
2026.09.01 16:58:33 INFO  Progress (1): 0.6/1.1 MB
2026.09.01 16:58:33 INFO  Progress (1): 0.7/1.1 MB
2026.09.01 16:58:33 INFO  Progress (1): 0.7/1.1 MB
2026.09.01 16:58:33 INFO  Progress (1): 0.7/1.1 MB
2026.09.01 16:58:33 INFO  Progress (1): 0.7/1.1 MB
2026.09.01 16:58:33 INFO  Progress (1): 0.7/1.1 MB
2026.09.01 16:58:33 INFO  Progress (1): 0.7/1.1 MB
2026.09.01 16:58:33 INFO  Progress (1): 0.8/1.1 MB
2026.09.01 16:58:33 INFO  Progress (1): 0.8/1.1 MB
2026.09.01 16:58:33 INFO  Progress (1): 0.8/1.1 MB
2026.09.01 16:58:33 INFO  Progress (1): 0.8/1.1 MB
2026.09.01 16:58:33 INFO  Progress (1): 0.8/1.1 MB
2026.09.01 16:58:33 INFO  Progress (1): 0.8/1.1 MB
2026.09.01 16:58:33 INFO  Progress (1): 0.9/1.1 MB
2026.09.01 16:58:33 INFO  Progress (1): 0.9/1.1 MB
2026.09.01 16:58:33 INFO  Progress (1): 0.9/1.1 MB
2026.09.01 16:58:33 INFO  Progress (1): 0.9/1.1 MB
2026.09.01 16:58:33 INFO  Progress (1): 0.9/1.1 MB
2026.09.01 16:58:33 INFO  Progress (1): 0.9/1.1 MB
2026.09.01 16:58:33 INFO  Progress (1): 1.0/1.1 MB
2026.09.01 16:58:33 INFO  Progress (1): 1.0/1.1 MB
2026.09.01 16:58:33 INFO  Progress (1): 1.0/1.1 MB
2026.09.01 16:58:33 INFO  Progress (1): 1.0/1.1 MB
2026.09.01 16:58:33 INFO  Progress (1): 1.0/1.1 MB
2026.09.01 16:58:33 INFO  Progress (1): 1.0/1.1 MB
2026.09.01 16:58:33 INFO  Progress (1): 1.0/1.1 MB
2026.09.01 16:58:33 INFO  Progress (1): 1.1/1.1 MB
2026.09.01 16:58:33 INFO  Progress (1): 1.1/1.1 MB
2026.09.01 16:58:33 INFO  Progress (1): 1.1/1.1 MB
2026.09.01 16:58:33 INFO  Progress (1): 1.1/1.1 MB
2026.09.01 16:58:33 INFO  Progress (1): 1.1 MB    
2026.09.01 16:58:33 INFO  no build target found for C:\Users\USUARIO\Documents\farmacia\farmacia\src\main\java\com\example\farmacia\controller\FormulaController.java. Using fallback presentation compiler.
2026.09.01 16:58:33 INFO                      
2026.09.01 16:58:33 INFO  Downloaded from central: https://repo.maven.apache.org/maven2/org/springframework/data/spring-data-commons/4.1.1/spring-data-commons-4.1.1-sources.jar (1.1 MB at 856 kB/s)
2026.09.01 16:58:33 INFO  [INFO] SUCCESS: org.springframework.data:spring-data-commons:jar:4.1.1:compile (sources = true)
2026.09.01 16:58:33 INFO  [INFO] Resolving artifact: org.springframework.boot:spring-boot-jdbc:jar:4.1.1:compile (sources = false)
2026.09.01 16:58:33 INFO  [INFO] SUCCESS: org.springframework.boot:spring-boot-jdbc:jar:4.1.1:compile (sources = false)
2026.09.01 16:58:33 INFO  [INFO] Resolving artifact: org.springframework.boot:spring-boot-jdbc:jar:4.1.1:compile (sources = true)
2026.09.01 16:58:33 INFO  Downloading from central: https://repo.maven.apache.org/maven2/org/springframework/boot/spring-boot-jdbc/4.1.1/spring-boot-jdbc-4.1.1-sources.jar
2026.09.01 16:58:33 INFO  Progress (1): 7.7/117 kB
2026.09.01 16:58:33 INFO  Progress (1): 16/117 kB 
2026.09.01 16:58:33 INFO  Progress (1): 24/117 kB
2026.09.01 16:58:33 INFO  Progress (1): 40/117 kB
2026.09.01 16:58:33 INFO  Progress (1): 57/117 kB
2026.09.01 16:58:33 INFO  Progress (1): 73/117 kB
2026.09.01 16:58:33 INFO  Progress (1): 90/117 kB
2026.09.01 16:58:33 INFO  Progress (1): 106/117 kB
2026.09.01 16:58:33 INFO  Progress (1): 117 kB    
2026.09.01 16:58:33 INFO                      
2026.09.01 16:58:33 INFO  Downloaded from central: https://repo.maven.apache.org/maven2/org/springframework/boot/spring-boot-jdbc/4.1.1/spring-boot-jdbc-4.1.1-sources.jar (117 kB at 493 kB/s)
2026.09.01 16:58:33 INFO  [INFO] SUCCESS: org.springframework.boot:spring-boot-jdbc:jar:4.1.1:compile (sources = true)
2026.09.01 16:58:33 INFO  [INFO] Resolving artifact: org.springframework.boot:spring-boot-data-jpa:jar:4.1.1:compile (sources = false)
2026.09.01 16:58:33 INFO  [INFO] SUCCESS: org.springframework.boot:spring-boot-data-jpa:jar:4.1.1:compile (sources = false)
2026.09.01 16:58:33 INFO  [INFO] Resolving artifact: org.springframework.boot:spring-boot-data-jpa:jar:4.1.1:compile (sources = true)
2026.09.01 16:58:33 INFO  Downloading from central: https://repo.maven.apache.org/maven2/org/springframework/boot/spring-boot-data-jpa/4.1.1/spring-boot-data-jpa-4.1.1-sources.jar
2026.09.01 16:58:34 INFO  Progress (1): 7.7/11 kB
2026.09.01 16:58:34 INFO  Progress (1): 11 kB    
2026.09.01 16:58:34 INFO                     
2026.09.01 16:58:34 INFO  Downloaded from central: https://repo.maven.apache.org/maven2/org/springframework/boot/spring-boot-data-jpa/4.1.1/spring-boot-data-jpa-4.1.1-sources.jar (11 kB at 43 kB/s)
2026.09.01 16:58:34 INFO  [INFO] SUCCESS: org.springframework.boot:spring-boot-data-jpa:jar:4.1.1:compile (sources = true)
2026.09.01 16:58:34 INFO  [INFO] Resolving artifact: org.springframework.boot:spring-boot-validation:jar:4.1.1:compile (sources = false)
2026.09.01 16:58:34 INFO  [INFO] SUCCESS: org.springframework.boot:spring-boot-validation:jar:4.1.1:compile (sources = false)
2026.09.01 16:58:34 INFO  [INFO] Resolving artifact: org.springframework.boot:spring-boot-validation:jar:4.1.1:compile (sources = true)
2026.09.01 16:58:34 INFO  Downloading from central: https://repo.maven.apache.org/maven2/org/springframework/boot/spring-boot-validation/4.1.1/spring-boot-validation-4.1.1-sources.jar
2026.09.01 16:58:34 INFO  Progress (1): 7.7/14 kB
2026.09.01 16:58:34 INFO  Progress (1): 14 kB    
2026.09.01 16:58:34 INFO                     
2026.09.01 16:58:34 INFO  Downloaded from central: https://repo.maven.apache.org/maven2/org/springframework/boot/spring-boot-validation/4.1.1/spring-boot-validation-4.1.1-sources.jar (14 kB at 57 kB/s)
2026.09.01 16:58:34 INFO  [INFO] SUCCESS: org.springframework.boot:spring-boot-validation:jar:4.1.1:compile (sources = true)
2026.09.01 16:58:34 INFO  [INFO] Resolving artifact: jakarta.persistence:jakarta.persistence-api:jar:3.2.0:compile (sources = false)
2026.09.01 16:58:34 INFO  [INFO] SUCCESS: jakarta.persistence:jakarta.persistence-api:jar:3.2.0:compile (sources = false)
2026.09.01 16:58:34 INFO  [INFO] Resolving artifact: jakarta.persistence:jakarta.persistence-api:jar:3.2.0:compile (sources = true)
2026.09.01 16:58:34 INFO  [INFO] SUCCESS: jakarta.persistence:jakarta.persistence-api:jar:3.2.0:compile (sources = true)
2026.09.01 16:58:34 INFO  [INFO] Resolving artifact: org.springframework:spring-tx:jar:7.0.9:compile (sources = false)
2026.09.01 16:58:34 INFO  [INFO] SUCCESS: org.springframework:spring-tx:jar:7.0.9:compile (sources = false)
2026.09.01 16:58:34 INFO  [INFO] Resolving artifact: org.springframework:spring-tx:jar:7.0.9:compile (sources = true)
2026.09.01 16:58:34 INFO  Downloading from central: https://repo.maven.apache.org/maven2/org/springframework/spring-tx/7.0.9/spring-tx-7.0.9-sources.jar
2026.09.01 16:58:34 INFO  Progress (1): 8.2/302 kB
2026.09.01 16:58:34 INFO  Progress (1): 25/302 kB 
2026.09.01 16:58:34 INFO  Progress (1): 41/302 kB
2026.09.01 16:58:34 INFO  Progress (1): 57/302 kB
2026.09.01 16:58:34 INFO  Progress (1): 74/302 kB
2026.09.01 16:58:34 INFO  Progress (1): 90/302 kB
2026.09.01 16:58:34 INFO  Progress (1): 106/302 kB
2026.09.01 16:58:34 INFO  Progress (1): 123/302 kB
2026.09.01 16:58:34 INFO  Progress (1): 139/302 kB
2026.09.01 16:58:34 INFO  Progress (1): 156/302 kB
2026.09.01 16:58:34 INFO  Progress (1): 172/302 kB
2026.09.01 16:58:34 INFO  Progress (1): 188/302 kB
2026.09.01 16:58:34 INFO  Progress (1): 205/302 kB
2026.09.01 16:58:34 INFO  Progress (1): 221/302 kB
2026.09.01 16:58:34 INFO  Progress (1): 238/302 kB
2026.09.01 16:58:34 INFO  Progress (1): 254/302 kB
2026.09.01 16:58:34 INFO  Progress (1): 270/302 kB
2026.09.01 16:58:34 INFO  Progress (1): 287/302 kB
2026.09.01 16:58:34 INFO  Progress (1): 302 kB    
2026.09.01 16:58:34 INFO                      
2026.09.01 16:58:34 INFO  Downloaded from central: https://repo.maven.apache.org/maven2/org/springframework/spring-tx/7.0.9/spring-tx-7.0.9-sources.jar (302 kB at 697 kB/s)
2026.09.01 16:58:34 INFO  [INFO] SUCCESS: org.springframework:spring-tx:jar:7.0.9:compile (sources = true)
2026.09.01 16:58:34 INFO  [INFO] Resolving artifact: org.apache.logging.log4j:log4j-api:jar:2.25.5:compile (sources = false)
2026.09.01 16:58:34 INFO  [INFO] SUCCESS: org.apache.logging.log4j:log4j-api:jar:2.25.5:compile (sources = false)
2026.09.01 16:58:34 INFO  [INFO] Resolving artifact: org.apache.logging.log4j:log4j-api:jar:2.25.5:compile (sources = true)
2026.09.01 16:58:34 INFO  Downloading from central: https://repo.maven.apache.org/maven2/org/apache/logging/log4j/log4j-api/2.25.5/log4j-api-2.25.5-sources.jar
2026.09.01 16:58:34 INFO  Progress (1): 7.7/296 kB
2026.09.01 16:58:34 INFO  Progress (1): 16/296 kB 
2026.09.01 16:58:34 INFO  Progress (1): 32/296 kB
2026.09.01 16:58:34 INFO  Progress (1): 49/296 kB
2026.09.01 16:58:34 INFO  Progress (1): 65/296 kB
2026.09.01 16:58:34 INFO  Progress (1): 81/296 kB
2026.09.01 16:58:34 INFO  Progress (1): 98/296 kB
2026.09.01 16:58:34 INFO  Progress (1): 114/296 kB
2026.09.01 16:58:34 INFO  Progress (1): 131/296 kB
2026.09.01 16:58:35 INFO  Progress (1): 147/296 kB
2026.09.01 16:58:35 INFO  Progress (1): 163/296 kB
2026.09.01 16:58:35 INFO  Progress (1): 180/296 kB
2026.09.01 16:58:35 INFO  Progress (1): 196/296 kB
2026.09.01 16:58:35 INFO  Progress (1): 212/296 kB
2026.09.01 16:58:35 INFO  Progress (1): 229/296 kB
2026.09.01 16:58:35 INFO  Progress (1): 245/296 kB
2026.09.01 16:58:35 INFO  Progress (1): 262/296 kB
2026.09.01 16:58:35 INFO  Progress (1): 278/296 kB
2026.09.01 16:58:35 INFO  Progress (1): 294/296 kB
2026.09.01 16:58:35 INFO  Progress (1): 296 kB    
2026.09.01 16:58:35 INFO                      
2026.09.01 16:58:35 INFO  Downloaded from central: https://repo.maven.apache.org/maven2/org/apache/logging/log4j/log4j-api/2.25.5/log4j-api-2.25.5-sources.jar (296 kB at 746 kB/s)
2026.09.01 16:58:35 INFO  [INFO] SUCCESS: org.apache.logging.log4j:log4j-api:jar:2.25.5:compile (sources = true)
2026.09.01 16:58:35 INFO  [INFO] Resolving artifact: org.awaitility:awaitility:jar:4.3.0:test (sources = false)
2026.09.01 16:58:35 INFO  [INFO] SUCCESS: org.awaitility:awaitility:jar:4.3.0:test (sources = false)
2026.09.01 16:58:35 INFO  [INFO] Resolving artifact: org.awaitility:awaitility:jar:4.3.0:test (sources = true)
2026.09.01 16:58:35 INFO  [INFO] SUCCESS: org.awaitility:awaitility:jar:4.3.0:test (sources = true)
2026.09.01 16:58:35 INFO  [INFO] Resolving artifact: org.thymeleaf:thymeleaf-spring6:jar:3.1.5.RELEASE:compile (sources = false)
2026.09.01 16:58:35 INFO  [INFO] SUCCESS: org.thymeleaf:thymeleaf-spring6:jar:3.1.5.RELEASE:compile (sources = false)
2026.09.01 16:58:35 INFO  [INFO] Resolving artifact: org.thymeleaf:thymeleaf-spring6:jar:3.1.5.RELEASE:compile (sources = true)
2026.09.01 16:58:35 INFO  [INFO] SUCCESS: org.thymeleaf:thymeleaf-spring6:jar:3.1.5.RELEASE:compile (sources = true)
2026.09.01 16:58:35 INFO  [INFO] Resolving artifact: org.jspecify:jspecify:jar:1.0.1:compile (sources = false)
2026.09.01 16:58:35 INFO  [INFO] SUCCESS: org.jspecify:jspecify:jar:1.0.1:compile (sources = false)
2026.09.01 16:58:35 INFO  [INFO] Resolving artifact: org.jspecify:jspecify:jar:1.0.1:compile (sources = true)
2026.09.01 16:58:35 INFO  Downloading from central: https://repo.maven.apache.org/maven2/org/jspecify/jspecify/1.0.1/jspecify-1.0.1-sources.jar
2026.09.01 16:58:35 INFO  Progress (1): 7.7/12 kB
2026.09.01 16:58:35 INFO  Progress (1): 12 kB    
2026.09.01 16:58:35 INFO                     
2026.09.01 16:58:35 INFO  Downloaded from central: https://repo.maven.apache.org/maven2/org/jspecify/jspecify/1.0.1/jspecify-1.0.1-sources.jar (12 kB at 57 kB/s)
2026.09.01 16:58:35 INFO  [INFO] SUCCESS: org.jspecify:jspecify:jar:1.0.1:compile (sources = true)
2026.09.01 16:58:35 INFO  [INFO] Resolving artifact: org.mockito:mockito-junit-jupiter:jar:5.23.0:test (sources = false)
2026.09.01 16:58:35 INFO  [INFO] SUCCESS: org.mockito:mockito-junit-jupiter:jar:5.23.0:test (sources = false)
2026.09.01 16:58:35 INFO  [INFO] Resolving artifact: org.mockito:mockito-junit-jupiter:jar:5.23.0:test (sources = true)
2026.09.01 16:58:35 INFO  Downloading from central: https://repo.maven.apache.org/maven2/org/mockito/mockito-junit-jupiter/5.23.0/mockito-junit-jupiter-5.23.0-sources.jar
2026.09.01 16:58:35 INFO  Progress (1): 6.7 kB
2026.09.01 16:58:35 INFO                      
2026.09.01 16:58:35 INFO  Downloaded from central: https://repo.maven.apache.org/maven2/org/mockito/mockito-junit-jupiter/5.23.0/mockito-junit-jupiter-5.23.0-sources.jar (6.7 kB at 45 kB/s)
2026.09.01 16:58:35 INFO  [INFO] SUCCESS: org.mockito:mockito-junit-jupiter:jar:5.23.0:test (sources = true)
2026.09.01 16:58:35 INFO  [INFO] Resolving artifact: org.springframework.boot:spring-boot-webmvc:jar:4.1.1:compile (sources = false)
2026.09.01 16:58:35 INFO  [INFO] SUCCESS: org.springframework.boot:spring-boot-webmvc:jar:4.1.1:compile (sources = false)
2026.09.01 16:58:35 INFO  [INFO] Resolving artifact: org.springframework.boot:spring-boot-webmvc:jar:4.1.1:compile (sources = true)
2026.09.01 16:58:35 INFO  Downloading from central: https://repo.maven.apache.org/maven2/org/springframework/boot/spring-boot-webmvc/4.1.1/spring-boot-webmvc-4.1.1-sources.jar
2026.09.01 16:58:35 INFO  Progress (1): 7.7/90 kB
2026.09.01 16:58:35 INFO  Progress (1): 11/90 kB 
2026.09.01 16:58:35 INFO  Progress (1): 28/90 kB
2026.09.01 16:58:35 INFO  Progress (1): 44/90 kB
2026.09.01 16:58:35 INFO  Progress (1): 61/90 kB
2026.09.01 16:58:35 INFO  Progress (1): 77/90 kB
2026.09.01 16:58:35 INFO  Progress (1): 90 kB   
2026.09.01 16:58:35 INFO                     
2026.09.01 16:58:35 INFO  Downloaded from central: https://repo.maven.apache.org/maven2/org/springframework/boot/spring-boot-webmvc/4.1.1/spring-boot-webmvc-4.1.1-sources.jar (90 kB at 492 kB/s)
2026.09.01 16:58:35 INFO  [INFO] SUCCESS: org.springframework.boot:spring-boot-webmvc:jar:4.1.1:compile (sources = true)
2026.09.01 16:58:35 INFO  [INFO] Resolving artifact: org.springframework.boot:spring-boot-jackson:jar:4.1.1:compile (sources = false)
2026.09.01 16:58:35 INFO  [INFO] SUCCESS: org.springframework.boot:spring-boot-jackson:jar:4.1.1:compile (sources = false)
2026.09.01 16:58:35 INFO  [INFO] Resolving artifact: org.springframework.boot:spring-boot-jackson:jar:4.1.1:compile (sources = true)
2026.09.01 16:58:35 INFO  Downloading from central: https://repo.maven.apache.org/maven2/org/springframework/boot/spring-boot-jackson/4.1.1/spring-boot-jackson-4.1.1-sources.jar
2026.09.01 16:58:37 INFO  Progress (1): 7.7/41 kB
2026.09.01 16:58:37 INFO  Progress (1): 16/41 kB 
2026.09.01 16:58:37 INFO  Progress (1): 25/41 kB
2026.09.01 16:58:37 INFO  Progress (1): 41 kB   
2026.09.01 16:58:37 INFO                     
2026.09.01 16:58:37 INFO  Downloaded from central: https://repo.maven.apache.org/maven2/org/springframework/boot/spring-boot-jackson/4.1.1/spring-boot-jackson-4.1.1-sources.jar (41 kB at 119 kB/s)
2026.09.01 16:58:37 INFO  [INFO] SUCCESS: org.springframework.boot:spring-boot-jackson:jar:4.1.1:compile (sources = true)
2026.09.01 16:58:37 INFO  [INFO] Resolving artifact: org.springframework.boot:spring-boot-starter-web:jar:4.1.1:compile (sources = false)
2026.09.01 16:58:37 INFO  [INFO] SUCCESS: org.springframework.boot:spring-boot-starter-web:jar:4.1.1:compile (sources = false)
2026.09.01 16:58:37 INFO  [INFO] Resolving artifact: org.springframework.boot:spring-boot-starter-web:jar:4.1.1:compile (sources = true)
2026.09.01 16:58:37 INFO  Downloading from central: https://repo.maven.apache.org/maven2/org/springframework/boot/spring-boot-starter-web/4.1.1/spring-boot-starter-web-4.1.1-sources.jar
2026.09.01 16:58:37 INFO  Progress (1): 4.8 kB
2026.09.01 16:58:37 INFO                      
2026.09.01 16:58:37 INFO  Downloaded from central: https://repo.maven.apache.org/maven2/org/springframework/boot/spring-boot-starter-web/4.1.1/spring-boot-starter-web-4.1.1-sources.jar (4.8 kB at 51 kB/s)
2026.09.01 16:58:37 INFO  [INFO] SUCCESS: org.springframework.boot:spring-boot-starter-web:jar:4.1.1:compile (sources = true)
2026.09.01 16:58:37 INFO  [INFO] Resolving artifact: org.hibernate.validator:hibernate-validator:jar:9.1.3.Final:compile (sources = false)
2026.09.01 16:58:37 INFO  [INFO] SUCCESS: org.hibernate.validator:hibernate-validator:jar:9.1.3.Final:compile (sources = false)
2026.09.01 16:58:37 INFO  [INFO] Resolving artifact: org.hibernate.validator:hibernate-validator:jar:9.1.3.Final:compile (sources = true)
2026.09.01 16:58:37 INFO  Downloading from central: https://repo.maven.apache.org/maven2/org/hibernate/validator/hibernate-validator/9.1.3.Final/hibernate-validator-9.1.3.Final-sources.jar
2026.09.01 16:58:37 INFO  Progress (1): 7.7/913 kB
2026.09.01 16:58:37 INFO  Progress (1): 8.2/913 kB
2026.09.01 16:58:37 INFO  Progress (1): 25/913 kB 
2026.09.01 16:58:37 INFO  Progress (1): 41/913 kB
2026.09.01 16:58:37 INFO  Progress (1): 57/913 kB
2026.09.01 16:58:37 INFO  Progress (1): 74/913 kB
2026.09.01 16:58:37 INFO  Progress (1): 90/913 kB
2026.09.01 16:58:37 INFO  Progress (1): 106/913 kB
2026.09.01 16:58:37 INFO  Progress (1): 123/913 kB
2026.09.01 16:58:37 INFO  Progress (1): 139/913 kB
2026.09.01 16:58:37 INFO  Progress (1): 147/913 kB
2026.09.01 16:58:37 INFO  Progress (1): 156/913 kB
2026.09.01 16:58:37 INFO  Progress (1): 172/913 kB
2026.09.01 16:58:37 INFO  Progress (1): 188/913 kB
2026.09.01 16:58:37 INFO  Progress (1): 205/913 kB
2026.09.01 16:58:37 INFO  Progress (1): 221/913 kB
2026.09.01 16:58:37 INFO  Progress (1): 238/913 kB
2026.09.01 16:58:37 INFO  Progress (1): 254/913 kB
2026.09.01 16:58:37 INFO  Progress (1): 270/913 kB
2026.09.01 16:58:37 INFO  Progress (1): 287/913 kB
2026.09.01 16:58:37 INFO  no build target found for C:\Users\USUARIO\Documents\farmacia\farmacia\src\main\java\com\example\farmacia\controller\FormulaController.java. Using fallback presentation compiler.
2026.09.01 16:58:37 INFO  Progress (1): 303/913 kB
2026.09.01 16:58:37 INFO  Progress (1): 319/913 kB
2026.09.01 16:58:37 INFO  Progress (1): 336/913 kB
2026.09.01 16:58:37 INFO  Progress (1): 352/913 kB
2026.09.01 16:58:37 INFO  Progress (1): 369/913 kB
2026.09.01 16:58:37 INFO  Progress (1): 385/913 kB
2026.09.01 16:58:37 INFO  Progress (1): 401/913 kB
2026.09.01 16:58:37 INFO  Progress (1): 418/913 kB
2026.09.01 16:58:37 INFO  Progress (1): 434/913 kB
2026.09.01 16:58:37 INFO  Progress (1): 451/913 kB
2026.09.01 16:58:37 INFO  Progress (1): 467/913 kB
2026.09.01 16:58:37 INFO  Progress (1): 483/913 kB
2026.09.01 16:58:37 INFO  Progress (1): 500/913 kB
2026.09.01 16:58:37 INFO  Progress (1): 516/913 kB
2026.09.01 16:58:37 INFO  Progress (1): 532/913 kB
2026.09.01 16:58:37 INFO  Progress (1): 549/913 kB
2026.09.01 16:58:37 INFO  Progress (1): 565/913 kB
2026.09.01 16:58:37 INFO  Progress (1): 582/913 kB
2026.09.01 16:58:37 INFO  Progress (1): 598/913 kB
2026.09.01 16:58:37 INFO  Progress (1): 614/913 kB
2026.09.01 16:58:37 INFO  Progress (1): 631/913 kB
2026.09.01 16:58:37 INFO  Progress (1): 647/913 kB
2026.09.01 16:58:37 INFO  Progress (1): 664/913 kB
2026.09.01 16:58:37 INFO  Progress (1): 680/913 kB
2026.09.01 16:58:37 INFO  Progress (1): 696/913 kB
2026.09.01 16:58:37 INFO  Progress (1): 713/913 kB
2026.09.01 16:58:37 INFO  Progress (1): 729/913 kB
2026.09.01 16:58:37 INFO  Progress (1): 745/913 kB
2026.09.01 16:58:37 INFO  Progress (1): 762/913 kB
2026.09.01 16:58:37 INFO  Progress (1): 778/913 kB
2026.09.01 16:58:37 INFO  Progress (1): 795/913 kB
2026.09.01 16:58:37 INFO  Progress (1): 811/913 kB
2026.09.01 16:58:38 INFO  Progress (1): 827/913 kB
2026.09.01 16:58:38 INFO  Progress (1): 844/913 kB
2026.09.01 16:58:38 INFO  Progress (1): 860/913 kB
2026.09.01 16:58:38 INFO  Progress (1): 877/913 kB
2026.09.01 16:58:38 INFO  Progress (1): 893/913 kB
2026.09.01 16:58:38 INFO  Progress (1): 909/913 kB
2026.09.01 16:58:38 INFO  Progress (1): 913 kB    
2026.09.01 16:58:38 INFO                      
2026.09.01 16:58:38 INFO  Downloaded from central: https://repo.maven.apache.org/maven2/org/hibernate/validator/hibernate-validator/9.1.3.Final/hibernate-validator-9.1.3.Final-sources.jar (913 kB at 951 kB/s)
2026.09.01 16:58:38 INFO  [INFO] SUCCESS: org.hibernate.validator:hibernate-validator:jar:9.1.3.Final:compile (sources = true)
2026.09.01 16:58:38 INFO  [INFO] Resolving artifact: org.glassfish.jaxb:txw2:jar:4.0.9:runtime (sources = false)
2026.09.01 16:58:38 INFO  [INFO] SUCCESS: org.glassfish.jaxb:txw2:jar:4.0.9:runtime (sources = false)
2026.09.01 16:58:38 INFO  [INFO] Resolving artifact: org.glassfish.jaxb:txw2:jar:4.0.9:runtime (sources = true)
2026.09.01 16:58:38 INFO  Downloading from central: https://repo.maven.apache.org/maven2/org/glassfish/jaxb/txw2/4.0.9/txw2-4.0.9-sources.jar
2026.09.01 16:58:38 INFO  Progress (1): 7.7/70 kB
2026.09.01 16:58:38 INFO  Progress (1): 11/70 kB 
2026.09.01 16:58:38 INFO  Progress (1): 28/70 kB
2026.09.01 16:58:38 INFO  Progress (1): 44/70 kB
2026.09.01 16:58:38 INFO  Progress (1): 61/70 kB
2026.09.01 16:58:38 INFO  Progress (1): 70 kB   
2026.09.01 16:58:38 INFO                     
2026.09.01 16:58:38 INFO  Downloaded from central: https://repo.maven.apache.org/maven2/org/glassfish/jaxb/txw2/4.0.9/txw2-4.0.9-sources.jar (70 kB at 472 kB/s)
2026.09.01 16:58:38 INFO  [INFO] SUCCESS: org.glassfish.jaxb:txw2:jar:4.0.9:runtime (sources = true)
2026.09.01 16:58:38 INFO  [INFO] Resolving artifact: org.aspectj:aspectjweaver:jar:1.9.25.1:compile (sources = false)
2026.09.01 16:58:38 INFO  [INFO] SUCCESS: org.aspectj:aspectjweaver:jar:1.9.25.1:compile (sources = false)
2026.09.01 16:58:38 INFO  [INFO] Resolving artifact: org.aspectj:aspectjweaver:jar:1.9.25.1:compile (sources = true)
2026.09.01 16:58:38 INFO  [INFO] SUCCESS: org.aspectj:aspectjweaver:jar:1.9.25.1:compile (sources = true)
2026.09.01 16:58:38 INFO  [INFO] Resolving artifact: org.mockito:mockito-core:jar:5.23.0:test (sources = false)
2026.09.01 16:58:38 INFO  [INFO] SUCCESS: org.mockito:mockito-core:jar:5.23.0:test (sources = false)
2026.09.01 16:58:38 INFO  [INFO] Resolving artifact: org.mockito:mockito-core:jar:5.23.0:test (sources = true)
2026.09.01 16:58:38 INFO  Downloading from central: https://repo.maven.apache.org/maven2/org/mockito/mockito-core/5.23.0/mockito-core-5.23.0-sources.jar
2026.09.01 16:58:38 INFO  Progress (1): 7.7/549 kB
2026.09.01 16:58:38 INFO  Progress (1): 8.2/549 kB
2026.09.01 16:58:38 INFO  Progress (1): 25/549 kB 
2026.09.01 16:58:38 INFO  Progress (1): 41/549 kB
2026.09.01 16:58:38 INFO  Progress (1): 49/549 kB
2026.09.01 16:58:38 INFO  Progress (1): 57/549 kB
2026.09.01 16:58:38 INFO  Progress (1): 66/549 kB
2026.09.01 16:58:38 INFO  Progress (1): 82/549 kB
2026.09.01 16:58:38 INFO  Progress (1): 98/549 kB
2026.09.01 16:58:38 INFO  Progress (1): 115/549 kB
2026.09.01 16:58:38 INFO  Progress (1): 131/549 kB
2026.09.01 16:58:38 INFO  Progress (1): 147/549 kB
2026.09.01 16:58:38 INFO  Progress (1): 164/549 kB
2026.09.01 16:58:38 INFO  Progress (1): 180/549 kB
2026.09.01 16:58:38 INFO  Progress (1): 197/549 kB
2026.09.01 16:58:38 INFO  Progress (1): 213/549 kB
2026.09.01 16:58:38 INFO  Progress (1): 229/549 kB
2026.09.01 16:58:38 INFO  Progress (1): 246/549 kB
2026.09.01 16:58:38 INFO  Progress (1): 262/549 kB
2026.09.01 16:58:38 INFO  no build target found for C:\Users\USUARIO\Documents\farmacia\farmacia\src\main\java\com\example\farmacia\controller\FormulaController.java. Using fallback presentation compiler.
2026.09.01 16:58:38 INFO  Progress (1): 279/549 kB
2026.09.01 16:58:38 INFO  Progress (1): 295/549 kB
2026.09.01 16:58:38 INFO  Progress (1): 311/549 kB
2026.09.01 16:58:38 INFO  Progress (1): 328/549 kB
2026.09.01 16:58:38 INFO  Progress (1): 344/549 kB
2026.09.01 16:58:38 INFO  Progress (1): 360/549 kB
2026.09.01 16:58:38 INFO  Progress (1): 377/549 kB
2026.09.01 16:58:38 INFO  Progress (1): 393/549 kB
2026.09.01 16:58:38 INFO  Progress (1): 410/549 kB
2026.09.01 16:58:38 INFO  Progress (1): 426/549 kB
2026.09.01 16:58:38 INFO  Progress (1): 442/549 kB
2026.09.01 16:58:38 INFO  Progress (1): 459/549 kB
2026.09.01 16:58:38 INFO  Progress (1): 475/549 kB
2026.09.01 16:58:38 INFO  Progress (1): 492/549 kB
2026.09.01 16:58:38 INFO  Progress (1): 508/549 kB
2026.09.01 16:58:38 INFO  Progress (1): 524/549 kB
2026.09.01 16:58:38 INFO  Progress (1): 541/549 kB
2026.09.01 16:58:38 INFO  Progress (1): 549 kB    
2026.09.01 16:58:38 INFO                      
2026.09.01 16:58:38 INFO  Downloaded from central: https://repo.maven.apache.org/maven2/org/mockito/mockito-core/5.23.0/mockito-core-5.23.0-sources.jar (549 kB at 834 kB/s)
2026.09.01 16:58:38 INFO  [INFO] SUCCESS: org.mockito:mockito-core:jar:5.23.0:test (sources = true)
2026.09.01 16:58:38 INFO  [INFO] Resolving artifact: org.springframework.boot:spring-boot-security:jar:4.1.1:compile (sources = false)
2026.09.01 16:58:38 INFO  [INFO] SUCCESS: org.springframework.boot:spring-boot-security:jar:4.1.1:compile (sources = false)
2026.09.01 16:58:38 INFO  [INFO] Resolving artifact: org.springframework.boot:spring-boot-security:jar:4.1.1:compile (sources = true)
2026.09.01 16:58:38 INFO  Downloading from central: https://repo.maven.apache.org/maven2/org/springframework/boot/spring-boot-security/4.1.1/spring-boot-security-4.1.1-sources.jar
2026.09.01 16:58:39 INFO  Progress (1): 7.7/57 kB
2026.09.01 16:58:39 INFO  Progress (1): 16/57 kB 
2026.09.01 16:58:39 INFO  Progress (1): 25/57 kB
2026.09.01 16:58:39 INFO  Progress (1): 41/57 kB
2026.09.01 16:58:39 INFO  Progress (1): 57 kB   
2026.09.01 16:58:39 INFO                     
2026.09.01 16:58:39 INFO  Downloaded from central: https://repo.maven.apache.org/maven2/org/springframework/boot/spring-boot-security/4.1.1/spring-boot-security-4.1.1-sources.jar (57 kB at 183 kB/s)
2026.09.01 16:58:39 INFO  [INFO] SUCCESS: org.springframework.boot:spring-boot-security:jar:4.1.1:compile (sources = true)
2026.09.01 16:58:39 INFO  [INFO] Resolving artifact: org.hibernate.orm:hibernate-core:jar:7.4.5.Final:compile (sources = false)
2026.09.01 16:58:39 INFO  [INFO] SUCCESS: org.hibernate.orm:hibernate-core:jar:7.4.5.Final:compile (sources = false)
2026.09.01 16:58:39 INFO  [INFO] Resolving artifact: org.hibernate.orm:hibernate-core:jar:7.4.5.Final:compile (sources = true)
2026.09.01 16:58:39 INFO  Downloading from central: https://repo.maven.apache.org/maven2/org/hibernate/orm/hibernate-core/7.4.5.Final/hibernate-core-7.4.5.Final-sources.jar
2026.09.01 16:58:39 INFO  Progress (1): 0/8.5 MB
2026.09.01 16:58:39 INFO  Progress (1): 0/8.5 MB
2026.09.01 16:58:39 INFO  Progress (1): 0/8.5 MB
2026.09.01 16:58:39 INFO  Progress (1): 0/8.5 MB
2026.09.01 16:58:39 INFO  Progress (1): 0/8.5 MB
2026.09.01 16:58:39 INFO  Progress (1): 0.1/8.5 MB
2026.09.01 16:58:39 INFO  Progress (1): 0.1/8.5 MB
2026.09.01 16:58:39 INFO  Progress (1): 0.1/8.5 MB
2026.09.01 16:58:39 INFO  Progress (1): 0.1/8.5 MB
2026.09.01 16:58:39 INFO  Progress (1): 0.1/8.5 MB
2026.09.01 16:58:39 INFO  Progress (1): 0.1/8.5 MB
2026.09.01 16:58:39 INFO  Progress (1): 0.1/8.5 MB
2026.09.01 16:58:39 INFO  Progress (1): 0.2/8.5 MB
2026.09.01 16:58:39 INFO  Progress (1): 0.2/8.5 MB
2026.09.01 16:58:39 INFO  Progress (1): 0.2/8.5 MB
2026.09.01 16:58:39 INFO  Progress (1): 0.2/8.5 MB
2026.09.01 16:58:39 INFO  Progress (1): 0.2/8.5 MB
2026.09.01 16:58:39 INFO  Progress (1): 0.2/8.5 MB
2026.09.01 16:58:39 INFO  Progress (1): 0.3/8.5 MB
2026.09.01 16:58:39 INFO  Progress (1): 0.3/8.5 MB
2026.09.01 16:58:39 INFO  Progress (1): 0.3/8.5 MB
2026.09.01 16:58:39 INFO  Progress (1): 0.3/8.5 MB
2026.09.01 16:58:39 INFO  Progress (1): 0.3/8.5 MB
2026.09.01 16:58:39 INFO  Progress (1): 0.3/8.5 MB
2026.09.01 16:58:39 INFO  Progress (1): 0.4/8.5 MB
2026.09.01 16:58:39 INFO  Progress (1): 0.4/8.5 MB
2026.09.01 16:58:39 INFO  Progress (1): 0.4/8.5 MB
2026.09.01 16:58:39 INFO  Progress (1): 0.4/8.5 MB
2026.09.01 16:58:39 INFO  Progress (1): 0.4/8.5 MB
2026.09.01 16:58:39 INFO  Progress (1): 0.4/8.5 MB
2026.09.01 16:58:39 INFO  Progress (1): 0.5/8.5 MB
2026.09.01 16:58:39 INFO  Progress (1): 0.5/8.5 MB
2026.09.01 16:58:39 INFO  Progress (1): 0.5/8.5 MB
2026.09.01 16:58:39 INFO  Progress (1): 0.5/8.5 MB
2026.09.01 16:58:39 INFO  Progress (1): 0.5/8.5 MB
2026.09.01 16:58:39 INFO  Progress (1): 0.5/8.5 MB
2026.09.01 16:58:39 INFO  Progress (1): 0.6/8.5 MB
2026.09.01 16:58:39 INFO  Progress (1): 0.6/8.5 MB
2026.09.01 16:58:39 INFO  Progress (1): 0.6/8.5 MB
2026.09.01 16:58:39 INFO  Progress (1): 0.6/8.5 MB
2026.09.01 16:58:39 INFO  Progress (1): 0.6/8.5 MB
2026.09.01 16:58:39 INFO  Progress (1): 0.6/8.5 MB
2026.09.01 16:58:39 INFO  Progress (1): 0.7/8.5 MB
2026.09.01 16:58:39 INFO  Progress (1): 0.7/8.5 MB
2026.09.01 16:58:39 INFO  Progress (1): 0.7/8.5 MB
2026.09.01 16:58:39 INFO  Progress (1): 0.7/8.5 MB
2026.09.01 16:58:39 INFO  Progress (1): 0.7/8.5 MB
2026.09.01 16:58:39 INFO  Progress (1): 0.7/8.5 MB
2026.09.01 16:58:39 INFO  Progress (1): 0.8/8.5 MB
2026.09.01 16:58:39 INFO  Progress (1): 0.8/8.5 MB
2026.09.01 16:58:39 INFO  Progress (1): 0.8/8.5 MB
2026.09.01 16:58:39 INFO  Progress (1): 0.8/8.5 MB
2026.09.01 16:58:39 INFO  Progress (1): 0.8/8.5 MB
2026.09.01 16:58:39 INFO  Progress (1): 0.8/8.5 MB
2026.09.01 16:58:39 INFO  Progress (1): 0.9/8.5 MB
2026.09.01 16:58:39 INFO  Progress (1): 0.9/8.5 MB
2026.09.01 16:58:39 INFO  Progress (1): 0.9/8.5 MB
2026.09.01 16:58:39 INFO  Progress (1): 0.9/8.5 MB
2026.09.01 16:58:39 INFO  Progress (1): 0.9/8.5 MB
2026.09.01 16:58:39 INFO  Progress (1): 0.9/8.5 MB
2026.09.01 16:58:39 INFO  Progress (1): 1.0/8.5 MB
2026.09.01 16:58:39 INFO  Progress (1): 1.0/8.5 MB
2026.09.01 16:58:39 INFO  Progress (1): 1.0/8.5 MB
2026.09.01 16:58:39 INFO  Progress (1): 1.0/8.5 MB
2026.09.01 16:58:39 INFO  Progress (1): 1.0/8.5 MB
2026.09.01 16:58:39 INFO  Progress (1): 1.0/8.5 MB
2026.09.01 16:58:39 INFO  Progress (1): 1.0/8.5 MB
2026.09.01 16:58:39 INFO  Progress (1): 1.1/8.5 MB
2026.09.01 16:58:39 INFO  Progress (1): 1.1/8.5 MB
2026.09.01 16:58:39 INFO  Progress (1): 1.1/8.5 MB
2026.09.01 16:58:39 INFO  Progress (1): 1.1/8.5 MB
2026.09.01 16:58:39 INFO  Progress (1): 1.1/8.5 MB
2026.09.01 16:58:40 INFO  Progress (1): 1.1/8.5 MB
2026.09.01 16:58:40 INFO  Progress (1): 1.2/8.5 MB
2026.09.01 16:58:40 INFO  Progress (1): 1.2/8.5 MB
2026.09.01 16:58:40 INFO  Progress (1): 1.2/8.5 MB
2026.09.01 16:58:40 INFO  Progress (1): 1.2/8.5 MB
2026.09.01 16:58:40 INFO  Progress (1): 1.2/8.5 MB
2026.09.01 16:58:40 INFO  Progress (1): 1.2/8.5 MB
2026.09.01 16:58:40 INFO  Progress (1): 1.3/8.5 MB
2026.09.01 16:58:40 INFO  Progress (1): 1.3/8.5 MB
2026.09.01 16:58:40 INFO  Progress (1): 1.3/8.5 MB
2026.09.01 16:58:40 INFO  Progress (1): 1.3/8.5 MB
2026.09.01 16:58:40 INFO  Progress (1): 1.3/8.5 MB
2026.09.01 16:58:40 INFO  Progress (1): 1.3/8.5 MB
2026.09.01 16:58:40 INFO  Progress (1): 1.4/8.5 MB
2026.09.01 16:58:40 INFO  Progress (1): 1.4/8.5 MB
2026.09.01 16:58:40 INFO  Progress (1): 1.4/8.5 MB
2026.09.01 16:58:40 INFO  Progress (1): 1.4/8.5 MB
2026.09.01 16:58:40 INFO  Progress (1): 1.4/8.5 MB
2026.09.01 16:58:40 INFO  Progress (1): 1.4/8.5 MB
2026.09.01 16:58:40 INFO  Progress (1): 1.5/8.5 MB
2026.09.01 16:58:40 INFO  Progress (1): 1.5/8.5 MB
2026.09.01 16:58:40 INFO  Progress (1): 1.5/8.5 MB
2026.09.01 16:58:40 INFO  Progress (1): 1.5/8.5 MB
2026.09.01 16:58:40 INFO  Progress (1): 1.5/8.5 MB
2026.09.01 16:58:40 INFO  Progress (1): 1.5/8.5 MB
2026.09.01 16:58:40 INFO  Progress (1): 1.6/8.5 MB
2026.09.01 16:58:40 INFO  Progress (1): 1.6/8.5 MB
2026.09.01 16:58:40 INFO  Progress (1): 1.6/8.5 MB
2026.09.01 16:58:40 INFO  Progress (1): 1.6/8.5 MB
2026.09.01 16:58:40 INFO  Progress (1): 1.6/8.5 MB
2026.09.01 16:58:40 INFO  Progress (1): 1.6/8.5 MB
2026.09.01 16:58:40 INFO  Progress (1): 1.7/8.5 MB
2026.09.01 16:58:40 INFO  Progress (1): 1.7/8.5 MB
2026.09.01 16:58:40 INFO  Progress (1): 1.7/8.5 MB
2026.09.01 16:58:40 INFO  Progress (1): 1.7/8.5 MB
2026.09.01 16:58:40 INFO  Progress (1): 1.7/8.5 MB
2026.09.01 16:58:40 INFO  Progress (1): 1.7/8.5 MB
2026.09.01 16:58:40 INFO  Progress (1): 1.8/8.5 MB
2026.09.01 16:58:40 INFO  Progress (1): 1.8/8.5 MB
2026.09.01 16:58:40 INFO  Progress (1): 1.8/8.5 MB
2026.09.01 16:58:40 INFO  Progress (1): 1.8/8.5 MB
2026.09.01 16:58:40 INFO  Progress (1): 1.8/8.5 MB
2026.09.01 16:58:40 INFO  Progress (1): 1.8/8.5 MB
2026.09.01 16:58:40 INFO  Progress (1): 1.9/8.5 MB
2026.09.01 16:58:40 INFO  Progress (1): 1.9/8.5 MB
2026.09.01 16:58:40 INFO  Progress (1): 1.9/8.5 MB
2026.09.01 16:58:40 INFO  Progress (1): 1.9/8.5 MB
2026.09.01 16:58:40 INFO  Progress (1): 1.9/8.5 MB
2026.09.01 16:58:40 INFO  Progress (1): 1.9/8.5 MB
2026.09.01 16:58:40 INFO  Progress (1): 1.9/8.5 MB
2026.09.01 16:58:40 INFO  Progress (1): 2.0/8.5 MB
2026.09.01 16:58:40 INFO  Progress (1): 2.0/8.5 MB
2026.09.01 16:58:40 INFO  Progress (1): 2.0/8.5 MB
2026.09.01 16:58:40 INFO  Progress (1): 2.0/8.5 MB
2026.09.01 16:58:40 INFO  Progress (1): 2.0/8.5 MB
2026.09.01 16:58:40 INFO  Progress (1): 2.0/8.5 MB
2026.09.01 16:58:40 INFO  Progress (1): 2.1/8.5 MB
2026.09.01 16:58:40 INFO  Progress (1): 2.1/8.5 MB
2026.09.01 16:58:40 INFO  Progress (1): 2.1/8.5 MB
2026.09.01 16:58:40 INFO  Progress (1): 2.1/8.5 MB
2026.09.01 16:58:40 INFO  Progress (1): 2.1/8.5 MB
2026.09.01 16:58:40 INFO  Progress (1): 2.1/8.5 MB
2026.09.01 16:58:40 INFO  Progress (1): 2.2/8.5 MB
2026.09.01 16:58:40 INFO  Progress (1): 2.2/8.5 MB
2026.09.01 16:58:40 INFO  Progress (1): 2.2/8.5 MB
2026.09.01 16:58:40 INFO  Progress (1): 2.2/8.5 MB
2026.09.01 16:58:40 INFO  Progress (1): 2.2/8.5 MB
2026.09.01 16:58:40 INFO  Progress (1): 2.2/8.5 MB
2026.09.01 16:58:40 INFO  Progress (1): 2.3/8.5 MB
2026.09.01 16:58:40 INFO  Progress (1): 2.3/8.5 MB
2026.09.01 16:58:40 INFO  Progress (1): 2.3/8.5 MB
2026.09.01 16:58:40 INFO  Progress (1): 2.3/8.5 MB
2026.09.01 16:58:40 INFO  Progress (1): 2.3/8.5 MB
2026.09.01 16:58:40 INFO  Progress (1): 2.3/8.5 MB
2026.09.01 16:58:40 INFO  Progress (1): 2.4/8.5 MB
2026.09.01 16:58:40 INFO  Progress (1): 2.4/8.5 MB
2026.09.01 16:58:40 INFO  Progress (1): 2.4/8.5 MB
2026.09.01 16:58:40 INFO  Progress (1): 2.4/8.5 MB
2026.09.01 16:58:40 INFO  Progress (1): 2.4/8.5 MB
2026.09.01 16:58:40 INFO  Progress (1): 2.4/8.5 MB
2026.09.01 16:58:40 INFO  Progress (1): 2.5/8.5 MB
2026.09.01 16:58:40 INFO  Progress (1): 2.5/8.5 MB
2026.09.01 16:58:40 INFO  Progress (1): 2.5/8.5 MB
2026.09.01 16:58:40 INFO  Progress (1): 2.5/8.5 MB
2026.09.01 16:58:40 INFO  Progress (1): 2.5/8.5 MB
2026.09.01 16:58:40 INFO  Progress (1): 2.5/8.5 MB
2026.09.01 16:58:40 INFO  Progress (1): 2.6/8.5 MB
2026.09.01 16:58:40 INFO  Progress (1): 2.6/8.5 MB
2026.09.01 16:58:40 INFO  Progress (1): 2.6/8.5 MB
2026.09.01 16:58:40 INFO  Progress (1): 2.6/8.5 MB
2026.09.01 16:58:40 INFO  Progress (1): 2.6/8.5 MB
2026.09.01 16:58:40 INFO  Progress (1): 2.6/8.5 MB
2026.09.01 16:58:40 INFO  Progress (1): 2.6/8.5 MB
2026.09.01 16:58:40 INFO  Progress (1): 2.7/8.5 MB
2026.09.01 16:58:41 INFO  Progress (1): 2.7/8.5 MB
2026.09.01 16:58:41 INFO  Progress (1): 2.7/8.5 MB
2026.09.01 16:58:41 INFO  Progress (1): 2.7/8.5 MB
2026.09.01 16:58:41 INFO  Progress (1): 2.7/8.5 MB
2026.09.01 16:58:41 INFO  Progress (1): 2.7/8.5 MB
2026.09.01 16:58:41 INFO  Progress (1): 2.8/8.5 MB
2026.09.01 16:58:41 INFO  Progress (1): 2.8/8.5 MB
2026.09.01 16:58:41 INFO  Progress (1): 2.8/8.5 MB
2026.09.01 16:58:41 INFO  Progress (1): 2.8/8.5 MB
2026.09.01 16:58:41 INFO  Progress (1): 2.8/8.5 MB
2026.09.01 16:58:41 INFO  Progress (1): 2.8/8.5 MB
2026.09.01 16:58:41 INFO  Progress (1): 2.9/8.5 MB
2026.09.01 16:58:41 INFO  Progress (1): 2.9/8.5 MB
2026.09.01 16:58:41 INFO  Progress (1): 2.9/8.5 MB
2026.09.01 16:58:41 INFO  Progress (1): 2.9/8.5 MB
2026.09.01 16:58:41 INFO  Progress (1): 2.9/8.5 MB
2026.09.01 16:58:41 INFO  Progress (1): 2.9/8.5 MB
2026.09.01 16:58:41 INFO  Progress (1): 3.0/8.5 MB
2026.09.01 16:58:41 INFO  Progress (1): 3.0/8.5 MB
2026.09.01 16:58:41 INFO  Progress (1): 3.0/8.5 MB
2026.09.01 16:58:41 INFO  Progress (1): 3.0/8.5 MB
2026.09.01 16:58:41 INFO  Progress (1): 3.0/8.5 MB
2026.09.01 16:58:41 INFO  Progress (1): 3.0/8.5 MB
2026.09.01 16:58:41 INFO  Progress (1): 3.1/8.5 MB
2026.09.01 16:58:41 INFO  Progress (1): 3.1/8.5 MB
2026.09.01 16:58:41 INFO  Progress (1): 3.1/8.5 MB
2026.09.01 16:58:41 INFO  Progress (1): 3.1/8.5 MB
2026.09.01 16:58:41 INFO  Progress (1): 3.1/8.5 MB
2026.09.01 16:58:41 INFO  Progress (1): 3.1/8.5 MB
2026.09.01 16:58:41 INFO  Progress (1): 3.2/8.5 MB
2026.09.01 16:58:41 INFO  Progress (1): 3.2/8.5 MB
2026.09.01 16:58:41 INFO  Progress (1): 3.2/8.5 MB
2026.09.01 16:58:41 INFO  Progress (1): 3.2/8.5 MB
2026.09.01 16:58:41 INFO  Progress (1): 3.2/8.5 MB
2026.09.01 16:58:41 INFO  Progress (1): 3.2/8.5 MB
2026.09.01 16:58:41 INFO  Progress (1): 3.2/8.5 MB
2026.09.01 16:58:41 INFO  Progress (1): 3.3/8.5 MB
2026.09.01 16:58:41 INFO  Progress (1): 3.3/8.5 MB
2026.09.01 16:58:41 INFO  Progress (1): 3.3/8.5 MB
2026.09.01 16:58:41 INFO  Progress (1): 3.3/8.5 MB
2026.09.01 16:58:41 INFO  Progress (1): 3.3/8.5 MB
2026.09.01 16:58:41 INFO  Progress (1): 3.3/8.5 MB
2026.09.01 16:58:41 INFO  Progress (1): 3.4/8.5 MB
2026.09.01 16:58:41 INFO  Progress (1): 3.4/8.5 MB
2026.09.01 16:58:41 INFO  Progress (1): 3.4/8.5 MB
2026.09.01 16:58:41 INFO  no build target found for C:\Users\USUARIO\Documents\farmacia\farmacia\src\main\java\com\example\farmacia\controller\FormulaController.java. Using fallback presentation compiler.
2026.09.01 16:58:41 INFO  Progress (1): 3.4/8.5 MB
2026.09.01 16:58:41 INFO  Progress (1): 3.4/8.5 MB
2026.09.01 16:58:41 INFO  Progress (1): 3.4/8.5 MB
2026.09.01 16:58:41 INFO  Progress (1): 3.5/8.5 MB
2026.09.01 16:58:41 INFO  Progress (1): 3.5/8.5 MB
2026.09.01 16:58:41 INFO  Progress (1): 3.5/8.5 MB
2026.09.01 16:58:41 INFO  Progress (1): 3.5/8.5 MB
2026.09.01 16:58:41 INFO  Progress (1): 3.5/8.5 MB
2026.09.01 16:58:41 INFO  Progress (1): 3.5/8.5 MB
2026.09.01 16:58:41 INFO  Progress (1): 3.6/8.5 MB
2026.09.01 16:58:41 INFO  Progress (1): 3.6/8.5 MB
2026.09.01 16:58:41 INFO  Progress (1): 3.6/8.5 MB
2026.09.01 16:58:41 INFO  Progress (1): 3.6/8.5 MB
2026.09.01 16:58:41 INFO  Progress (1): 3.6/8.5 MB
2026.09.01 16:58:41 INFO  Progress (1): 3.6/8.5 MB
2026.09.01 16:58:41 INFO  Progress (1): 3.7/8.5 MB
2026.09.01 16:58:41 INFO  Progress (1): 3.7/8.5 MB
2026.09.01 16:58:41 INFO  Progress (1): 3.7/8.5 MB
2026.09.01 16:58:41 INFO  Progress (1): 3.7/8.5 MB
2026.09.01 16:58:41 INFO  Progress (1): 3.7/8.5 MB
2026.09.01 16:58:41 INFO  Progress (1): 3.7/8.5 MB
2026.09.01 16:58:41 INFO  Progress (1): 3.8/8.5 MB
2026.09.01 16:58:41 INFO  Progress (1): 3.8/8.5 MB
2026.09.01 16:58:41 INFO  Progress (1): 3.8/8.5 MB
2026.09.01 16:58:41 INFO  Progress (1): 3.8/8.5 MB
2026.09.01 16:58:41 INFO  Progress (1): 3.8/8.5 MB
2026.09.01 16:58:41 INFO  Progress (1): 3.8/8.5 MB
2026.09.01 16:58:41 INFO  Progress (1): 3.9/8.5 MB
2026.09.01 16:58:41 INFO  Progress (1): 3.9/8.5 MB
2026.09.01 16:58:41 INFO  Progress (1): 3.9/8.5 MB
2026.09.01 16:58:41 INFO  Progress (1): 3.9/8.5 MB
2026.09.01 16:58:41 INFO  Progress (1): 3.9/8.5 MB
2026.09.01 16:58:41 INFO  Progress (1): 3.9/8.5 MB
2026.09.01 16:58:41 INFO  Progress (1): 4.0/8.5 MB
2026.09.01 16:58:41 INFO  Progress (1): 4.0/8.5 MB
2026.09.01 16:58:41 INFO  Progress (1): 4.0/8.5 MB
2026.09.01 16:58:41 INFO  Progress (1): 4.0/8.5 MB
2026.09.01 16:58:41 INFO  Progress (1): 4.0/8.5 MB
2026.09.01 16:58:41 INFO  Progress (1): 4.0/8.5 MB
2026.09.01 16:58:41 INFO  Progress (1): 4.0/8.5 MB
2026.09.01 16:58:41 INFO  Progress (1): 4.1/8.5 MB
2026.09.01 16:58:41 INFO  Progress (1): 4.1/8.5 MB
2026.09.01 16:58:41 INFO  Progress (1): 4.1/8.5 MB
2026.09.01 16:58:41 INFO  Progress (1): 4.1/8.5 MB
2026.09.01 16:58:41 INFO  Progress (1): 4.1/8.5 MB
2026.09.01 16:58:41 INFO  Progress (1): 4.1/8.5 MB
2026.09.01 16:58:41 INFO  Progress (1): 4.2/8.5 MB
2026.09.01 16:58:41 INFO  Progress (1): 4.2/8.5 MB
2026.09.01 16:58:41 INFO  Progress (1): 4.2/8.5 MB
2026.09.01 16:58:41 INFO  Progress (1): 4.2/8.5 MB
2026.09.01 16:58:41 INFO  Progress (1): 4.2/8.5 MB
2026.09.01 16:58:41 INFO  Progress (1): 4.2/8.5 MB
2026.09.01 16:58:41 INFO  Progress (1): 4.3/8.5 MB
2026.09.01 16:58:41 INFO  Progress (1): 4.3/8.5 MB
2026.09.01 16:58:41 INFO  Progress (1): 4.3/8.5 MB
2026.09.01 16:58:41 INFO  Progress (1): 4.3/8.5 MB
2026.09.01 16:58:41 INFO  Progress (1): 4.3/8.5 MB
2026.09.01 16:58:41 INFO  Progress (1): 4.3/8.5 MB
2026.09.01 16:58:41 INFO  Progress (1): 4.4/8.5 MB
2026.09.01 16:58:41 INFO  Progress (1): 4.4/8.5 MB
2026.09.01 16:58:41 INFO  Progress (1): 4.4/8.5 MB
2026.09.01 16:58:42 INFO  Progress (1): 4.4/8.5 MB
2026.09.01 16:58:42 INFO  Progress (1): 4.4/8.5 MB
2026.09.01 16:58:42 INFO  Progress (1): 4.4/8.5 MB
2026.09.01 16:58:42 INFO  Progress (1): 4.5/8.5 MB
2026.09.01 16:58:42 INFO  Progress (1): 4.5/8.5 MB
2026.09.01 16:58:42 INFO  Progress (1): 4.5/8.5 MB
2026.09.01 16:58:42 INFO  Progress (1): 4.5/8.5 MB
2026.09.01 16:58:42 INFO  Progress (1): 4.5/8.5 MB
2026.09.01 16:58:42 INFO  Progress (1): 4.5/8.5 MB
2026.09.01 16:58:42 INFO  Progress (1): 4.6/8.5 MB
2026.09.01 16:58:42 INFO  Progress (1): 4.6/8.5 MB
2026.09.01 16:58:42 INFO  Progress (1): 4.6/8.5 MB
2026.09.01 16:58:42 INFO  Progress (1): 4.6/8.5 MB
2026.09.01 16:58:42 INFO  Progress (1): 4.6/8.5 MB
2026.09.01 16:58:42 INFO  Progress (1): 4.6/8.5 MB
2026.09.01 16:58:42 INFO  Progress (1): 4.7/8.5 MB
2026.09.01 16:58:42 INFO  Progress (1): 4.7/8.5 MB
2026.09.01 16:58:42 INFO  Progress (1): 4.7/8.5 MB
2026.09.01 16:58:42 INFO  Progress (1): 4.7/8.5 MB
2026.09.01 16:58:42 INFO  Progress (1): 4.7/8.5 MB
2026.09.01 16:58:42 INFO  Progress (1): 4.7/8.5 MB
2026.09.01 16:58:42 INFO  Progress (1): 4.8/8.5 MB
2026.09.01 16:58:42 INFO  Progress (1): 4.8/8.5 MB
2026.09.01 16:58:42 INFO  Progress (1): 4.8/8.5 MB
2026.09.01 16:58:42 INFO  Progress (1): 4.8/8.5 MB
2026.09.01 16:58:42 INFO  Progress (1): 4.8/8.5 MB
2026.09.01 16:58:42 INFO  Progress (1): 4.8/8.5 MB
2026.09.01 16:58:42 INFO  Progress (1): 4.9/8.5 MB
2026.09.01 16:58:42 INFO  Progress (1): 4.9/8.5 MB
2026.09.01 16:58:42 INFO  Progress (1): 4.9/8.5 MB
2026.09.01 16:58:42 INFO  Progress (1): 4.9/8.5 MB
2026.09.01 16:58:42 INFO  Progress (1): 4.9/8.5 MB
2026.09.01 16:58:42 INFO  Progress (1): 4.9/8.5 MB
2026.09.01 16:58:42 INFO  Progress (1): 4.9/8.5 MB
2026.09.01 16:58:42 INFO  Progress (1): 4.9/8.5 MB
2026.09.01 16:58:42 INFO  Progress (1): 5.0/8.5 MB
2026.09.01 16:58:42 INFO  Progress (1): 5.0/8.5 MB
2026.09.01 16:58:42 INFO  Progress (1): 5.0/8.5 MB
2026.09.01 16:58:42 INFO  Progress (1): 5.0/8.5 MB
2026.09.01 16:58:42 INFO  Progress (1): 5.0/8.5 MB
2026.09.01 16:58:42 INFO  Progress (1): 5.0/8.5 MB
2026.09.01 16:58:42 INFO  Progress (1): 5.1/8.5 MB
2026.09.01 16:58:42 INFO  Progress (1): 5.1/8.5 MB
2026.09.01 16:58:42 INFO  Progress (1): 5.1/8.5 MB
2026.09.01 16:58:42 INFO  Progress (1): 5.1/8.5 MB
2026.09.01 16:58:42 INFO  Progress (1): 5.1/8.5 MB
2026.09.01 16:58:42 INFO  Progress (1): 5.1/8.5 MB
2026.09.01 16:58:42 INFO  Progress (1): 5.1/8.5 MB
2026.09.01 16:58:42 INFO  Progress (1): 5.2/8.5 MB
2026.09.01 16:58:42 INFO  Progress (1): 5.2/8.5 MB
2026.09.01 16:58:42 INFO  Progress (1): 5.2/8.5 MB
2026.09.01 16:58:42 INFO  Progress (1): 5.2/8.5 MB
2026.09.01 16:58:42 INFO  Progress (1): 5.2/8.5 MB
2026.09.01 16:58:42 INFO  Progress (1): 5.2/8.5 MB
2026.09.01 16:58:42 INFO  Progress (1): 5.3/8.5 MB
2026.09.01 16:58:42 INFO  Progress (1): 5.3/8.5 MB
2026.09.01 16:58:42 INFO  Progress (1): 5.3/8.5 MB
2026.09.01 16:58:42 INFO  Progress (1): 5.3/8.5 MB
2026.09.01 16:58:42 INFO  Progress (1): 5.3/8.5 MB
2026.09.01 16:58:42 INFO  Progress (1): 5.3/8.5 MB
2026.09.01 16:58:42 INFO  Progress (1): 5.4/8.5 MB
2026.09.01 16:58:42 INFO  Progress (1): 5.4/8.5 MB
2026.09.01 16:58:42 INFO  Progress (1): 5.4/8.5 MB
2026.09.01 16:58:42 INFO  Progress (1): 5.4/8.5 MB
2026.09.01 16:58:42 INFO  Progress (1): 5.4/8.5 MB
2026.09.01 16:58:42 INFO  Progress (1): 5.4/8.5 MB
2026.09.01 16:58:42 INFO  Progress (1): 5.5/8.5 MB
2026.09.01 16:58:42 INFO  Progress (1): 5.5/8.5 MB
2026.09.01 16:58:42 INFO  Progress (1): 5.5/8.5 MB
2026.09.01 16:58:42 INFO  Progress (1): 5.5/8.5 MB
2026.09.01 16:58:42 INFO  Progress (1): 5.5/8.5 MB
2026.09.01 16:58:42 INFO  Progress (1): 5.5/8.5 MB
2026.09.01 16:58:42 INFO  Progress (1): 5.6/8.5 MB
2026.09.01 16:58:42 INFO  Progress (1): 5.6/8.5 MB
2026.09.01 16:58:42 INFO  Progress (1): 5.6/8.5 MB
2026.09.01 16:58:42 INFO  Progress (1): 5.6/8.5 MB
2026.09.01 16:58:42 INFO  Progress (1): 5.6/8.5 MB
2026.09.01 16:58:42 INFO  Progress (1): 5.6/8.5 MB
2026.09.01 16:58:42 INFO  Progress (1): 5.7/8.5 MB
2026.09.01 16:58:42 INFO  Progress (1): 5.7/8.5 MB
2026.09.01 16:58:42 INFO  Progress (1): 5.7/8.5 MB
2026.09.01 16:58:42 INFO  Progress (1): 5.7/8.5 MB
2026.09.01 16:58:42 INFO  Progress (1): 5.7/8.5 MB
2026.09.01 16:58:42 INFO  Progress (1): 5.7/8.5 MB
2026.09.01 16:58:42 INFO  Progress (1): 5.8/8.5 MB
2026.09.01 16:58:42 INFO  Progress (1): 5.8/8.5 MB
2026.09.01 16:58:42 INFO  Progress (1): 5.8/8.5 MB
2026.09.01 16:58:42 INFO  Progress (1): 5.8/8.5 MB
2026.09.01 16:58:42 INFO  Progress (1): 5.8/8.5 MB
2026.09.01 16:58:42 INFO  Progress (1): 5.8/8.5 MB
2026.09.01 16:58:42 INFO  Progress (1): 5.9/8.5 MB
2026.09.01 16:58:42 INFO  Progress (1): 5.9/8.5 MB
2026.09.01 16:58:42 INFO  Progress (1): 5.9/8.5 MB
2026.09.01 16:58:42 INFO  Progress (1): 5.9/8.5 MB
2026.09.01 16:58:42 INFO  Progress (1): 5.9/8.5 MB
2026.09.01 16:58:42 INFO  Progress (1): 5.9/8.5 MB
2026.09.01 16:58:42 INFO  Progress (1): 6.0/8.5 MB
2026.09.01 16:58:42 INFO  Progress (1): 6.0/8.5 MB
2026.09.01 16:58:42 INFO  Progress (1): 6.0/8.5 MB
2026.09.01 16:58:42 INFO  Progress (1): 6.0/8.5 MB
2026.09.01 16:58:42 INFO  Progress (1): 6.0/8.5 MB
2026.09.01 16:58:42 INFO  Progress (1): 6.0/8.5 MB
2026.09.01 16:58:42 INFO  Progress (1): 6.1/8.5 MB
2026.09.01 16:58:42 INFO  Progress (1): 6.1/8.5 MB
2026.09.01 16:58:42 INFO  Progress (1): 6.1/8.5 MB
2026.09.01 16:58:42 INFO  Progress (1): 6.1/8.5 MB
2026.09.01 16:58:42 INFO  Progress (1): 6.1/8.5 MB
2026.09.01 16:58:42 INFO  Progress (1): 6.1/8.5 MB
2026.09.01 16:58:42 INFO  Progress (1): 6.1/8.5 MB
2026.09.01 16:58:42 INFO  Progress (1): 6.2/8.5 MB
2026.09.01 16:58:42 INFO  Progress (1): 6.2/8.5 MB
2026.09.01 16:58:42 INFO  Progress (1): 6.2/8.5 MB
2026.09.01 16:58:42 INFO  Progress (1): 6.2/8.5 MB
2026.09.01 16:58:43 INFO  Progress (1): 6.2/8.5 MB
2026.09.01 16:58:43 INFO  Progress (1): 6.2/8.5 MB
2026.09.01 16:58:43 INFO  Progress (1): 6.3/8.5 MB
2026.09.01 16:58:43 INFO  Progress (1): 6.3/8.5 MB
2026.09.01 16:58:43 INFO  Progress (1): 6.3/8.5 MB
2026.09.01 16:58:43 INFO  Progress (1): 6.3/8.5 MB
2026.09.01 16:58:43 INFO  Progress (1): 6.3/8.5 MB
2026.09.01 16:58:43 INFO  Progress (1): 6.3/8.5 MB
2026.09.01 16:58:43 INFO  Progress (1): 6.4/8.5 MB
2026.09.01 16:58:43 INFO  Progress (1): 6.4/8.5 MB
2026.09.01 16:58:43 INFO  Progress (1): 6.4/8.5 MB
2026.09.01 16:58:43 INFO  Progress (1): 6.4/8.5 MB
2026.09.01 16:58:43 INFO  Progress (1): 6.4/8.5 MB
2026.09.01 16:58:43 INFO  Progress (1): 6.4/8.5 MB
2026.09.01 16:58:43 INFO  Progress (1): 6.5/8.5 MB
2026.09.01 16:58:43 INFO  Progress (1): 6.5/8.5 MB
2026.09.01 16:58:43 INFO  Progress (1): 6.5/8.5 MB
2026.09.01 16:58:43 INFO  Progress (1): 6.5/8.5 MB
2026.09.01 16:58:43 INFO  Progress (1): 6.5/8.5 MB
2026.09.01 16:58:43 INFO  Progress (1): 6.5/8.5 MB
2026.09.01 16:58:43 INFO  Progress (1): 6.6/8.5 MB
2026.09.01 16:58:43 INFO  Progress (1): 6.6/8.5 MB
2026.09.01 16:58:43 INFO  Progress (1): 6.6/8.5 MB
2026.09.01 16:58:43 INFO  Progress (1): 6.6/8.5 MB
2026.09.01 16:58:43 INFO  Progress (1): 6.6/8.5 MB
2026.09.01 16:58:43 INFO  Progress (1): 6.6/8.5 MB
2026.09.01 16:58:43 INFO  Progress (1): 6.7/8.5 MB
2026.09.01 16:58:43 INFO  Progress (1): 6.7/8.5 MB
2026.09.01 16:58:43 INFO  Progress (1): 6.7/8.5 MB
2026.09.01 16:58:43 INFO  Progress (1): 6.7/8.5 MB
2026.09.01 16:58:43 INFO  Progress (1): 6.7/8.5 MB
2026.09.01 16:58:43 INFO  Progress (1): 6.7/8.5 MB
2026.09.01 16:58:43 INFO  Progress (1): 6.8/8.5 MB
2026.09.01 16:58:43 INFO  Progress (1): 6.8/8.5 MB
2026.09.01 16:58:43 INFO  Progress (1): 6.8/8.5 MB
2026.09.01 16:58:43 INFO  Progress (1): 6.8/8.5 MB
2026.09.01 16:58:43 INFO  Progress (1): 6.8/8.5 MB
2026.09.01 16:58:43 INFO  Progress (1): 6.8/8.5 MB
2026.09.01 16:58:43 INFO  Progress (1): 6.9/8.5 MB
2026.09.01 16:58:43 INFO  Progress (1): 6.9/8.5 MB
2026.09.01 16:58:43 INFO  Progress (1): 6.9/8.5 MB
2026.09.01 16:58:43 INFO  Progress (1): 6.9/8.5 MB
2026.09.01 16:58:43 INFO  Progress (1): 6.9/8.5 MB
2026.09.01 16:58:43 INFO  Progress (1): 6.9/8.5 MB
2026.09.01 16:58:44 INFO  no build target found for C:\Users\USUARIO\Documents\farmacia\farmacia\src\main\java\com\example\farmacia\controller\FormulaController.java. Using fallback presentation compiler.
2026.09.01 16:58:44 INFO  Progress (1): 7.0/8.5 MB
2026.09.01 16:58:44 INFO  Progress (1): 7.0/8.5 MB
2026.09.01 16:58:44 INFO  Progress (1): 7.0/8.5 MB
2026.09.01 16:58:44 INFO  Progress (1): 7.0/8.5 MB
2026.09.01 16:58:44 INFO  Progress (1): 7.0/8.5 MB
2026.09.01 16:58:44 INFO  Progress (1): 7.0/8.5 MB
2026.09.01 16:58:44 INFO  Progress (1): 7.0/8.5 MB
2026.09.01 16:58:44 INFO  Progress (1): 7.1/8.5 MB
2026.09.01 16:58:44 INFO  Progress (1): 7.1/8.5 MB
2026.09.01 16:58:44 INFO  Progress (1): 7.1/8.5 MB
2026.09.01 16:58:44 INFO  Progress (1): 7.1/8.5 MB
2026.09.01 16:58:44 INFO  Progress (1): 7.1/8.5 MB
2026.09.01 16:58:44 INFO  Progress (1): 7.1/8.5 MB
2026.09.01 16:58:44 INFO  Progress (1): 7.2/8.5 MB
2026.09.01 16:58:44 INFO  Progress (1): 7.2/8.5 MB
2026.09.01 16:58:44 INFO  Progress (1): 7.2/8.5 MB
2026.09.01 16:58:44 INFO  Progress (1): 7.2/8.5 MB
2026.09.01 16:58:44 INFO  Progress (1): 7.2/8.5 MB
2026.09.01 16:58:44 INFO  Progress (1): 7.2/8.5 MB
2026.09.01 16:58:44 INFO  Progress (1): 7.3/8.5 MB
2026.09.01 16:58:44 INFO  Progress (1): 7.3/8.5 MB
2026.09.01 16:58:44 INFO  Progress (1): 7.3/8.5 MB
2026.09.01 16:58:44 INFO  Progress (1): 7.3/8.5 MB
2026.09.01 16:58:44 INFO  Progress (1): 7.3/8.5 MB
2026.09.01 16:58:44 INFO  Progress (1): 7.3/8.5 MB
2026.09.01 16:58:44 INFO  Progress (1): 7.4/8.5 MB
2026.09.01 16:58:44 INFO  Progress (1): 7.4/8.5 MB
2026.09.01 16:58:44 INFO  Progress (1): 7.4/8.5 MB
2026.09.01 16:58:44 INFO  Progress (1): 7.4/8.5 MB
2026.09.01 16:58:44 INFO  Progress (1): 7.4/8.5 MB
2026.09.01 16:58:44 INFO  Progress (1): 7.4/8.5 MB
2026.09.01 16:58:44 INFO  Progress (1): 7.5/8.5 MB
2026.09.01 16:58:44 INFO  Progress (1): 7.5/8.5 MB
2026.09.01 16:58:44 INFO  Progress (1): 7.5/8.5 MB
2026.09.01 16:58:44 INFO  Progress (1): 7.5/8.5 MB
2026.09.01 16:58:44 INFO  Progress (1): 7.5/8.5 MB
2026.09.01 16:58:44 INFO  Progress (1): 7.5/8.5 MB
2026.09.01 16:58:44 INFO  Progress (1): 7.6/8.5 MB
2026.09.01 16:58:44 INFO  Progress (1): 7.6/8.5 MB
2026.09.01 16:58:44 INFO  Progress (1): 7.6/8.5 MB
2026.09.01 16:58:44 INFO  Progress (1): 7.6/8.5 MB
2026.09.01 16:58:44 INFO  Progress (1): 7.6/8.5 MB
2026.09.01 16:58:44 INFO  Progress (1): 7.6/8.5 MB
2026.09.01 16:58:44 INFO  Progress (1): 7.7/8.5 MB
2026.09.01 16:58:44 INFO  Progress (1): 7.7/8.5 MB
2026.09.01 16:58:44 INFO  Progress (1): 7.7/8.5 MB
2026.09.01 16:58:44 INFO  Progress (1): 7.7/8.5 MB
2026.09.01 16:58:44 INFO  Progress (1): 7.7/8.5 MB
2026.09.01 16:58:44 INFO  Progress (1): 7.7/8.5 MB
2026.09.01 16:58:44 INFO  Progress (1): 7.8/8.5 MB
2026.09.01 16:58:44 INFO  Progress (1): 7.8/8.5 MB
2026.09.01 16:58:44 INFO  Progress (1): 7.8/8.5 MB
2026.09.01 16:58:44 INFO  Progress (1): 7.8/8.5 MB
2026.09.01 16:58:44 INFO  Progress (1): 7.8/8.5 MB
2026.09.01 16:58:44 INFO  Progress (1): 7.8/8.5 MB
2026.09.01 16:58:44 INFO  Progress (1): 7.9/8.5 MB
2026.09.01 16:58:44 INFO  Progress (1): 7.9/8.5 MB
2026.09.01 16:58:44 INFO  Progress (1): 7.9/8.5 MB
2026.09.01 16:58:44 INFO  Progress (1): 7.9/8.5 MB
2026.09.01 16:58:44 INFO  Progress (1): 7.9/8.5 MB
2026.09.01 16:58:44 INFO  Progress (1): 7.9/8.5 MB
2026.09.01 16:58:44 INFO  Progress (1): 8.0/8.5 MB
2026.09.01 16:58:44 INFO  Progress (1): 8.0/8.5 MB
2026.09.01 16:58:44 INFO  Progress (1): 8.0/8.5 MB
2026.09.01 16:58:44 INFO  Progress (1): 8.0/8.5 MB
2026.09.01 16:58:44 INFO  Progress (1): 8.0/8.5 MB
2026.09.01 16:58:44 INFO  Progress (1): 8.0/8.5 MB
2026.09.01 16:58:44 INFO  Progress (1): 8.0/8.5 MB
2026.09.01 16:58:44 INFO  Progress (1): 8.1/8.5 MB
2026.09.01 16:58:44 INFO  Progress (1): 8.1/8.5 MB
2026.09.01 16:58:44 INFO  Progress (1): 8.1/8.5 MB
2026.09.01 16:58:44 INFO  Progress (1): 8.1/8.5 MB
2026.09.01 16:58:44 INFO  Progress (1): 8.1/8.5 MB
2026.09.01 16:58:44 INFO  Progress (1): 8.1/8.5 MB
2026.09.01 16:58:44 INFO  Progress (1): 8.2/8.5 MB
2026.09.01 16:58:44 INFO  Progress (1): 8.2/8.5 MB
2026.09.01 16:58:44 INFO  Progress (1): 8.2/8.5 MB
2026.09.01 16:58:44 INFO  Progress (1): 8.2/8.5 MB
2026.09.01 16:58:44 INFO  Progress (1): 8.2/8.5 MB
2026.09.01 16:58:44 INFO  Progress (1): 8.2/8.5 MB
2026.09.01 16:58:44 INFO  Progress (1): 8.3/8.5 MB
2026.09.01 16:58:44 INFO  Progress (1): 8.3/8.5 MB
2026.09.01 16:58:44 INFO  Progress (1): 8.3/8.5 MB
2026.09.01 16:58:44 INFO  Progress (1): 8.3/8.5 MB
2026.09.01 16:58:44 INFO  Progress (1): 8.3/8.5 MB
2026.09.01 16:58:44 INFO  Progress (1): 8.3/8.5 MB
2026.09.01 16:58:44 INFO  Progress (1): 8.4/8.5 MB
2026.09.01 16:58:44 INFO  Progress (1): 8.4/8.5 MB
2026.09.01 16:58:44 INFO  Progress (1): 8.4/8.5 MB
2026.09.01 16:58:44 INFO  Progress (1): 8.4/8.5 MB
2026.09.01 16:58:44 INFO  Progress (1): 8.4/8.5 MB
2026.09.01 16:58:44 INFO  Progress (1): 8.4/8.5 MB
2026.09.01 16:58:44 INFO  Progress (1): 8.5/8.5 MB
2026.09.01 16:58:45 INFO  Progress (1): 8.5/8.5 MB
2026.09.01 16:58:45 INFO  Progress (1): 8.5/8.5 MB
2026.09.01 16:58:45 INFO  Progress (1): 8.5 MB    
2026.09.01 16:58:45 INFO                      
2026.09.01 16:58:45 INFO  Downloaded from central: https://repo.maven.apache.org/maven2/org/hibernate/orm/hibernate-core/7.4.5.Final/hibernate-core-7.4.5.Final-sources.jar (8.5 MB at 1.4 MB/s)
2026.09.01 16:58:45 INFO  [INFO] SUCCESS: org.hibernate.orm:hibernate-core:jar:7.4.5.Final:compile (sources = true)
2026.09.01 16:58:45 INFO  [INFO] Resolving artifact: org.springframework.boot:spring-boot-starter-test:jar:4.1.1:test (sources = false)
2026.09.01 16:58:45 INFO  [INFO] SUCCESS: org.springframework.boot:spring-boot-starter-test:jar:4.1.1:test (sources = false)
2026.09.01 16:58:45 INFO  [INFO] Resolving artifact: org.springframework.boot:spring-boot-starter-test:jar:4.1.1:test (sources = true)
2026.09.01 16:58:45 INFO  Downloading from central: https://repo.maven.apache.org/maven2/org/springframework/boot/spring-boot-starter-test/4.1.1/spring-boot-starter-test-4.1.1-sources.jar
2026.09.01 16:58:45 INFO  Progress (1): 4.8 kB
2026.09.01 16:58:45 INFO                      
2026.09.01 16:58:45 INFO  Downloaded from central: https://repo.maven.apache.org/maven2/org/springframework/boot/spring-boot-starter-test/4.1.1/spring-boot-starter-test-4.1.1-sources.jar (4.8 kB at 14 kB/s)
2026.09.01 16:58:45 INFO  [INFO] SUCCESS: org.springframework.boot:spring-boot-starter-test:jar:4.1.1:test (sources = true)
2026.09.01 16:58:45 INFO  [INFO] Resolving artifact: net.minidev:json-smart:jar:2.6.0:test (sources = false)
2026.09.01 16:58:45 INFO  [INFO] SUCCESS: net.minidev:json-smart:jar:2.6.0:test (sources = false)
2026.09.01 16:58:45 INFO  [INFO] Resolving artifact: net.minidev:json-smart:jar:2.6.0:test (sources = true)
2026.09.01 16:58:45 INFO  [INFO] SUCCESS: net.minidev:json-smart:jar:2.6.0:test (sources = true)
2026.09.01 16:58:45 INFO  [INFO] Resolving artifact: org.springframework:spring-web:jar:7.0.9:compile (sources = false)
2026.09.01 16:58:45 INFO  [INFO] SUCCESS: org.springframework:spring-web:jar:7.0.9:compile (sources = false)
2026.09.01 16:58:45 INFO  [INFO] Resolving artifact: org.springframework:spring-web:jar:7.0.9:compile (sources = true)
2026.09.01 16:58:45 INFO  [INFO] SUCCESS: org.springframework:spring-web:jar:7.0.9:compile (sources = true)
2026.09.01 16:58:45 INFO  [INFO] Resolving artifact: net.bytebuddy:byte-buddy-agent:jar:1.18.11:test (sources = false)
2026.09.01 16:58:45 INFO  [INFO] SUCCESS: net.bytebuddy:byte-buddy-agent:jar:1.18.11:test (sources = false)
2026.09.01 16:58:45 INFO  [INFO] Resolving artifact: net.bytebuddy:byte-buddy-agent:jar:1.18.11:test (sources = true)
2026.09.01 16:58:45 INFO  Downloading from central: https://repo.maven.apache.org/maven2/net/bytebuddy/byte-buddy-agent/1.18.11/byte-buddy-agent-1.18.11-sources.jar
2026.09.01 16:58:45 INFO  Progress (1): 7.7/208 kB
2026.09.01 16:58:45 INFO  Progress (1): 8.2/208 kB
2026.09.01 16:58:45 INFO  Progress (1): 25/208 kB 
2026.09.01 16:58:45 INFO  Progress (1): 41/208 kB
2026.09.01 16:58:45 INFO  Progress (1): 57/208 kB
2026.09.01 16:58:45 INFO  Progress (1): 74/208 kB
2026.09.01 16:58:45 INFO  Progress (1): 90/208 kB
2026.09.01 16:58:45 INFO  Progress (1): 106/208 kB
2026.09.01 16:58:45 INFO  Progress (1): 123/208 kB
2026.09.01 16:58:45 INFO  Progress (1): 131/208 kB
2026.09.01 16:58:45 INFO  Progress (1): 147/208 kB
2026.09.01 16:58:45 INFO  Progress (1): 164/208 kB
2026.09.01 16:58:45 INFO  Progress (1): 180/208 kB
2026.09.01 16:58:45 INFO  Progress (1): 197/208 kB
2026.09.01 16:58:45 INFO  Progress (1): 208 kB    
2026.09.01 16:58:45 INFO                      
2026.09.01 16:58:45 INFO  Downloaded from central: https://repo.maven.apache.org/maven2/net/bytebuddy/byte-buddy-agent/1.18.11/byte-buddy-agent-1.18.11-sources.jar (208 kB at 745 kB/s)
2026.09.01 16:58:45 INFO  [INFO] SUCCESS: net.bytebuddy:byte-buddy-agent:jar:1.18.11:test (sources = true)
2026.09.01 16:58:45 INFO  [INFO] Resolving artifact: org.junit.jupiter:junit-jupiter-engine:jar:6.0.3:test (sources = false)
2026.09.01 16:58:45 INFO  [INFO] SUCCESS: org.junit.jupiter:junit-jupiter-engine:jar:6.0.3:test (sources = false)
2026.09.01 16:58:45 INFO  [INFO] Resolving artifact: org.junit.jupiter:junit-jupiter-engine:jar:6.0.3:test (sources = true)
2026.09.01 16:58:45 INFO  [INFO] SUCCESS: org.junit.jupiter:junit-jupiter-engine:jar:6.0.3:test (sources = true)
2026.09.01 16:58:45 INFO  [INFO] Resolving artifact: com.fasterxml:classmate:jar:1.7.3:compile (sources = false)
2026.09.01 16:58:45 INFO  [INFO] SUCCESS: com.fasterxml:classmate:jar:1.7.3:compile (sources = false)
2026.09.01 16:58:45 INFO  [INFO] Resolving artifact: com.fasterxml:classmate:jar:1.7.3:compile (sources = true)
2026.09.01 16:58:45 INFO  [INFO] SUCCESS: com.fasterxml:classmate:jar:1.7.3:compile (sources = true)
2026.09.01 16:58:45 INFO  [INFO] Resolving artifact: org.slf4j:slf4j-api:jar:2.0.18:compile (sources = false)
2026.09.01 16:58:45 INFO  [INFO] SUCCESS: org.slf4j:slf4j-api:jar:2.0.18:compile (sources = false)
2026.09.01 16:58:45 INFO  [INFO] Resolving artifact: org.slf4j:slf4j-api:jar:2.0.18:compile (sources = true)
2026.09.01 16:58:45 INFO  Downloading from central: https://repo.maven.apache.org/maven2/org/slf4j/slf4j-api/2.0.18/slf4j-api-2.0.18-sources.jar
2026.09.01 16:58:46 INFO  no build target found for C:\Users\USUARIO\Documents\farmacia\farmacia\src\main\java\com\example\farmacia\controller\FormulaController.java. Using fallback presentation compiler.
2026.09.01 16:58:45 INFO  Progress (1): 7.7/77 kB
2026.09.01 16:58:45 INFO  Progress (1): 11/77 kB 
2026.09.01 16:58:45 INFO  Progress (1): 28/77 kB
2026.09.01 16:58:45 INFO  Progress (1): 44/77 kB
2026.09.01 16:58:46 INFO  Progress (1): 61/77 kB
2026.09.01 16:58:46 INFO  Progress (1): 77/77 kB
2026.09.01 16:58:46 INFO  Progress (1): 77 kB   
2026.09.01 16:58:46 INFO                     
2026.09.01 16:58:46 INFO  Downloaded from central: https://repo.maven.apache.org/maven2/org/slf4j/slf4j-api/2.0.18/slf4j-api-2.0.18-sources.jar (77 kB at 416 kB/s)
2026.09.01 16:58:46 INFO  [INFO] SUCCESS: org.slf4j:slf4j-api:jar:2.0.18:compile (sources = true)
2026.09.01 16:58:46 INFO  [INFO] Resolving artifact: org.springframework:spring-webmvc:jar:7.0.9:compile (sources = false)
2026.09.01 16:58:46 INFO  [INFO] SUCCESS: org.springframework:spring-webmvc:jar:7.0.9:compile (sources = false)
2026.09.01 16:58:46 INFO  [INFO] Resolving artifact: org.springframework:spring-webmvc:jar:7.0.9:compile (sources = true)
2026.09.01 16:58:46 INFO  Downloading from central: https://repo.maven.apache.org/maven2/org/springframework/spring-webmvc/7.0.9/spring-webmvc-7.0.9-sources.jar
2026.09.01 16:58:46 INFO  Progress (1): 7.7/858 kB
2026.09.01 16:58:46 INFO  Progress (1): 11/858 kB 
2026.09.01 16:58:46 INFO  Progress (1): 28/858 kB
2026.09.01 16:58:46 INFO  Progress (1): 44/858 kB
2026.09.01 16:58:46 INFO  Progress (1): 61/858 kB
2026.09.01 16:58:46 INFO  Progress (1): 69/858 kB
2026.09.01 16:58:46 INFO  Progress (1): 85/858 kB
2026.09.01 16:58:46 INFO  Progress (1): 101/858 kB
2026.09.01 16:58:46 INFO  Progress (1): 118/858 kB
2026.09.01 16:58:46 INFO  Progress (1): 134/858 kB
2026.09.01 16:58:46 INFO  Progress (1): 151/858 kB
2026.09.01 16:58:46 INFO  Progress (1): 167/858 kB
2026.09.01 16:58:46 INFO  Progress (1): 183/858 kB
2026.09.01 16:58:46 INFO  Progress (1): 200/858 kB
2026.09.01 16:58:46 INFO  Progress (1): 216/858 kB
2026.09.01 16:58:46 INFO  Progress (1): 233/858 kB
2026.09.01 16:58:46 INFO  Progress (1): 249/858 kB
2026.09.01 16:58:46 INFO  Progress (1): 265/858 kB
2026.09.01 16:58:46 INFO  Progress (1): 282/858 kB
2026.09.01 16:58:46 INFO  Progress (1): 298/858 kB
2026.09.01 16:58:46 INFO  Progress (1): 314/858 kB
2026.09.01 16:58:46 INFO  Progress (1): 331/858 kB
2026.09.01 16:58:46 INFO  Progress (1): 347/858 kB
2026.09.01 16:58:46 INFO  Progress (1): 364/858 kB
2026.09.01 16:58:46 INFO  Progress (1): 380/858 kB
2026.09.01 16:58:46 INFO  Progress (1): 396/858 kB
2026.09.01 16:58:46 INFO  Progress (1): 413/858 kB
2026.09.01 16:58:46 INFO  Progress (1): 429/858 kB
2026.09.01 16:58:47 INFO  Progress (1): 446/858 kB
2026.09.01 16:58:47 INFO  Progress (1): 462/858 kB
2026.09.01 16:58:47 INFO  Progress (1): 478/858 kB
2026.09.01 16:58:47 INFO  Progress (1): 495/858 kB
2026.09.01 16:58:47 INFO  Progress (1): 511/858 kB
2026.09.01 16:58:47 INFO  Progress (1): 527/858 kB
2026.09.01 16:58:47 INFO  Progress (1): 544/858 kB
2026.09.01 16:58:47 INFO  Progress (1): 560/858 kB
2026.09.01 16:58:47 INFO  Progress (1): 577/858 kB
2026.09.01 16:58:47 INFO  Progress (1): 593/858 kB
2026.09.01 16:58:47 INFO  Progress (1): 609/858 kB
2026.09.01 16:58:47 INFO  Progress (1): 626/858 kB
2026.09.01 16:58:47 INFO  Progress (1): 642/858 kB
2026.09.01 16:58:47 INFO  Progress (1): 659/858 kB
2026.09.01 16:58:47 INFO  Progress (1): 675/858 kB
2026.09.01 16:58:47 INFO  Progress (1): 691/858 kB
2026.09.01 16:58:47 INFO  Progress (1): 708/858 kB
2026.09.01 16:58:47 INFO  Progress (1): 724/858 kB
2026.09.01 16:58:47 INFO  Progress (1): 740/858 kB
2026.09.01 16:58:47 INFO  Progress (1): 757/858 kB
2026.09.01 16:58:47 INFO  Progress (1): 773/858 kB
2026.09.01 16:58:47 INFO  Progress (1): 790/858 kB
2026.09.01 16:58:47 INFO  Progress (1): 806/858 kB
2026.09.01 16:58:47 INFO  Progress (1): 822/858 kB
2026.09.01 16:58:47 INFO  Progress (1): 839/858 kB
2026.09.01 16:58:47 INFO  Progress (1): 855/858 kB
2026.09.01 16:58:47 INFO  Progress (1): 858 kB    
2026.09.01 16:58:47 INFO                      
2026.09.01 16:58:47 INFO  Downloaded from central: https://repo.maven.apache.org/maven2/org/springframework/spring-webmvc/7.0.9/spring-webmvc-7.0.9-sources.jar (858 kB at 759 kB/s)
2026.09.01 16:58:47 INFO  [INFO] SUCCESS: org.springframework:spring-webmvc:jar:7.0.9:compile (sources = true)
2026.09.01 16:58:47 INFO  [INFO] Resolving artifact: net.minidev:accessors-smart:jar:2.6.0:test (sources = false)
2026.09.01 16:58:47 INFO  [INFO] SUCCESS: net.minidev:accessors-smart:jar:2.6.0:test (sources = false)
2026.09.01 16:58:47 INFO  [INFO] Resolving artifact: net.minidev:accessors-smart:jar:2.6.0:test (sources = true)
2026.09.01 16:58:47 INFO  [INFO] SUCCESS: net.minidev:accessors-smart:jar:2.6.0:test (sources = true)
2026.09.01 16:58:47 INFO  [INFO] Resolving artifact: org.springframework.boot:spring-boot-http-converter:jar:4.1.1:compile (sources = false)
2026.09.01 16:58:47 INFO  [INFO] SUCCESS: org.springframework.boot:spring-boot-http-converter:jar:4.1.1:compile (sources = false)
2026.09.01 16:58:47 INFO  [INFO] Resolving artifact: org.springframework.boot:spring-boot-http-converter:jar:4.1.1:compile (sources = true)
2026.09.01 16:58:47 INFO  Downloading from central: https://repo.maven.apache.org/maven2/org/springframework/boot/spring-boot-http-converter/4.1.1/spring-boot-http-converter-4.1.1-sources.jar
2026.09.01 16:58:47 INFO  no build target found for C:\Users\USUARIO\Documents\farmacia\farmacia\src\main\java\com\example\farmacia\controller\FormulaController.java. Using fallback presentation compiler.
2026.09.01 16:58:47 INFO  Progress (1): 7.7/25 kB
2026.09.01 16:58:47 INFO  Progress (1): 16/25 kB 
2026.09.01 16:58:47 INFO  Progress (1): 24/25 kB
2026.09.01 16:58:47 INFO  Progress (1): 25 kB   
2026.09.01 16:58:47 INFO                     
2026.09.01 16:58:47 INFO  Downloaded from central: https://repo.maven.apache.org/maven2/org/springframework/boot/spring-boot-http-converter/4.1.1/spring-boot-http-converter-4.1.1-sources.jar (25 kB at 103 kB/s)
2026.09.01 16:58:47 INFO  [INFO] SUCCESS: org.springframework.boot:spring-boot-http-converter:jar:4.1.1:compile (sources = true)
2026.09.01 16:58:47 INFO  [INFO] Resolving artifact: org.springframework.boot:spring-boot-data-commons:jar:4.1.1:compile (sources = false)
2026.09.01 16:58:47 INFO  [INFO] SUCCESS: org.springframework.boot:spring-boot-data-commons:jar:4.1.1:compile (sources = false)
2026.09.01 16:58:47 INFO  [INFO] Resolving artifact: org.springframework.boot:spring-boot-data-commons:jar:4.1.1:compile (sources = true)
2026.09.01 16:58:47 INFO  Downloading from central: https://repo.maven.apache.org/maven2/org/springframework/boot/spring-boot-data-commons/4.1.1/spring-boot-data-commons-4.1.1-sources.jar
2026.09.01 16:58:47 INFO  Progress (1): 7.7/23 kB
2026.09.01 16:58:47 INFO  Progress (1): 7.7/23 kB
2026.09.01 16:58:47 INFO  Progress (1): 23 kB    
2026.09.01 16:58:47 INFO                     
2026.09.01 16:58:47 INFO  Downloaded from central: https://repo.maven.apache.org/maven2/org/springframework/boot/spring-boot-data-commons/4.1.1/spring-boot-data-commons-4.1.1-sources.jar (23 kB at 212 kB/s)
2026.09.01 16:58:47 INFO  [INFO] SUCCESS: org.springframework.boot:spring-boot-data-commons:jar:4.1.1:compile (sources = true)
2026.09.01 16:58:47 INFO  [INFO] Resolving artifact: org.xmlunit:xmlunit-core:jar:2.11.0:test (sources = false)
2026.09.01 16:58:47 INFO  [INFO] SUCCESS: org.xmlunit:xmlunit-core:jar:2.11.0:test (sources = false)
2026.09.01 16:58:47 INFO  [INFO] Resolving artifact: org.xmlunit:xmlunit-core:jar:2.11.0:test (sources = true)
2026.09.01 16:58:47 INFO  Downloading from central: https://repo.maven.apache.org/maven2/org/xmlunit/xmlunit-core/2.11.0/xmlunit-core-2.11.0-sources.jar
2026.09.01 16:58:48 INFO  Progress (1): 7.7/111 kB
2026.09.01 16:58:48 INFO  Progress (1): 16/111 kB 
2026.09.01 16:58:48 INFO  Progress (1): 24/111 kB
2026.09.01 16:58:48 INFO  Progress (1): 40/111 kB
2026.09.01 16:58:48 INFO  Progress (1): 57/111 kB
2026.09.01 16:58:48 INFO  Progress (1): 73/111 kB
2026.09.01 16:58:48 INFO  Progress (1): 90/111 kB
2026.09.01 16:58:48 INFO  Progress (1): 106/111 kB
2026.09.01 16:58:48 INFO  Progress (1): 111 kB    
2026.09.01 16:58:48 INFO                      
2026.09.01 16:58:48 INFO  Downloaded from central: https://repo.maven.apache.org/maven2/org/xmlunit/xmlunit-core/2.11.0/xmlunit-core-2.11.0-sources.jar (111 kB at 243 kB/s)
2026.09.01 16:58:48 INFO  [INFO] SUCCESS: org.xmlunit:xmlunit-core:jar:2.11.0:test (sources = true)
2026.09.01 16:58:48 INFO  [INFO] Resolving artifact: com.h2database:h2:jar:2.4.240:runtime (sources = false)
2026.09.01 16:58:48 INFO  [INFO] SUCCESS: com.h2database:h2:jar:2.4.240:runtime (sources = false)
2026.09.01 16:58:48 INFO  [INFO] Resolving artifact: com.h2database:h2:jar:2.4.240:runtime (sources = true)
2026.09.01 16:58:48 INFO  Downloading from central: https://repo.maven.apache.org/maven2/com/h2database/h2/2.4.240/h2-2.4.240-sources.jar
2026.09.01 16:58:48 INFO  Progress (1): 0/1.8 MB
2026.09.01 16:58:48 INFO  Progress (1): 0/1.8 MB
2026.09.01 16:58:48 INFO  Progress (1): 0/1.8 MB
2026.09.01 16:58:48 INFO  Progress (1): 0/1.8 MB
2026.09.01 16:58:48 INFO  Progress (1): 0.1/1.8 MB
2026.09.01 16:58:48 INFO  Progress (1): 0.1/1.8 MB
2026.09.01 16:58:48 INFO  Progress (1): 0.1/1.8 MB
2026.09.01 16:58:48 INFO  Progress (1): 0.1/1.8 MB
2026.09.01 16:58:48 INFO  Progress (1): 0.1/1.8 MB
2026.09.01 16:58:48 INFO  Progress (1): 0.1/1.8 MB
2026.09.01 16:58:48 INFO  Progress (1): 0.2/1.8 MB
2026.09.01 16:58:48 INFO  Progress (1): 0.2/1.8 MB
2026.09.01 16:58:48 INFO  Progress (1): 0.2/1.8 MB
2026.09.01 16:58:48 INFO  Progress (1): 0.2/1.8 MB
2026.09.01 16:58:48 INFO  Progress (1): 0.2/1.8 MB
2026.09.01 16:58:48 INFO  Progress (1): 0.2/1.8 MB
2026.09.01 16:58:48 INFO  Progress (1): 0.3/1.8 MB
2026.09.01 16:58:48 INFO  Progress (1): 0.3/1.8 MB
2026.09.01 16:58:48 INFO  Progress (1): 0.3/1.8 MB
2026.09.01 16:58:48 INFO  Progress (1): 0.3/1.8 MB
2026.09.01 16:58:48 INFO  Progress (1): 0.3/1.8 MB
2026.09.01 16:58:48 INFO  Progress (1): 0.3/1.8 MB
2026.09.01 16:58:48 INFO  Progress (1): 0.4/1.8 MB
2026.09.01 16:58:48 INFO  Progress (1): 0.4/1.8 MB
2026.09.01 16:58:48 INFO  Progress (1): 0.4/1.8 MB
2026.09.01 16:58:48 INFO  Progress (1): 0.4/1.8 MB
2026.09.01 16:58:48 INFO  Progress (1): 0.4/1.8 MB
2026.09.01 16:58:48 INFO  Progress (1): 0.4/1.8 MB
2026.09.01 16:58:48 INFO  Progress (1): 0.5/1.8 MB
2026.09.01 16:58:48 INFO  Progress (1): 0.5/1.8 MB
2026.09.01 16:58:48 INFO  Progress (1): 0.5/1.8 MB
2026.09.01 16:58:48 INFO  Progress (1): 0.5/1.8 MB
2026.09.01 16:58:48 INFO  Progress (1): 0.5/1.8 MB
2026.09.01 16:58:48 INFO  Progress (1): 0.5/1.8 MB
2026.09.01 16:58:48 INFO  Progress (1): 0.5/1.8 MB
2026.09.01 16:58:48 INFO  Progress (1): 0.6/1.8 MB
2026.09.01 16:58:48 INFO  Progress (1): 0.6/1.8 MB
2026.09.01 16:58:48 INFO  Progress (1): 0.6/1.8 MB
2026.09.01 16:58:48 INFO  Progress (1): 0.6/1.8 MB
2026.09.01 16:58:48 INFO  Progress (1): 0.6/1.8 MB
2026.09.01 16:58:48 INFO  Progress (1): 0.6/1.8 MB
2026.09.01 16:58:48 INFO  Progress (1): 0.7/1.8 MB
2026.09.01 16:58:48 INFO  Progress (1): 0.7/1.8 MB
2026.09.01 16:58:48 INFO  Progress (1): 0.7/1.8 MB
2026.09.01 16:58:48 INFO  Progress (1): 0.7/1.8 MB
2026.09.01 16:58:49 INFO  no build target found for C:\Users\USUARIO\Documents\farmacia\farmacia\src\main\java\com\example\farmacia\controller\FormulaController.java. Using fallback presentation compiler.
2026.09.01 16:58:49 INFO  Progress (1): 0.7/1.8 MB
2026.09.01 16:58:49 INFO  Progress (1): 0.7/1.8 MB
2026.09.01 16:58:49 INFO  Progress (1): 0.8/1.8 MB
2026.09.01 16:58:49 INFO  Progress (1): 0.8/1.8 MB
2026.09.01 16:58:49 INFO  Progress (1): 0.8/1.8 MB
2026.09.01 16:58:49 INFO  Progress (1): 0.8/1.8 MB
2026.09.01 16:58:49 INFO  Progress (1): 0.8/1.8 MB
2026.09.01 16:58:49 INFO  Progress (1): 0.8/1.8 MB
2026.09.01 16:58:49 INFO  Progress (1): 0.9/1.8 MB
2026.09.01 16:58:49 INFO  Progress (1): 0.9/1.8 MB
2026.09.01 16:58:49 INFO  Progress (1): 0.9/1.8 MB
2026.09.01 16:58:49 INFO  Progress (1): 0.9/1.8 MB
2026.09.01 16:58:49 INFO  Progress (1): 0.9/1.8 MB
2026.09.01 16:58:49 INFO  Progress (1): 0.9/1.8 MB
2026.09.01 16:58:49 INFO  Progress (1): 1.0/1.8 MB
2026.09.01 16:58:49 INFO  Progress (1): 1.0/1.8 MB
2026.09.01 16:58:49 INFO  Progress (1): 1.0/1.8 MB
2026.09.01 16:58:49 INFO  Progress (1): 1.0/1.8 MB
2026.09.01 16:58:49 INFO  Progress (1): 1.0/1.8 MB
2026.09.01 16:58:49 INFO  Progress (1): 1.0/1.8 MB
2026.09.01 16:58:49 INFO  Progress (1): 1.1/1.8 MB
2026.09.01 16:58:49 INFO  Progress (1): 1.1/1.8 MB
2026.09.01 16:58:49 INFO  Progress (1): 1.1/1.8 MB
2026.09.01 16:58:49 INFO  Progress (1): 1.1/1.8 MB
2026.09.01 16:58:49 INFO  Progress (1): 1.1/1.8 MB
2026.09.01 16:58:49 INFO  Progress (1): 1.1/1.8 MB
2026.09.01 16:58:49 INFO  Progress (1): 1.2/1.8 MB
2026.09.01 16:58:49 INFO  Progress (1): 1.2/1.8 MB
2026.09.01 16:58:49 INFO  Progress (1): 1.2/1.8 MB
2026.09.01 16:58:49 INFO  no build target found for C:\Users\USUARIO\Documents\farmacia\farmacia\src\main\java\com\example\farmacia\controller\FormulaController.java. Using fallback presentation compiler.
2026.09.01 16:58:49 INFO  Progress (1): 1.2/1.8 MB
2026.09.01 16:58:49 INFO  Progress (1): 1.2/1.8 MB
2026.09.01 16:58:49 INFO  Progress (1): 1.2/1.8 MB
2026.09.01 16:58:49 INFO  Progress (1): 1.2/1.8 MB
2026.09.01 16:58:49 INFO  Progress (1): 1.3/1.8 MB
2026.09.01 16:58:49 INFO  Progress (1): 1.3/1.8 MB
2026.09.01 16:58:49 INFO  Progress (1): 1.3/1.8 MB
2026.09.01 16:58:49 INFO  Progress (1): 1.3/1.8 MB
2026.09.01 16:58:49 INFO  Progress (1): 1.3/1.8 MB
2026.09.01 16:58:49 INFO  Progress (1): 1.3/1.8 MB
2026.09.01 16:58:49 INFO  Progress (1): 1.4/1.8 MB
2026.09.01 16:58:49 INFO  Progress (1): 1.4/1.8 MB
2026.09.01 16:58:49 INFO  Progress (1): 1.4/1.8 MB
2026.09.01 16:58:49 INFO  Progress (1): 1.4/1.8 MB
2026.09.01 16:58:49 INFO  Progress (1): 1.4/1.8 MB
2026.09.01 16:58:49 INFO  Progress (1): 1.4/1.8 MB
2026.09.01 16:58:49 INFO  Progress (1): 1.4/1.8 MB
2026.09.01 16:58:50 INFO  Progress (1): 1.4/1.8 MB
2026.09.01 16:58:50 INFO  Progress (1): 1.5/1.8 MB
2026.09.01 16:58:50 INFO  Progress (1): 1.5/1.8 MB
2026.09.01 16:58:50 INFO  Progress (1): 1.5/1.8 MB
2026.09.01 16:58:50 INFO  Progress (1): 1.5/1.8 MB
2026.09.01 16:58:50 INFO  Progress (1): 1.5/1.8 MB
2026.09.01 16:58:50 INFO  Progress (1): 1.5/1.8 MB
2026.09.01 16:58:50 INFO  Progress (1): 1.5/1.8 MB
2026.09.01 16:58:50 INFO  Progress (1): 1.6/1.8 MB
2026.09.01 16:58:50 INFO  Progress (1): 1.6/1.8 MB
2026.09.01 16:58:50 INFO  Progress (1): 1.6/1.8 MB
2026.09.01 16:58:50 INFO  Progress (1): 1.6/1.8 MB
2026.09.01 16:58:50 INFO  Progress (1): 1.6/1.8 MB
2026.09.01 16:58:50 INFO  Progress (1): 1.6/1.8 MB
2026.09.01 16:58:50 INFO  Progress (1): 1.7/1.8 MB
2026.09.01 16:58:50 INFO  Progress (1): 1.7/1.8 MB
2026.09.01 16:58:50 INFO  Progress (1): 1.7/1.8 MB
2026.09.01 16:58:50 INFO  Progress (1): 1.7/1.8 MB
2026.09.01 16:58:50 INFO  Progress (1): 1.7/1.8 MB
2026.09.01 16:58:50 INFO  Progress (1): 1.7/1.8 MB
2026.09.01 16:58:50 INFO  Progress (1): 1.8/1.8 MB
2026.09.01 16:58:50 INFO  Progress (1): 1.8/1.8 MB
2026.09.01 16:58:50 INFO  Progress (1): 1.8/1.8 MB
2026.09.01 16:58:50 INFO  Progress (1): 1.8 MB    
2026.09.01 16:58:50 INFO                      
2026.09.01 16:58:50 INFO  Downloaded from central: https://repo.maven.apache.org/maven2/com/h2database/h2/2.4.240/h2-2.4.240-sources.jar (1.8 MB at 719 kB/s)
2026.09.01 16:58:50 INFO  [INFO] SUCCESS: com.h2database:h2:jar:2.4.240:runtime (sources = true)
2026.09.01 16:58:50 INFO  [INFO] Resolving artifact: org.springframework.security:spring-security-crypto:jar:7.1.1:compile (sources = false)
2026.09.01 16:58:50 INFO  [INFO] SUCCESS: org.springframework.security:spring-security-crypto:jar:7.1.1:compile (sources = false)
2026.09.01 16:58:50 INFO  [INFO] Resolving artifact: org.springframework.security:spring-security-crypto:jar:7.1.1:compile (sources = true)
2026.09.01 16:58:50 INFO  Downloading from central: https://repo.maven.apache.org/maven2/org/springframework/security/spring-security-crypto/7.1.1/spring-security-crypto-7.1.1-sources.jar
2026.09.01 16:58:50 INFO  Progress (1): 7.7/107 kB
2026.09.01 16:58:50 INFO  Progress (1): 8.2/107 kB
2026.09.01 16:58:50 INFO  Progress (1): 25/107 kB 
2026.09.01 16:58:50 INFO  Progress (1): 41/107 kB
2026.09.01 16:58:50 INFO  Progress (1): 57/107 kB
2026.09.01 16:58:50 INFO  Progress (1): 74/107 kB
2026.09.01 16:58:50 INFO  Progress (1): 90/107 kB
2026.09.01 16:58:50 INFO  Progress (1): 106/107 kB
2026.09.01 16:58:50 INFO  Progress (1): 107 kB    
2026.09.01 16:58:50 INFO                      
2026.09.01 16:58:50 INFO  Downloaded from central: https://repo.maven.apache.org/maven2/org/springframework/security/spring-security-crypto/7.1.1/spring-security-crypto-7.1.1-sources.jar (107 kB at 224 kB/s)
2026.09.01 16:58:50 INFO  [INFO] SUCCESS: org.springframework.security:spring-security-crypto:jar:7.1.1:compile (sources = true)
2026.09.01 16:58:50 INFO  [INFO] Resolving artifact: org.junit.jupiter:junit-jupiter-params:jar:6.0.3:test (sources = false)
2026.09.01 16:58:50 INFO  [INFO] SUCCESS: org.junit.jupiter:junit-jupiter-params:jar:6.0.3:test (sources = false)
2026.09.01 16:58:50 INFO  [INFO] Resolving artifact: org.junit.jupiter:junit-jupiter-params:jar:6.0.3:test (sources = true)
2026.09.01 16:58:50 INFO  [INFO] SUCCESS: org.junit.jupiter:junit-jupiter-params:jar:6.0.3:test (sources = true)
2026.09.01 16:58:50 INFO  [INFO] Resolving artifact: org.springframework.boot:spring-boot-test:jar:4.1.1:test (sources = false)
2026.09.01 16:58:50 INFO  [INFO] SUCCESS: org.springframework.boot:spring-boot-test:jar:4.1.1:test (sources = false)
2026.09.01 16:58:50 INFO  [INFO] Resolving artifact: org.springframework.boot:spring-boot-test:jar:4.1.1:test (sources = true)
2026.09.01 16:58:50 INFO  Downloading from central: https://repo.maven.apache.org/maven2/org/springframework/boot/spring-boot-test/4.1.1/spring-boot-test-4.1.1-sources.jar
2026.09.01 16:58:51 INFO  Progress (1): 7.7/135 kB
2026.09.01 16:58:51 INFO  Progress (1): 16/135 kB 
2026.09.01 16:58:51 INFO  Progress (1): 28/135 kB
2026.09.01 16:58:51 INFO  Progress (1): 44/135 kB
2026.09.01 16:58:51 INFO  Progress (1): 61/135 kB
2026.09.01 16:58:51 INFO  Progress (1): 77/135 kB
2026.09.01 16:58:51 INFO  Progress (1): 93/135 kB
2026.09.01 16:58:51 INFO  Progress (1): 110/135 kB
2026.09.01 16:58:51 INFO  Progress (1): 118/135 kB
2026.09.01 16:58:51 INFO  Progress (1): 134/135 kB
2026.09.01 16:58:51 INFO  Progress (1): 135 kB    
2026.09.01 16:58:51 INFO                      
2026.09.01 16:58:51 INFO  Downloaded from central: https://repo.maven.apache.org/maven2/org/springframework/boot/spring-boot-test/4.1.1/spring-boot-test-4.1.1-sources.jar (135 kB at 447 kB/s)
2026.09.01 16:58:51 INFO  [INFO] SUCCESS: org.springframework.boot:spring-boot-test:jar:4.1.1:test (sources = true)
2026.09.01 16:58:51 INFO  [INFO] Resolving artifact: org.springframework.boot:spring-boot-transaction:jar:4.1.1:compile (sources = false)
2026.09.01 16:58:51 INFO  [INFO] SUCCESS: org.springframework.boot:spring-boot-transaction:jar:4.1.1:compile (sources = false)
2026.09.01 16:58:51 INFO  [INFO] Resolving artifact: org.springframework.boot:spring-boot-transaction:jar:4.1.1:compile (sources = true)
2026.09.01 16:58:51 INFO  Downloading from central: https://repo.maven.apache.org/maven2/org/springframework/boot/spring-boot-transaction/4.1.1/spring-boot-transaction-4.1.1-sources.jar
2026.09.01 16:58:51 INFO  Progress (1): 7.7/16 kB
2026.09.01 16:58:51 INFO  Progress (1): 8.2/16 kB
2026.09.01 16:58:51 INFO  Progress (1): 16 kB    
2026.09.01 16:58:51 INFO                     
2026.09.01 16:58:51 INFO  Downloaded from central: https://repo.maven.apache.org/maven2/org/springframework/boot/spring-boot-transaction/4.1.1/spring-boot-transaction-4.1.1-sources.jar (16 kB at 58 kB/s)
2026.09.01 16:58:51 INFO  [INFO] SUCCESS: org.springframework.boot:spring-boot-transaction:jar:4.1.1:compile (sources = true)
2026.09.01 16:58:51 INFO  [INFO] Resolving artifact: org.hibernate.models:hibernate-models:jar:1.1.1:runtime (sources = false)
2026.09.01 16:58:51 INFO  [INFO] SUCCESS: org.hibernate.models:hibernate-models:jar:1.1.1:runtime (sources = false)
2026.09.01 16:58:51 INFO  [INFO] Resolving artifact: org.hibernate.models:hibernate-models:jar:1.1.1:runtime (sources = true)
2026.09.01 16:58:51 INFO  Downloading from central: https://repo.maven.apache.org/maven2/org/hibernate/models/hibernate-models/1.1.1/hibernate-models-1.1.1-sources.jar
2026.09.01 16:58:51 INFO  Progress (1): 7.7/135 kB
2026.09.01 16:58:51 INFO  Progress (1): 8.2/135 kB
2026.09.01 16:58:51 INFO  Progress (1): 25/135 kB 
2026.09.01 16:58:51 INFO  Progress (1): 41/135 kB
2026.09.01 16:58:51 INFO  Progress (1): 57/135 kB
2026.09.01 16:58:51 INFO  Progress (1): 66/135 kB
2026.09.01 16:58:51 INFO  Progress (1): 74/135 kB
2026.09.01 16:58:51 INFO  Progress (1): 90/135 kB
2026.09.01 16:58:51 INFO  Progress (1): 106/135 kB
2026.09.01 16:58:51 INFO  Progress (1): 123/135 kB
2026.09.01 16:58:51 INFO  Progress (1): 135 kB    
2026.09.01 16:58:51 INFO                      
2026.09.01 16:58:51 INFO  Downloaded from central: https://repo.maven.apache.org/maven2/org/hibernate/models/hibernate-models/1.1.1/hibernate-models-1.1.1-sources.jar (135 kB at 678 kB/s)
2026.09.01 16:58:51 INFO  [INFO] SUCCESS: org.hibernate.models:hibernate-models:jar:1.1.1:runtime (sources = true)
2026.09.01 16:58:51 INFO  [INFO] Resolving artifact: org.apache.tomcat.embed:tomcat-embed-el:jar:11.0.24:compile (sources = false)
2026.09.01 16:58:51 INFO  [INFO] SUCCESS: org.apache.tomcat.embed:tomcat-embed-el:jar:11.0.24:compile (sources = false)
2026.09.01 16:58:51 INFO  [INFO] Resolving artifact: org.apache.tomcat.embed:tomcat-embed-el:jar:11.0.24:compile (sources = true)
2026.09.01 16:58:51 INFO  Downloading from central: https://repo.maven.apache.org/maven2/org/apache/tomcat/embed/tomcat-embed-el/11.0.24/tomcat-embed-el-11.0.24-sources.jar
2026.09.01 16:58:51 INFO  Progress (1): 7.7/253 kB
2026.09.01 16:58:51 INFO  Progress (1): 16/253 kB 
2026.09.01 16:58:51 INFO  Progress (1): 25/253 kB
2026.09.01 16:58:51 INFO  Progress (1): 41/253 kB
2026.09.01 16:58:51 INFO  Progress (1): 57/253 kB
2026.09.01 16:58:51 INFO  Progress (1): 66/253 kB
2026.09.01 16:58:51 INFO  Progress (1): 74/253 kB
2026.09.01 16:58:51 INFO  Progress (1): 82/253 kB
2026.09.01 16:58:51 INFO  Progress (1): 98/253 kB
2026.09.01 16:58:51 INFO  Progress (1): 106/253 kB
2026.09.01 16:58:51 INFO  Progress (1): 123/253 kB
2026.09.01 16:58:51 INFO  Progress (1): 131/253 kB
2026.09.01 16:58:51 INFO  Progress (1): 139/253 kB
2026.09.01 16:58:51 INFO  Progress (1): 156/253 kB
2026.09.01 16:58:51 INFO  Progress (1): 172/253 kB
2026.09.01 16:58:51 INFO  Progress (1): 188/253 kB
2026.09.01 16:58:51 INFO  Progress (1): 205/253 kB
2026.09.01 16:58:51 INFO  Progress (1): 221/253 kB
2026.09.01 16:58:51 INFO  Progress (1): 238/253 kB
2026.09.01 16:58:53 INFO  Progress (1): 253 kB    
2026.09.01 16:58:53 INFO                      
2026.09.01 16:58:53 INFO  Downloaded from central: https://repo.maven.apache.org/maven2/org/apache/tomcat/embed/tomcat-embed-el/11.0.24/tomcat-embed-el-11.0.24-sources.jar (253 kB at 368 kB/s)
2026.09.01 16:58:53 INFO  [INFO] SUCCESS: org.apache.tomcat.embed:tomcat-embed-el:jar:11.0.24:compile (sources = true)
2026.09.01 16:58:53 INFO  [INFO] Resolving artifact: org.objenesis:objenesis:jar:3.3:test (sources = false)
2026.09.01 16:58:53 INFO  [INFO] SUCCESS: org.objenesis:objenesis:jar:3.3:test (sources = false)
2026.09.01 16:58:53 INFO  [INFO] Resolving artifact: org.objenesis:objenesis:jar:3.3:test (sources = true)
2026.09.01 16:58:53 INFO  [INFO] SUCCESS: org.objenesis:objenesis:jar:3.3:test (sources = true)
2026.09.01 16:58:53 INFO  [INFO] Resolving artifact: ch.qos.logback:logback-classic:jar:1.5.38:compile (sources = false)
2026.09.01 16:58:53 INFO  [INFO] SUCCESS: ch.qos.logback:logback-classic:jar:1.5.38:compile (sources = false)
2026.09.01 16:58:53 INFO  [INFO] Resolving artifact: ch.qos.logback:logback-classic:jar:1.5.38:compile (sources = true)
2026.09.01 16:58:53 INFO  Downloading from central: https://repo.maven.apache.org/maven2/ch/qos/logback/logback-classic/1.5.38/logback-classic-1.5.38-sources.jar
2026.09.01 16:58:53 INFO  Progress (1): 7.7/251 kB
2026.09.01 16:58:53 INFO  Progress (1): 8.2/251 kB
2026.09.01 16:58:53 INFO  Progress (1): 25/251 kB 
2026.09.01 16:58:53 INFO  Progress (1): 41/251 kB
2026.09.01 16:58:53 INFO  Progress (1): 57/251 kB
2026.09.01 16:58:53 INFO  Progress (1): 74/251 kB
2026.09.01 16:58:53 INFO  Progress (1): 90/251 kB
2026.09.01 16:58:53 INFO  Progress (1): 106/251 kB
2026.09.01 16:58:53 INFO  Progress (1): 123/251 kB
2026.09.01 16:58:53 INFO  Progress (1): 139/251 kB
2026.09.01 16:58:53 INFO  Progress (1): 156/251 kB
2026.09.01 16:58:53 INFO  Progress (1): 172/251 kB
2026.09.01 16:58:53 INFO  Progress (1): 188/251 kB
2026.09.01 16:58:53 INFO  Progress (1): 205/251 kB
2026.09.01 16:58:53 INFO  Progress (1): 221/251 kB
2026.09.01 16:58:53 INFO  Progress (1): 238/251 kB
2026.09.01 16:58:53 INFO  Progress (1): 251 kB    
2026.09.01 16:58:53 INFO                      
2026.09.01 16:58:53 INFO  Downloaded from central: https://repo.maven.apache.org/maven2/ch/qos/logback/logback-classic/1.5.38/logback-classic-1.5.38-sources.jar (251 kB at 435 kB/s)
2026.09.01 16:58:53 INFO  [INFO] SUCCESS: ch.qos.logback:logback-classic:jar:1.5.38:compile (sources = true)
2026.09.01 16:58:53 INFO  [INFO] Resolving artifact: org.springframework.boot:spring-boot-starter-validation:jar:4.1.1:compile (sources = false)
2026.09.01 16:58:53 INFO  [INFO] SUCCESS: org.springframework.boot:spring-boot-starter-validation:jar:4.1.1:compile (sources = false)
2026.09.01 16:58:53 INFO  [INFO] Resolving artifact: org.springframework.boot:spring-boot-starter-validation:jar:4.1.1:compile (sources = true)
2026.09.01 16:58:53 INFO  Downloading from central: https://repo.maven.apache.org/maven2/org/springframework/boot/spring-boot-starter-validation/4.1.1/spring-boot-starter-validation-4.1.1-sources.jar
2026.09.01 16:58:53 INFO  Progress (1): 4.8 kB
2026.09.01 16:58:53 INFO                      
2026.09.01 16:58:53 INFO  Downloaded from central: https://repo.maven.apache.org/maven2/org/springframework/boot/spring-boot-starter-validation/4.1.1/spring-boot-starter-validation-4.1.1-sources.jar (4.8 kB at 24 kB/s)
2026.09.01 16:58:53 INFO  [INFO] SUCCESS: org.springframework.boot:spring-boot-starter-validation:jar:4.1.1:compile (sources = true)
2026.09.01 16:58:53 INFO  [INFO] Resolving artifact: org.springframework.boot:spring-boot-starter-thymeleaf:jar:4.1.1:compile (sources = false)
2026.09.01 16:58:53 INFO  [INFO] SUCCESS: org.springframework.boot:spring-boot-starter-thymeleaf:jar:4.1.1:compile (sources = false)
2026.09.01 16:58:53 INFO  [INFO] Resolving artifact: org.springframework.boot:spring-boot-starter-thymeleaf:jar:4.1.1:compile (sources = true)
2026.09.01 16:58:53 INFO  Downloading from central: https://repo.maven.apache.org/maven2/org/springframework/boot/spring-boot-starter-thymeleaf/4.1.1/spring-boot-starter-thymeleaf-4.1.1-sources.jar
2026.09.01 16:58:54 INFO  Progress (1): 4.7 kB
2026.09.01 16:58:54 INFO                      
2026.09.01 16:58:54 INFO  Downloaded from central: https://repo.maven.apache.org/maven2/org/springframework/boot/spring-boot-starter-thymeleaf/4.1.1/spring-boot-starter-thymeleaf-4.1.1-sources.jar (4.7 kB at 19 kB/s)
2026.09.01 16:58:54 INFO  [INFO] SUCCESS: org.springframework.boot:spring-boot-starter-thymeleaf:jar:4.1.1:compile (sources = true)
2026.09.01 16:58:54 INFO  [INFO] Resolving artifact: io.micrometer:micrometer-commons:jar:1.17.1:compile (sources = false)
2026.09.01 16:58:54 INFO  [INFO] SUCCESS: io.micrometer:micrometer-commons:jar:1.17.1:compile (sources = false)
2026.09.01 16:58:54 INFO  [INFO] Resolving artifact: io.micrometer:micrometer-commons:jar:1.17.1:compile (sources = true)
2026.09.01 16:58:54 INFO  Downloading from central: https://repo.maven.apache.org/maven2/io/micrometer/micrometer-commons/1.17.1/micrometer-commons-1.17.1-sources.jar
2026.09.01 16:58:54 INFO  Progress (1): 7.7/49 kB
2026.09.01 16:58:54 INFO  Progress (1): 16/49 kB 
2026.09.01 16:58:54 INFO  Progress (1): 25/49 kB
2026.09.01 16:58:54 INFO  Progress (1): 41/49 kB
2026.09.01 16:58:54 INFO  Progress (1): 49 kB   
2026.09.01 16:58:54 INFO                     
2026.09.01 16:58:54 INFO  Downloaded from central: https://repo.maven.apache.org/maven2/io/micrometer/micrometer-commons/1.17.1/micrometer-commons-1.17.1-sources.jar (49 kB at 258 kB/s)
2026.09.01 16:58:54 INFO  [INFO] SUCCESS: io.micrometer:micrometer-commons:jar:1.17.1:compile (sources = true)
2026.09.01 16:58:54 INFO  [INFO] Resolving artifact: org.ow2.asm:asm:jar:9.7.1:test (sources = false)
2026.09.01 16:58:54 INFO  [INFO] SUCCESS: org.ow2.asm:asm:jar:9.7.1:test (sources = false)
2026.09.01 16:58:54 INFO  [INFO] Resolving artifact: org.ow2.asm:asm:jar:9.7.1:test (sources = true)
2026.09.01 16:58:54 INFO  [INFO] SUCCESS: org.ow2.asm:asm:jar:9.7.1:test (sources = true)
2026.09.01 16:58:54 INFO  [INFO] Resolving artifact: org.thymeleaf.extras:thymeleaf-extras-springsecurity6:jar:3.1.5.RELEASE:compile (sources = false)
2026.09.01 16:58:54 INFO  [INFO] SUCCESS: org.thymeleaf.extras:thymeleaf-extras-springsecurity6:jar:3.1.5.RELEASE:compile (sources = false)
2026.09.01 16:58:54 INFO  [INFO] Resolving artifact: org.thymeleaf.extras:thymeleaf-extras-springsecurity6:jar:3.1.5.RELEASE:compile (sources = true)
2026.09.01 16:58:54 INFO  [INFO] SUCCESS: org.thymeleaf.extras:thymeleaf-extras-springsecurity6:jar:3.1.5.RELEASE:compile (sources = true)
2026.09.01 16:58:54 INFO  [INFO] Resolving artifact: org.springframework.boot:spring-boot-starter-jackson:jar:4.1.1:compile (sources = false)
2026.09.01 16:58:54 INFO  [INFO] SUCCESS: org.springframework.boot:spring-boot-starter-jackson:jar:4.1.1:compile (sources = false)
2026.09.01 16:58:54 INFO  [INFO] Resolving artifact: org.springframework.boot:spring-boot-starter-jackson:jar:4.1.1:compile (sources = true)
2026.09.01 16:58:54 INFO  Downloading from central: https://repo.maven.apache.org/maven2/org/springframework/boot/spring-boot-starter-jackson/4.1.1/spring-boot-starter-jackson-4.1.1-sources.jar
2026.09.01 16:58:54 INFO  Progress (1): 4.7 kB
2026.09.01 16:58:54 INFO                      
2026.09.01 16:58:54 INFO  Downloaded from central: https://repo.maven.apache.org/maven2/org/springframework/boot/spring-boot-starter-jackson/4.1.1/spring-boot-starter-jackson-4.1.1-sources.jar (4.7 kB at 26 kB/s)
2026.09.01 16:58:54 INFO  [INFO] SUCCESS: org.springframework.boot:spring-boot-starter-jackson:jar:4.1.1:compile (sources = true)
2026.09.01 16:58:54 INFO  [INFO] Resolving artifact: commons-logging:commons-logging:jar:1.3.6:compile (sources = false)
2026.09.01 16:58:54 INFO  [INFO] SUCCESS: commons-logging:commons-logging:jar:1.3.6:compile (sources = false)
2026.09.01 16:58:54 INFO  [INFO] Resolving artifact: commons-logging:commons-logging:jar:1.3.6:compile (sources = true)
2026.09.01 16:58:54 INFO  [INFO] SUCCESS: commons-logging:commons-logging:jar:1.3.6:compile (sources = true)
2026.09.01 16:58:54 INFO  [INFO] Resolving artifact: org.springframework:spring-context:jar:7.0.9:compile (sources = false)
2026.09.01 16:58:54 INFO  [INFO] SUCCESS: org.springframework:spring-context:jar:7.0.9:compile (sources = false)
2026.09.01 16:58:54 INFO  [INFO] Resolving artifact: org.springframework:spring-context:jar:7.0.9:compile (sources = true)
2026.09.01 16:58:54 INFO  [INFO] SUCCESS: org.springframework:spring-context:jar:7.0.9:compile (sources = true)
2026.09.01 16:58:54 INFO  [INFO] Resolving artifact: org.junit.jupiter:junit-jupiter-api:jar:6.0.3:test (sources = false)
2026.09.01 16:58:54 INFO  [INFO] SUCCESS: org.junit.jupiter:junit-jupiter-api:jar:6.0.3:test (sources = false)
2026.09.01 16:58:54 INFO  [INFO] Resolving artifact: org.junit.jupiter:junit-jupiter-api:jar:6.0.3:test (sources = true)
2026.09.01 16:58:54 INFO  [INFO] SUCCESS: org.junit.jupiter:junit-jupiter-api:jar:6.0.3:test (sources = true)
2026.09.01 16:58:54 INFO  [INFO] Resolving artifact: org.attoparser:attoparser:jar:2.0.7.RELEASE:compile (sources = false)
2026.09.01 16:58:54 INFO  [INFO] SUCCESS: org.attoparser:attoparser:jar:2.0.7.RELEASE:compile (sources = false)
2026.09.01 16:58:54 INFO  [INFO] Resolving artifact: org.attoparser:attoparser:jar:2.0.7.RELEASE:compile (sources = true)
2026.09.01 16:58:54 INFO  [INFO] SUCCESS: org.attoparser:attoparser:jar:2.0.7.RELEASE:compile (sources = true)
2026.09.01 16:58:54 INFO  [INFO] Resolving artifact: ch.qos.logback:logback-core:jar:1.5.38:compile (sources = false)
2026.09.01 16:58:54 INFO  [INFO] SUCCESS: ch.qos.logback:logback-core:jar:1.5.38:compile (sources = false)
2026.09.01 16:58:54 INFO  [INFO] Resolving artifact: ch.qos.logback:logback-core:jar:1.5.38:compile (sources = true)
2026.09.01 16:58:54 INFO  Downloading from central: https://repo.maven.apache.org/maven2/ch/qos/logback/logback-core/1.5.38/logback-core-1.5.38-sources.jar
2026.09.01 16:58:54 INFO  Progress (1): 3.2/532 kB
2026.09.01 16:58:54 INFO  Progress (1): 11/532 kB 
2026.09.01 16:58:54 INFO  Progress (1): 28/532 kB
2026.09.01 16:58:54 INFO  Progress (1): 44/532 kB
2026.09.01 16:58:54 INFO  Progress (1): 61/532 kB
2026.09.01 16:58:54 INFO  Progress (1): 77/532 kB
2026.09.01 16:58:54 INFO  Progress (1): 93/532 kB
2026.09.01 16:58:54 INFO  Progress (1): 97/532 kB
2026.09.01 16:58:54 INFO  Progress (1): 113/532 kB
2026.09.01 16:58:54 INFO  Progress (1): 130/532 kB
2026.09.01 16:58:54 INFO  Progress (1): 131/532 kB
2026.09.01 16:58:54 INFO  Progress (1): 147/532 kB
2026.09.01 16:58:54 INFO  Progress (1): 164/532 kB
2026.09.01 16:58:54 INFO  Progress (1): 180/532 kB
2026.09.01 16:58:54 INFO  Progress (1): 197/532 kB
2026.09.01 16:58:54 INFO  Progress (1): 213/532 kB
2026.09.01 16:58:54 INFO  Progress (1): 229/532 kB
2026.09.01 16:58:55 INFO  Progress (1): 246/532 kB
2026.09.01 16:58:55 INFO  Progress (1): 262/532 kB
2026.09.01 16:58:55 INFO  Progress (1): 279/532 kB
2026.09.01 16:58:55 INFO  Progress (1): 295/532 kB
2026.09.01 16:58:55 INFO  Progress (1): 311/532 kB
2026.09.01 16:58:55 INFO  Progress (1): 328/532 kB
2026.09.01 16:58:55 INFO  Progress (1): 344/532 kB
2026.09.01 16:58:55 INFO  Progress (1): 360/532 kB
2026.09.01 16:58:55 INFO  Progress (1): 377/532 kB
2026.09.01 16:58:55 INFO  Progress (1): 393/532 kB
2026.09.01 16:58:55 INFO  Progress (1): 410/532 kB
2026.09.01 16:58:55 INFO  Progress (1): 426/532 kB
2026.09.01 16:58:55 INFO  Progress (1): 442/532 kB
2026.09.01 16:58:55 INFO  Progress (1): 459/532 kB
2026.09.01 16:58:55 INFO  Progress (1): 475/532 kB
2026.09.01 16:58:55 INFO  Progress (1): 492/532 kB
2026.09.01 16:58:55 INFO  Progress (1): 508/532 kB
2026.09.01 16:58:55 INFO  Progress (1): 524/532 kB
2026.09.01 16:58:55 INFO  Progress (1): 532 kB    
2026.09.01 16:58:55 INFO                      
2026.09.01 16:58:55 INFO  Downloaded from central: https://repo.maven.apache.org/maven2/ch/qos/logback/logback-core/1.5.38/logback-core-1.5.38-sources.jar (532 kB at 548 kB/s)
2026.09.01 16:58:55 INFO  [INFO] SUCCESS: ch.qos.logback:logback-core:jar:1.5.38:compile (sources = true)
2026.09.01 16:58:55 INFO  [INFO] Resolving artifact: org.skyscreamer:jsonassert:jar:1.5.3:test (sources = false)
2026.09.01 16:58:55 INFO  [INFO] SUCCESS: org.skyscreamer:jsonassert:jar:1.5.3:test (sources = false)
2026.09.01 16:58:55 INFO  [INFO] Resolving artifact: org.skyscreamer:jsonassert:jar:1.5.3:test (sources = true)
2026.09.01 16:58:55 INFO  [INFO] SUCCESS: org.skyscreamer:jsonassert:jar:1.5.3:test (sources = true)
2026.09.01 16:58:55 INFO  [INFO] Resolving artifact: org.springframework.data:spring-data-jpa:jar:4.1.1:compile (sources = false)
2026.09.01 16:58:55 INFO  [INFO] SUCCESS: org.springframework.data:spring-data-jpa:jar:4.1.1:compile (sources = false)
2026.09.01 16:58:55 INFO  [INFO] Resolving artifact: org.springframework.data:spring-data-jpa:jar:4.1.1:compile (sources = true)
2026.09.01 16:58:55 INFO  Downloading from central: https://repo.maven.apache.org/maven2/org/springframework/data/spring-data-jpa/4.1.1/spring-data-jpa-4.1.1-sources.jar
2026.09.01 16:58:55 INFO  Progress (1): 3.2/812 kB
2026.09.01 16:58:55 INFO  Progress (1): 11/812 kB 
2026.09.01 16:58:55 INFO  Progress (1): 28/812 kB
2026.09.01 16:58:55 INFO  Progress (1): 36/812 kB
2026.09.01 16:58:55 INFO  Progress (1): 52/812 kB
2026.09.01 16:58:55 INFO  Progress (1): 61/812 kB
2026.09.01 16:58:55 INFO  Progress (1): 69/812 kB
2026.09.01 16:58:55 INFO  Progress (1): 85/812 kB
2026.09.01 16:58:55 INFO  Progress (1): 101/812 kB
2026.09.01 16:58:55 INFO  Progress (1): 118/812 kB
2026.09.01 16:58:55 INFO  Progress (1): 134/812 kB
2026.09.01 16:58:55 INFO  Progress (1): 151/812 kB
2026.09.01 16:58:55 INFO  Progress (1): 167/812 kB
2026.09.01 16:58:56 INFO  Progress (1): 183/812 kB
2026.09.01 16:58:56 INFO  Progress (1): 200/812 kB
2026.09.01 16:58:56 INFO  Progress (1): 216/812 kB
2026.09.01 16:58:56 INFO  Progress (1): 233/812 kB
2026.09.01 16:58:56 INFO  Progress (1): 249/812 kB
2026.09.01 16:58:56 INFO  Progress (1): 265/812 kB
2026.09.01 16:58:56 INFO  Progress (1): 282/812 kB
2026.09.01 16:58:56 INFO  Progress (1): 298/812 kB
2026.09.01 16:58:56 INFO  Progress (1): 314/812 kB
2026.09.01 16:58:56 INFO  Progress (1): 331/812 kB
2026.09.01 16:58:56 INFO  Progress (1): 347/812 kB
2026.09.01 16:58:56 INFO  Progress (1): 364/812 kB
2026.09.01 16:58:56 INFO  Progress (1): 380/812 kB
2026.09.01 16:58:56 INFO  Progress (1): 396/812 kB
2026.09.01 16:58:56 INFO  Progress (1): 413/812 kB
2026.09.01 16:58:56 INFO  Progress (1): 429/812 kB
2026.09.01 16:58:56 INFO  Progress (1): 446/812 kB
2026.09.01 16:58:56 INFO  Progress (1): 462/812 kB
2026.09.01 16:58:56 INFO  Progress (1): 478/812 kB
2026.09.01 16:58:56 INFO  no build target found for C:\Users\USUARIO\Documents\farmacia\farmacia\src\main\java\com\example\farmacia\controller\FormulaController.java. Using fallback presentation compiler.
2026.09.01 16:58:56 INFO  Progress (1): 495/812 kB
2026.09.01 16:58:56 INFO  Progress (1): 511/812 kB
2026.09.01 16:58:56 INFO  Progress (1): 527/812 kB
2026.09.01 16:58:56 INFO  Progress (1): 544/812 kB
2026.09.01 16:58:56 INFO  Progress (1): 560/812 kB
2026.09.01 16:58:56 INFO  Progress (1): 577/812 kB
2026.09.01 16:58:56 INFO  Progress (1): 593/812 kB
2026.09.01 16:58:56 INFO  Progress (1): 609/812 kB
2026.09.01 16:58:56 INFO  Progress (1): 626/812 kB
2026.09.01 16:58:56 INFO  Progress (1): 642/812 kB
2026.09.01 16:58:56 INFO  Progress (1): 659/812 kB
2026.09.01 16:58:56 INFO  Progress (1): 675/812 kB
2026.09.01 16:58:56 INFO  Progress (1): 691/812 kB
2026.09.01 16:58:56 INFO  Progress (1): 708/812 kB
2026.09.01 16:58:56 INFO  Progress (1): 724/812 kB
2026.09.01 16:58:56 INFO  Progress (1): 740/812 kB
2026.09.01 16:58:57 INFO  Progress (1): 757/812 kB
2026.09.01 16:58:57 INFO  Progress (1): 773/812 kB
2026.09.01 16:58:57 INFO  Progress (1): 790/812 kB
2026.09.01 16:58:57 INFO  Progress (1): 806/812 kB
2026.09.01 16:58:57 INFO  Progress (1): 812 kB    
2026.09.01 16:58:57 INFO                      
2026.09.01 16:58:57 INFO  Downloaded from central: https://repo.maven.apache.org/maven2/org/springframework/data/spring-data-jpa/4.1.1/spring-data-jpa-4.1.1-sources.jar (812 kB at 433 kB/s)
2026.09.01 16:58:57 INFO  [INFO] SUCCESS: org.springframework.data:spring-data-jpa:jar:4.1.1:compile (sources = true)
2026.09.01 16:58:57 INFO  [INFO] Resolving artifact: jakarta.xml.bind:jakarta.xml.bind-api:jar:4.0.5:runtime (sources = false)
2026.09.01 16:58:57 INFO  [INFO] SUCCESS: jakarta.xml.bind:jakarta.xml.bind-api:jar:4.0.5:runtime (sources = false)
2026.09.01 16:58:57 INFO  [INFO] Resolving artifact: jakarta.xml.bind:jakarta.xml.bind-api:jar:4.0.5:runtime (sources = true)
2026.09.01 16:58:57 INFO  Downloading from central: https://repo.maven.apache.org/maven2/jakarta/xml/bind/jakarta.xml.bind-api/4.0.5/jakarta.xml.bind-api-4.0.5-sources.jar
2026.09.01 16:58:57 INFO  Progress (1): 3.2/198 kB
2026.09.01 16:58:57 INFO  Progress (1): 20/198 kB 
2026.09.01 16:58:57 INFO  Progress (1): 28/198 kB
2026.09.01 16:58:57 INFO  Progress (1): 44/198 kB
2026.09.01 16:58:57 INFO  Progress (1): 61/198 kB
2026.09.01 16:58:57 INFO  Progress (1): 77/198 kB
2026.09.01 16:58:57 INFO  Progress (1): 93/198 kB
2026.09.01 16:58:57 INFO  Progress (1): 101/198 kB
2026.09.01 16:58:57 INFO  Progress (1): 118/198 kB
2026.09.01 16:58:57 INFO  Progress (1): 134/198 kB
2026.09.01 16:58:57 INFO  Progress (1): 142/198 kB
2026.09.01 16:58:57 INFO  Progress (1): 151/198 kB
2026.09.01 16:58:57 INFO  Progress (1): 167/198 kB
2026.09.01 16:58:57 INFO  Progress (1): 183/198 kB
2026.09.01 16:58:57 INFO  Progress (1): 198 kB    
2026.09.01 16:58:57 INFO                      
2026.09.01 16:58:57 INFO  Downloaded from central: https://repo.maven.apache.org/maven2/jakarta/xml/bind/jakarta.xml.bind-api/4.0.5/jakarta.xml.bind-api-4.0.5-sources.jar (198 kB at 321 kB/s)
2026.09.01 16:58:57 INFO  [INFO] SUCCESS: jakarta.xml.bind:jakarta.xml.bind-api:jar:4.0.5:runtime (sources = true)
2026.09.01 16:58:57 INFO  [INFO] Resolving artifact: org.slf4j:jul-to-slf4j:jar:2.0.18:compile (sources = false)
2026.09.01 16:58:57 INFO  [INFO] SUCCESS: org.slf4j:jul-to-slf4j:jar:2.0.18:compile (sources = false)
2026.09.01 16:58:57 INFO  [INFO] Resolving artifact: org.slf4j:jul-to-slf4j:jar:2.0.18:compile (sources = true)
2026.09.01 16:58:57 INFO  Downloading from central: https://repo.maven.apache.org/maven2/org/slf4j/jul-to-slf4j/2.0.18/jul-to-slf4j-2.0.18-sources.jar
2026.09.01 16:58:58 INFO  Progress (1): 7.1 kB
2026.09.01 16:58:58 INFO                      
2026.09.01 16:58:58 INFO  Downloaded from central: https://repo.maven.apache.org/maven2/org/slf4j/jul-to-slf4j/2.0.18/jul-to-slf4j-2.0.18-sources.jar (7.1 kB at 23 kB/s)
2026.09.01 16:58:58 INFO  [INFO] SUCCESS: org.slf4j:jul-to-slf4j:jar:2.0.18:compile (sources = true)
2026.09.01 16:58:58 INFO  [INFO] Resolving artifact: io.micrometer:micrometer-observation:jar:1.17.1:compile (sources = false)
2026.09.01 16:58:58 INFO  [INFO] SUCCESS: io.micrometer:micrometer-observation:jar:1.17.1:compile (sources = false)
2026.09.01 16:58:58 INFO  [INFO] Resolving artifact: io.micrometer:micrometer-observation:jar:1.17.1:compile (sources = true)
2026.09.01 16:58:58 INFO  Downloading from central: https://repo.maven.apache.org/maven2/io/micrometer/micrometer-observation/1.17.1/micrometer-observation-1.17.1-sources.jar
2026.09.01 16:58:58 INFO  no build target found for C:\Users\USUARIO\Documents\farmacia\farmacia\src\main\java\com\example\farmacia\controller\FormulaController.java. Using fallback presentation compiler.
2026.09.01 16:58:58 INFO  Progress (1): 7.7/60 kB
2026.09.01 16:58:58 INFO  Progress (1): 16/60 kB 
2026.09.01 16:58:58 INFO  Progress (1): 32/60 kB
2026.09.01 16:58:58 INFO  Progress (1): 49/60 kB
2026.09.01 16:58:58 INFO  Progress (1): 60 kB   
2026.09.01 16:58:58 INFO                     
2026.09.01 16:58:58 INFO  Downloaded from central: https://repo.maven.apache.org/maven2/io/micrometer/micrometer-observation/1.17.1/micrometer-observation-1.17.1-sources.jar (60 kB at 174 kB/s)
2026.09.01 16:58:58 INFO  [INFO] SUCCESS: io.micrometer:micrometer-observation:jar:1.17.1:compile (sources = true)
2026.09.01 16:58:58 INFO  [INFO] Resolving artifact: org.springframework.boot:spring-boot-starter-logging:jar:4.1.1:compile (sources = false)
2026.09.01 16:58:58 INFO  [INFO] SUCCESS: org.springframework.boot:spring-boot-starter-logging:jar:4.1.1:compile (sources = false)
2026.09.01 16:58:58 INFO  [INFO] Resolving artifact: org.springframework.boot:spring-boot-starter-logging:jar:4.1.1:compile (sources = true)
2026.09.01 16:58:58 INFO  Downloading from central: https://repo.maven.apache.org/maven2/org/springframework/boot/spring-boot-starter-logging/4.1.1/spring-boot-starter-logging-4.1.1-sources.jar
2026.09.01 16:58:58 INFO  Progress (1): 4.7 kB
2026.09.01 16:58:58 INFO                      
2026.09.01 16:58:58 INFO  Downloaded from central: https://repo.maven.apache.org/maven2/org/springframework/boot/spring-boot-starter-logging/4.1.1/spring-boot-starter-logging-4.1.1-sources.jar (4.7 kB at 22 kB/s)
2026.09.01 16:58:58 INFO  [INFO] SUCCESS: org.springframework.boot:spring-boot-starter-logging:jar:4.1.1:compile (sources = true)
2026.09.01 16:58:58 INFO  [INFO] Resolving artifact: jakarta.annotation:jakarta.annotation-api:jar:3.0.0:compile (sources = false)
2026.09.01 16:58:58 INFO  [INFO] SUCCESS: jakarta.annotation:jakarta.annotation-api:jar:3.0.0:compile (sources = false)
2026.09.01 16:58:58 INFO  [INFO] Resolving artifact: jakarta.annotation:jakarta.annotation-api:jar:3.0.0:compile (sources = true)
2026.09.01 16:58:58 INFO  [INFO] SUCCESS: jakarta.annotation:jakarta.annotation-api:jar:3.0.0:compile (sources = true)
2026.09.01 16:58:58 INFO  [INFO] Resolving artifact: org.springframework.boot:spring-boot-starter-jdbc:jar:4.1.1:compile (sources = false)
2026.09.01 16:58:58 INFO  [INFO] SUCCESS: org.springframework.boot:spring-boot-starter-jdbc:jar:4.1.1:compile (sources = false)
2026.09.01 16:58:58 INFO  [INFO] Resolving artifact: org.springframework.boot:spring-boot-starter-jdbc:jar:4.1.1:compile (sources = true)
2026.09.01 16:58:58 INFO  Downloading from central: https://repo.maven.apache.org/maven2/org/springframework/boot/spring-boot-starter-jdbc/4.1.1/spring-boot-starter-jdbc-4.1.1-sources.jar
2026.09.01 16:58:58 INFO  no build target found for C:\Users\USUARIO\Documents\farmacia\farmacia\src\main\java\com\example\farmacia\controller\FormulaController.java. Using fallback presentation compiler.
2026.09.01 16:58:59 INFO  Progress (1): 4.8 kB
2026.09.01 16:58:59 INFO                      
2026.09.01 16:58:59 INFO  Downloaded from central: https://repo.maven.apache.org/maven2/org/springframework/boot/spring-boot-starter-jdbc/4.1.1/spring-boot-starter-jdbc-4.1.1-sources.jar (4.8 kB at 8.1 kB/s)
2026.09.01 16:58:59 INFO  [INFO] SUCCESS: org.springframework.boot:spring-boot-starter-jdbc:jar:4.1.1:compile (sources = true)
2026.09.01 16:58:59 INFO  [INFO] Resolving artifact: org.springframework.boot:spring-boot-servlet:jar:4.1.1:compile (sources = false)
2026.09.01 16:58:59 INFO  [INFO] SUCCESS: org.springframework.boot:spring-boot-servlet:jar:4.1.1:compile (sources = false)
2026.09.01 16:58:59 INFO  [INFO] Resolving artifact: org.springframework.boot:spring-boot-servlet:jar:4.1.1:compile (sources = true)
2026.09.01 16:58:59 INFO  Downloading from central: https://repo.maven.apache.org/maven2/org/springframework/boot/spring-boot-servlet/4.1.1/spring-boot-servlet-4.1.1-sources.jar
2026.09.01 16:58:59 INFO  Progress (1): 7.7/44 kB
2026.09.01 16:58:59 INFO  Progress (1): 16/44 kB 
2026.09.01 16:58:59 INFO  Progress (1): 25/44 kB
2026.09.01 16:58:59 INFO  Progress (1): 41/44 kB
2026.09.01 16:58:59 INFO  Progress (1): 44 kB   
2026.09.01 16:58:59 INFO                     
2026.09.01 16:58:59 INFO  Downloaded from central: https://repo.maven.apache.org/maven2/org/springframework/boot/spring-boot-servlet/4.1.1/spring-boot-servlet-4.1.1-sources.jar (44 kB at 156 kB/s)
2026.09.01 16:58:59 INFO  [INFO] SUCCESS: org.springframework.boot:spring-boot-servlet:jar:4.1.1:compile (sources = true)
2026.09.01 16:58:59 INFO  [INFO] Resolving artifact: org.junit.platform:junit-platform-commons:jar:6.0.3:test (sources = false)
2026.09.01 16:58:59 INFO  [INFO] SUCCESS: org.junit.platform:junit-platform-commons:jar:6.0.3:test (sources = false)
2026.09.01 16:58:59 INFO  [INFO] Resolving artifact: org.junit.platform:junit-platform-commons:jar:6.0.3:test (sources = true)
2026.09.01 16:58:59 INFO  [INFO] SUCCESS: org.junit.platform:junit-platform-commons:jar:6.0.3:test (sources = true)
2026.09.01 16:58:59 INFO  [INFO] Resolving artifact: org.yaml:snakeyaml:jar:2.6:compile (sources = false)
2026.09.01 16:58:59 INFO  [INFO] SUCCESS: org.yaml:snakeyaml:jar:2.6:compile (sources = false)
2026.09.01 16:58:59 INFO  [INFO] Resolving artifact: org.yaml:snakeyaml:jar:2.6:compile (sources = true)
2026.09.01 16:58:59 INFO  Downloading from central: https://repo.maven.apache.org/maven2/org/yaml/snakeyaml/2.6/snakeyaml-2.6-sources.jar
2026.09.01 16:58:59 INFO  Progress (1): 7.7/210 kB
2026.09.01 16:58:59 INFO  Progress (1): 16/210 kB 
2026.09.01 16:58:59 INFO  Progress (1): 24/210 kB
2026.09.01 16:58:59 INFO  Progress (1): 40/210 kB
2026.09.01 16:58:59 INFO  Progress (1): 57/210 kB
2026.09.01 16:58:59 INFO  Progress (1): 73/210 kB
2026.09.01 16:58:59 INFO  Progress (1): 90/210 kB
2026.09.01 16:58:59 INFO  Progress (1): 106/210 kB
2026.09.01 16:58:59 INFO  Progress (1): 122/210 kB
2026.09.01 16:59:00 INFO  Progress (1): 139/210 kB
2026.09.01 16:59:00 INFO  Progress (1): 155/210 kB
2026.09.01 16:59:00 INFO  Progress (1): 172/210 kB
2026.09.01 16:59:00 INFO  Progress (1): 188/210 kB
2026.09.01 16:59:00 INFO  Progress (1): 204/210 kB
2026.09.01 16:59:00 INFO  Progress (1): 210 kB    
2026.09.01 16:59:00 INFO                      
2026.09.01 16:59:00 INFO  Downloaded from central: https://repo.maven.apache.org/maven2/org/yaml/snakeyaml/2.6/snakeyaml-2.6-sources.jar (210 kB at 290 kB/s)
2026.09.01 16:59:00 INFO  [INFO] SUCCESS: org.yaml:snakeyaml:jar:2.6:compile (sources = true)
2026.09.01 16:59:00 INFO  [INFO] Resolving artifact: org.springframework.boot:spring-boot-test-autoconfigure:jar:4.1.1:test (sources = false)
2026.09.01 16:59:00 INFO  [INFO] SUCCESS: org.springframework.boot:spring-boot-test-autoconfigure:jar:4.1.1:test (sources = false)
2026.09.01 16:59:00 INFO  [INFO] Resolving artifact: org.springframework.boot:spring-boot-test-autoconfigure:jar:4.1.1:test (sources = true)
2026.09.01 16:59:00 INFO  Downloading from central: https://repo.maven.apache.org/maven2/org/springframework/boot/spring-boot-test-autoconfigure/4.1.1/spring-boot-test-autoconfigure-4.1.1-sources.jar
2026.09.01 16:59:00 INFO  Progress (1): 7.7/25 kB
2026.09.01 16:59:00 INFO  Progress (1): 16/25 kB 
2026.09.01 16:59:00 INFO  Progress (1): 25 kB   
2026.09.01 16:59:00 INFO                     
2026.09.01 16:59:00 INFO  Downloaded from central: https://repo.maven.apache.org/maven2/org/springframework/boot/spring-boot-test-autoconfigure/4.1.1/spring-boot-test-autoconfigure-4.1.1-sources.jar (25 kB at 69 kB/s)
2026.09.01 16:59:00 INFO  [INFO] SUCCESS: org.springframework.boot:spring-boot-test-autoconfigure:jar:4.1.1:test (sources = true)
2026.09.01 16:59:00 INFO  [INFO] Resolving artifact: org.springframework:spring-core:jar:7.0.9:compile (sources = false)
2026.09.01 16:59:00 INFO  [INFO] SUCCESS: org.springframework:spring-core:jar:7.0.9:compile (sources = false)
2026.09.01 16:59:00 INFO  [INFO] Resolving artifact: org.springframework:spring-core:jar:7.0.9:compile (sources = true)
2026.09.01 16:59:00 INFO  Downloading from central: https://repo.maven.apache.org/maven2/org/springframework/spring-core/7.0.9/spring-core-7.0.9-sources.jar
2026.09.01 16:59:00 INFO  Progress (1): 0/1.5 MB
2026.09.01 16:59:00 INFO  Progress (1): 0/1.5 MB
2026.09.01 16:59:00 INFO  Progress (1): 0/1.5 MB
2026.09.01 16:59:00 INFO  Progress (1): 0/1.5 MB
2026.09.01 16:59:00 INFO  Progress (1): 0.1/1.5 MB
2026.09.01 16:59:00 INFO  Progress (1): 0.1/1.5 MB
2026.09.01 16:59:00 INFO  Progress (1): 0.1/1.5 MB
2026.09.01 16:59:01 INFO  no build target found for C:\Users\USUARIO\Documents\farmacia\farmacia\src\main\java\com\example\farmacia\controller\FormulaController.java. Using fallback presentation compiler.
2026.09.01 16:59:00 INFO  Progress (1): 0.1/1.5 MB
2026.09.01 16:59:00 INFO  Progress (1): 0.1/1.5 MB
2026.09.01 16:59:00 INFO  Progress (1): 0.1/1.5 MB
2026.09.01 16:59:00 INFO  Progress (1): 0.1/1.5 MB
2026.09.01 16:59:02 INFO  Progress (1): 0.2/1.5 MB
2026.09.01 16:59:02 INFO  Progress (1): 0.2/1.5 MB
2026.09.01 16:59:02 INFO  Progress (1): 0.2/1.5 MB
2026.09.01 16:59:02 INFO  Progress (1): 0.2/1.5 MB
2026.09.01 16:59:02 INFO  Progress (1): 0.2/1.5 MB
2026.09.01 16:59:02 INFO  Progress (1): 0.2/1.5 MB
2026.09.01 16:59:02 INFO  Progress (1): 0.3/1.5 MB
2026.09.01 16:59:02 INFO  Progress (1): 0.3/1.5 MB
2026.09.01 16:59:02 INFO  Progress (1): 0.3/1.5 MB
2026.09.01 16:59:02 INFO  Progress (1): 0.3/1.5 MB
2026.09.01 16:59:02 INFO  Progress (1): 0.3/1.5 MB
2026.09.01 16:59:02 INFO  Progress (1): 0.3/1.5 MB
2026.09.01 16:59:02 INFO  Progress (1): 0.4/1.5 MB
2026.09.01 16:59:02 INFO  Progress (1): 0.4/1.5 MB
2026.09.01 16:59:02 INFO  Progress (1): 0.4/1.5 MB
2026.09.01 16:59:02 INFO  Progress (1): 0.4/1.5 MB
2026.09.01 16:59:02 INFO  no build target found for C:\Users\USUARIO\Documents\farmacia\farmacia\src\main\java\com\example\farmacia\controller\FormulaController.java. Using fallback presentation compiler.
2026.09.01 16:59:03 INFO  Progress (1): 0.4/1.5 MB
2026.09.01 16:59:03 INFO  Progress (1): 0.4/1.5 MB
2026.09.01 16:59:03 INFO  Progress (1): 0.5/1.5 MB
2026.09.01 16:59:03 INFO  Progress (1): 0.5/1.5 MB
2026.09.01 16:59:03 INFO  Progress (1): 0.5/1.5 MB
2026.09.01 16:59:03 INFO  Progress (1): 0.5/1.5 MB
2026.09.01 16:59:03 INFO  Progress (1): 0.5/1.5 MB
2026.09.01 16:59:03 INFO  Progress (1): 0.5/1.5 MB
2026.09.01 16:59:03 INFO  Progress (1): 0.6/1.5 MB
2026.09.01 16:59:03 INFO  Progress (1): 0.6/1.5 MB
2026.09.01 16:59:03 INFO  Progress (1): 0.6/1.5 MB
2026.09.01 16:59:03 INFO  Progress (1): 0.6/1.5 MB
2026.09.01 16:59:03 INFO  Progress (1): 0.6/1.5 MB
2026.09.01 16:59:02 INFO  no build target found for C:\Users\USUARIO\Documents\farmacia\farmacia\src\main\java\com\example\farmacia\controller\FormulaController.java. Using fallback presentation compiler.
2026.09.01 16:59:03 INFO  Progress (1): 0.6/1.5 MB
2026.09.01 16:59:03 INFO  Progress (1): 0.7/1.5 MB
2026.09.01 16:59:03 INFO  Progress (1): 0.7/1.5 MB
2026.09.01 16:59:04 INFO  Progress (1): 0.7/1.5 MB
2026.09.01 16:59:04 INFO  Progress (1): 0.7/1.5 MB
2026.09.01 16:59:04 INFO  Progress (1): 0.7/1.5 MB
2026.09.01 16:59:04 INFO  Progress (1): 0.7/1.5 MB
2026.09.01 16:59:04 INFO  Progress (1): 0.8/1.5 MB
2026.09.01 16:59:04 INFO  Progress (1): 0.8/1.5 MB
2026.09.01 16:59:04 INFO  Progress (1): 0.8/1.5 MB
2026.09.01 16:59:04 INFO  no build target found for C:\Users\USUARIO\Documents\farmacia\farmacia\src\main\java\com\example\farmacia\controller\FormulaController.java. Using fallback presentation compiler.
2026.09.01 16:59:04 INFO  Progress (1): 0.8/1.5 MB
2026.09.01 16:59:04 INFO  Progress (1): 0.8/1.5 MB
2026.09.01 16:59:04 INFO  Progress (1): 0.8/1.5 MB
2026.09.01 16:59:04 INFO  Progress (1): 0.9/1.5 MB
2026.09.01 16:59:04 INFO  Progress (1): 0.9/1.5 MB
2026.09.01 16:59:04 INFO  Progress (1): 0.9/1.5 MB
2026.09.01 16:59:04 INFO  Progress (1): 0.9/1.5 MB
2026.09.01 16:59:04 INFO  Progress (1): 0.9/1.5 MB
2026.09.01 16:59:04 INFO  Progress (1): 0.9/1.5 MB
2026.09.01 16:59:04 INFO  Progress (1): 1.0/1.5 MB
2026.09.01 16:59:04 INFO  Progress (1): 1.0/1.5 MB
2026.09.01 16:59:04 INFO  Progress (1): 1.0/1.5 MB
2026.09.01 16:59:05 INFO  Progress (1): 1.0/1.5 MB
2026.09.01 16:59:05 INFO  Progress (1): 1.0/1.5 MB
2026.09.01 16:59:05 INFO  Progress (1): 1.0/1.5 MB
2026.09.01 16:59:05 INFO  Progress (1): 1.0/1.5 MB
2026.09.01 16:59:05 INFO  Progress (1): 1.1/1.5 MB
2026.09.01 16:59:05 INFO  Progress (1): 1.1/1.5 MB
2026.09.01 16:59:05 INFO  Progress (1): 1.1/1.5 MB
2026.09.01 16:59:05 INFO  Progress (1): 1.1/1.5 MB
2026.09.01 16:59:05 INFO  Progress (1): 1.1/1.5 MB
2026.09.01 16:59:05 INFO  Progress (1): 1.1/1.5 MB
2026.09.01 16:59:05 INFO  Progress (1): 1.2/1.5 MB
2026.09.01 16:59:06 INFO  Progress (1): 1.2/1.5 MB
2026.09.01 16:59:06 INFO  Progress (1): 1.2/1.5 MB
2026.09.01 16:59:06 INFO  Progress (1): 1.2/1.5 MB
2026.09.01 16:59:06 INFO  Progress (1): 1.2/1.5 MB
2026.09.01 16:59:06 INFO  Progress (1): 1.2/1.5 MB
2026.09.01 16:59:06 INFO  Progress (1): 1.3/1.5 MB
2026.09.01 16:59:06 INFO  Progress (1): 1.3/1.5 MB
2026.09.01 16:59:06 INFO  Progress (1): 1.3/1.5 MB
2026.09.01 16:59:06 INFO  Progress (1): 1.3/1.5 MB
2026.09.01 16:59:06 INFO  Progress (1): 1.3/1.5 MB
2026.09.01 16:59:06 INFO  Progress (1): 1.3/1.5 MB
2026.09.01 16:59:06 INFO  Progress (1): 1.4/1.5 MB
2026.09.01 16:59:06 INFO  Progress (1): 1.4/1.5 MB
2026.09.01 16:59:06 INFO  Progress (1): 1.4/1.5 MB
2026.09.01 16:59:06 INFO  Progress (1): 1.4/1.5 MB
2026.09.01 16:59:06 INFO  Progress (1): 1.4/1.5 MB
2026.09.01 16:59:06 INFO  Progress (1): 1.4/1.5 MB
2026.09.01 16:59:06 INFO  Progress (1): 1.5/1.5 MB
2026.09.01 16:59:06 INFO  Progress (1): 1.5/1.5 MB
2026.09.01 16:59:07 INFO  Progress (1): 1.5/1.5 MB
2026.09.01 16:59:07 INFO  Progress (1): 1.5/1.5 MB
2026.09.01 16:59:07 INFO  Progress (1): 1.5 MB    
2026.09.01 16:59:07 INFO                      
2026.09.01 16:59:07 INFO  Downloaded from central: https://repo.maven.apache.org/maven2/org/springframework/spring-core/7.0.9/spring-core-7.0.9-sources.jar (1.5 MB at 240 kB/s)
2026.09.01 16:59:07 INFO  [INFO] SUCCESS: org.springframework:spring-core:jar:7.0.9:compile (sources = true)
2026.09.01 16:59:07 INFO  [INFO] Resolving artifact: org.springframework.security:spring-security-web:jar:7.1.1:compile (sources = false)
2026.09.01 16:59:07 INFO  [INFO] SUCCESS: org.springframework.security:spring-security-web:jar:7.1.1:compile (sources = false)
2026.09.01 16:59:07 INFO  [INFO] Resolving artifact: org.springframework.security:spring-security-web:jar:7.1.1:compile (sources = true)
2026.09.01 16:59:07 INFO  Downloading from central: https://repo.maven.apache.org/maven2/org/springframework/security/spring-security-web/7.1.1/spring-security-web-7.1.1-sources.jar
2026.09.01 16:59:07 INFO  Progress (1): 7.7/759 kB
2026.09.01 16:59:07 INFO  Progress (1): 8.2/759 kB
2026.09.01 16:59:07 INFO  Progress (1): 25/759 kB 
2026.09.01 16:59:07 INFO  Progress (1): 41/759 kB
2026.09.01 16:59:07 INFO  Progress (1): 57/759 kB
2026.09.01 16:59:07 INFO  Progress (1): 66/759 kB
2026.09.01 16:59:07 INFO  Progress (1): 82/759 kB
2026.09.01 16:59:07 INFO  Progress (1): 98/759 kB
2026.09.01 16:59:07 INFO  Progress (1): 115/759 kB
2026.09.01 16:59:07 INFO  Progress (1): 131/759 kB
2026.09.01 16:59:07 INFO  Progress (1): 147/759 kB
2026.09.01 16:59:07 INFO  Progress (1): 164/759 kB
2026.09.01 16:59:07 INFO  Progress (1): 180/759 kB
2026.09.01 16:59:07 INFO  Progress (1): 197/759 kB
2026.09.01 16:59:07 INFO  Progress (1): 213/759 kB
2026.09.01 16:59:08 INFO  Progress (1): 229/759 kB
2026.09.01 16:59:08 INFO  Progress (1): 246/759 kB
2026.09.01 16:59:08 INFO  Progress (1): 262/759 kB
2026.09.01 16:59:08 INFO  Progress (1): 279/759 kB
2026.09.01 16:59:08 INFO  Progress (1): 295/759 kB
2026.09.01 16:59:08 INFO  Progress (1): 311/759 kB
2026.09.01 16:59:08 INFO  Progress (1): 328/759 kB
2026.09.01 16:59:08 INFO  Progress (1): 344/759 kB
2026.09.01 16:59:08 INFO  Progress (1): 360/759 kB
2026.09.01 16:59:08 INFO  Progress (1): 377/759 kB
2026.09.01 16:59:08 INFO  Progress (1): 393/759 kB
2026.09.01 16:59:08 INFO  Progress (1): 410/759 kB
2026.09.01 16:59:08 INFO  Progress (1): 426/759 kB
2026.09.01 16:59:08 INFO  Progress (1): 442/759 kB
2026.09.01 16:59:08 INFO  Progress (1): 459/759 kB
2026.09.01 16:59:09 INFO  Progress (1): 475/759 kB
2026.09.01 16:59:09 INFO  Progress (1): 492/759 kB
2026.09.01 16:59:09 INFO  Progress (1): 508/759 kB
2026.09.01 16:59:09 INFO  Progress (1): 524/759 kB
2026.09.01 16:59:09 INFO  Progress (1): 541/759 kB
2026.09.01 16:59:09 INFO  Progress (1): 557/759 kB
2026.09.01 16:59:09 INFO  Progress (1): 573/759 kB
2026.09.01 16:59:09 INFO  Progress (1): 590/759 kB
2026.09.01 16:59:09 INFO  Progress (1): 606/759 kB
2026.09.01 16:59:09 INFO  Progress (1): 623/759 kB
2026.09.01 16:59:09 INFO  Progress (1): 639/759 kB
2026.09.01 16:59:09 INFO  Progress (1): 655/759 kB
2026.09.01 16:59:09 INFO  Progress (1): 672/759 kB
2026.09.01 16:59:09 INFO  Progress (1): 688/759 kB
2026.09.01 16:59:09 INFO  Progress (1): 705/759 kB
2026.09.01 16:59:09 INFO  Progress (1): 721/759 kB
2026.09.01 16:59:09 INFO  Progress (1): 737/759 kB
2026.09.01 16:59:09 INFO  Progress (1): 754/759 kB
2026.09.01 16:59:09 INFO  Progress (1): 759 kB    
2026.09.01 16:59:09 INFO                      
2026.09.01 16:59:09 INFO  Downloaded from central: https://repo.maven.apache.org/maven2/org/springframework/security/spring-security-web/7.1.1/spring-security-web-7.1.1-sources.jar (759 kB at 252 kB/s)
2026.09.01 16:59:09 INFO  [INFO] SUCCESS: org.springframework.security:spring-security-web:jar:7.1.1:compile (sources = true)
2026.09.01 16:59:09 INFO  [INFO] Resolving artifact: jakarta.inject:jakarta.inject-api:jar:2.0.1:runtime (sources = false)
2026.09.01 16:59:09 INFO  [INFO] SUCCESS: jakarta.inject:jakarta.inject-api:jar:2.0.1:runtime (sources = false)
2026.09.01 16:59:09 INFO  [INFO] Resolving artifact: jakarta.inject:jakarta.inject-api:jar:2.0.1:runtime (sources = true)
2026.09.01 16:59:09 INFO  [INFO] SUCCESS: jakarta.inject:jakarta.inject-api:jar:2.0.1:runtime (sources = true)
2026.09.01 16:59:09 INFO  [INFO] Resolving artifact: org.glassfish.jaxb:jaxb-runtime:jar:4.0.9:runtime (sources = false)
2026.09.01 16:59:09 INFO  [INFO] SUCCESS: org.glassfish.jaxb:jaxb-runtime:jar:4.0.9:runtime (sources = false)
2026.09.01 16:59:09 INFO  [INFO] Resolving artifact: org.glassfish.jaxb:jaxb-runtime:jar:4.0.9:runtime (sources = true)
2026.09.01 16:59:09 INFO  Downloading from central: https://repo.maven.apache.org/maven2/org/glassfish/jaxb/jaxb-runtime/4.0.9/jaxb-runtime-4.0.9-sources.jar
2026.09.01 16:59:10 INFO  Progress (1): 7.7/654 kB
2026.09.01 16:59:10 INFO  Progress (1): 16/654 kB 
2026.09.01 16:59:10 INFO  Progress (1): 32/654 kB
2026.09.01 16:59:10 INFO  Progress (1): 49/654 kB
2026.09.01 16:59:10 INFO  Progress (1): 65/654 kB
2026.09.01 16:59:10 INFO  Progress (1): 81/654 kB
2026.09.01 16:59:10 INFO  Progress (1): 98/654 kB
2026.09.01 16:59:10 INFO  Progress (1): 114/654 kB
2026.09.01 16:59:10 INFO  Progress (1): 131/654 kB
2026.09.01 16:59:10 INFO  Progress (1): 147/654 kB
2026.09.01 16:59:10 INFO  Progress (1): 163/654 kB
2026.09.01 16:59:10 INFO  Progress (1): 180/654 kB
2026.09.01 16:59:10 INFO  Progress (1): 196/654 kB
2026.09.01 16:59:10 INFO  Progress (1): 212/654 kB
2026.09.01 16:59:10 INFO  Progress (1): 229/654 kB
2026.09.01 16:59:10 INFO  Progress (1): 245/654 kB
2026.09.01 16:59:10 INFO  Progress (1): 262/654 kB
2026.09.01 16:59:11 INFO  Progress (1): 278/654 kB
2026.09.01 16:59:11 INFO  Progress (1): 294/654 kB
2026.09.01 16:59:11 INFO  Progress (1): 311/654 kB
2026.09.01 16:59:11 INFO  Progress (1): 327/654 kB
2026.09.01 16:59:11 INFO  Progress (1): 344/654 kB
2026.09.01 16:59:11 INFO  Progress (1): 360/654 kB
2026.09.01 16:59:11 INFO  Progress (1): 376/654 kB
2026.09.01 16:59:11 INFO  Progress (1): 393/654 kB
2026.09.01 16:59:11 INFO  Progress (1): 409/654 kB
2026.09.01 16:59:11 INFO  Progress (1): 425/654 kB
2026.09.01 16:59:11 INFO  Progress (1): 442/654 kB
2026.09.01 16:59:11 INFO  Progress (1): 458/654 kB
2026.09.01 16:59:11 INFO  Progress (1): 475/654 kB
2026.09.01 16:59:11 INFO  Progress (1): 491/654 kB
2026.09.01 16:59:11 INFO  Progress (1): 507/654 kB
2026.09.01 16:59:11 INFO  Progress (1): 524/654 kB
2026.09.01 16:59:11 INFO  Progress (1): 540/654 kB
2026.09.01 16:59:11 INFO  Progress (1): 557/654 kB
2026.09.01 16:59:13 INFO  Progress (1): 573/654 kB
2026.09.01 16:59:13 INFO  Progress (1): 589/654 kB
2026.09.01 16:59:13 INFO  Progress (1): 606/654 kB
2026.09.01 16:59:13 INFO  Progress (1): 622/654 kB
2026.09.01 16:59:13 INFO  Progress (1): 638/654 kB
2026.09.01 16:59:13 INFO  Progress (1): 654 kB    
2026.09.01 16:59:13 INFO                      
2026.09.01 16:59:13 INFO  Downloaded from central: https://repo.maven.apache.org/maven2/org/glassfish/jaxb/jaxb-runtime/4.0.9/jaxb-runtime-4.0.9-sources.jar (654 kB at 233 kB/s)
2026.09.01 16:59:13 INFO  [INFO] SUCCESS: org.glassfish.jaxb:jaxb-runtime:jar:4.0.9:runtime (sources = true)
2026.09.01 16:59:13 INFO  [INFO] Resolving artifact: org.springframework.boot:spring-boot-hibernate:jar:4.1.1:compile (sources = false)
2026.09.01 16:59:13 INFO  [INFO] SUCCESS: org.springframework.boot:spring-boot-hibernate:jar:4.1.1:compile (sources = false)
2026.09.01 16:59:13 INFO  [INFO] Resolving artifact: org.springframework.boot:spring-boot-hibernate:jar:4.1.1:compile (sources = true)
2026.09.01 16:59:13 INFO  Downloading from central: https://repo.maven.apache.org/maven2/org/springframework/boot/spring-boot-hibernate/4.1.1/spring-boot-hibernate-4.1.1-sources.jar
2026.09.01 16:59:13 INFO  Progress (1): 7.7/21 kB
2026.09.01 16:59:13 INFO  Progress (1): 16/21 kB 
2026.09.01 16:59:13 INFO  Progress (1): 21 kB   
2026.09.01 16:59:13 INFO  no build target found for C:\Users\USUARIO\Documents\farmacia\farmacia\src\main\java\com\example\farmacia\controller\FormulaController.java. Using fallback presentation compiler.
2026.09.01 16:59:13 INFO                     
2026.09.01 16:59:13 INFO  Downloaded from central: https://repo.maven.apache.org/maven2/org/springframework/boot/spring-boot-hibernate/4.1.1/spring-boot-hibernate-4.1.1-sources.jar (21 kB at 101 kB/s)
2026.09.01 16:59:13 INFO  [INFO] SUCCESS: org.springframework.boot:spring-boot-hibernate:jar:4.1.1:compile (sources = true)
2026.09.01 16:59:13 INFO  [INFO] Resolving artifact: org.apache.tomcat.embed:tomcat-embed-core:jar:11.0.24:compile (sources = false)
2026.09.01 16:59:13 INFO  [INFO] SUCCESS: org.apache.tomcat.embed:tomcat-embed-core:jar:11.0.24:compile (sources = false)
2026.09.01 16:59:13 INFO  [INFO] Resolving artifact: org.apache.tomcat.embed:tomcat-embed-core:jar:11.0.24:compile (sources = true)
2026.09.01 16:59:13 INFO  Downloading from central: https://repo.maven.apache.org/maven2/org/apache/tomcat/embed/tomcat-embed-core/11.0.24/tomcat-embed-core-11.0.24-sources.jar
2026.09.01 16:59:13 INFO  Progress (1): 0/3.9 MB
2026.09.01 16:59:13 INFO  Progress (1): 0/3.9 MB
2026.09.01 16:59:13 INFO  Progress (1): 0/3.9 MB
2026.09.01 16:59:13 INFO  Progress (1): 0/3.9 MB
2026.09.01 16:59:13 INFO  Progress (1): 0.1/3.9 MB
2026.09.01 16:59:13 INFO  Progress (1): 0.1/3.9 MB
2026.09.01 16:59:13 INFO  Progress (1): 0.1/3.9 MB
2026.09.01 16:59:13 INFO  Progress (1): 0.1/3.9 MB
2026.09.01 16:59:13 INFO  Progress (1): 0.1/3.9 MB
2026.09.01 16:59:13 INFO  Progress (1): 0.1/3.9 MB
2026.09.01 16:59:14 INFO  Progress (1): 0.1/3.9 MB
2026.09.01 16:59:14 INFO  Progress (1): 0.2/3.9 MB
2026.09.01 16:59:14 INFO  Progress (1): 0.2/3.9 MB
2026.09.01 16:59:14 INFO  Progress (1): 0.2/3.9 MB
2026.09.01 16:59:14 INFO  Progress (1): 0.2/3.9 MB
2026.09.01 16:59:14 INFO  Progress (1): 0.2/3.9 MB
2026.09.01 16:59:14 INFO  Progress (1): 0.2/3.9 MB
2026.09.01 16:59:14 INFO  Progress (1): 0.3/3.9 MB
2026.09.01 16:59:14 INFO  Progress (1): 0.3/3.9 MB
2026.09.01 16:59:14 INFO  Progress (1): 0.3/3.9 MB
2026.09.01 16:59:14 INFO  Progress (1): 0.3/3.9 MB
2026.09.01 16:59:14 INFO  Progress (1): 0.3/3.9 MB
2026.09.01 16:59:14 INFO  Progress (1): 0.3/3.9 MB
2026.09.01 16:59:14 INFO  Progress (1): 0.4/3.9 MB
2026.09.01 16:59:14 INFO  Progress (1): 0.4/3.9 MB
2026.09.01 16:59:14 INFO  Progress (1): 0.4/3.9 MB
2026.09.01 16:59:14 INFO  Progress (1): 0.4/3.9 MB
2026.09.01 16:59:15 INFO  no build target found for C:\Users\USUARIO\Documents\farmacia\farmacia\src\main\java\com\example\farmacia\controller\FormulaController.java. Using fallback presentation compiler.
2026.09.01 16:59:14 INFO  Progress (1): 0.4/3.9 MB
2026.09.01 16:59:14 INFO  Progress (1): 0.4/3.9 MB
2026.09.01 16:59:14 INFO  Progress (1): 0.5/3.9 MB
2026.09.01 16:59:15 INFO  Progress (1): 0.5/3.9 MB
2026.09.01 16:59:15 INFO  Progress (1): 0.5/3.9 MB
2026.09.01 16:59:15 INFO  Progress (1): 0.5/3.9 MB
2026.09.01 16:59:15 INFO  Progress (1): 0.5/3.9 MB
2026.09.01 16:59:15 INFO  Progress (1): 0.5/3.9 MB
2026.09.01 16:59:15 INFO  Progress (1): 0.6/3.9 MB
2026.09.01 16:59:15 INFO  Progress (1): 0.6/3.9 MB
2026.09.01 16:59:15 INFO  Progress (1): 0.6/3.9 MB
2026.09.01 16:59:15 INFO  Progress (1): 0.6/3.9 MB
2026.09.01 16:59:15 INFO  Progress (1): 0.6/3.9 MB
2026.09.01 16:59:15 INFO  Progress (1): 0.6/3.9 MB
2026.09.01 16:59:15 INFO  Progress (1): 0.7/3.9 MB
2026.09.01 16:59:15 INFO  no build target found for C:\Users\USUARIO\Documents\farmacia\farmacia\src\main\java\com\example\farmacia\controller\FormulaController.java. Using fallback presentation compiler.
2026.09.01 16:59:15 INFO  Progress (1): 0.7/3.9 MB
2026.09.01 16:59:15 INFO  Progress (1): 0.7/3.9 MB
2026.09.01 16:59:15 INFO  Progress (1): 0.7/3.9 MB
2026.09.01 16:59:15 INFO  Progress (1): 0.7/3.9 MB
2026.09.01 16:59:15 INFO  Progress (1): 0.7/3.9 MB
2026.09.01 16:59:15 INFO  Progress (1): 0.8/3.9 MB
2026.09.01 16:59:15 INFO  Progress (1): 0.8/3.9 MB
2026.09.01 16:59:15 INFO  Progress (1): 0.8/3.9 MB
2026.09.01 16:59:16 INFO  Progress (1): 0.8/3.9 MB
2026.09.01 16:59:16 INFO  Progress (1): 0.8/3.9 MB
2026.09.01 16:59:16 INFO  Progress (1): 0.8/3.9 MB
2026.09.01 16:59:16 INFO  Progress (1): 0.9/3.9 MB
2026.09.01 16:59:16 INFO  Progress (1): 0.9/3.9 MB
2026.09.01 16:59:16 INFO  no build target found for C:\Users\USUARIO\Documents\farmacia\farmacia\src\main\java\com\example\farmacia\controller\FormulaController.java. Using fallback presentation compiler.
2026.09.01 16:59:16 INFO  Progress (1): 0.9/3.9 MB
2026.09.01 16:59:16 INFO  Progress (1): 0.9/3.9 MB
2026.09.01 16:59:16 INFO  Progress (1): 0.9/3.9 MB
2026.09.01 16:59:16 INFO  Progress (1): 0.9/3.9 MB
2026.09.01 16:59:16 INFO  Progress (1): 1.0/3.9 MB
2026.09.01 16:59:16 INFO  Progress (1): 1.0/3.9 MB
2026.09.01 16:59:16 INFO  Progress (1): 1.0/3.9 MB
2026.09.01 16:59:16 INFO  Progress (1): 1.0/3.9 MB
2026.09.01 16:59:16 INFO  Progress (1): 1.0/3.9 MB
2026.09.01 16:59:16 INFO  Progress (1): 1.0/3.9 MB
2026.09.01 16:59:16 INFO  Progress (1): 1.0/3.9 MB
2026.09.01 16:59:16 INFO  Progress (1): 1.1/3.9 MB
2026.09.01 16:59:17 INFO  Progress (1): 1.1/3.9 MB
2026.09.01 16:59:17 INFO  Progress (1): 1.1/3.9 MB
2026.09.01 16:59:17 INFO  Progress (1): 1.1/3.9 MB
2026.09.01 16:59:17 INFO  Progress (1): 1.1/3.9 MB
2026.09.01 16:59:17 INFO  Progress (1): 1.1/3.9 MB
2026.09.01 16:59:17 INFO  Progress (1): 1.2/3.9 MB
2026.09.01 16:59:18 INFO  no build target found for C:\Users\USUARIO\Documents\farmacia\farmacia\src\main\java\com\example\farmacia\controller\FormulaController.java. Using fallback presentation compiler.
2026.09.01 16:59:17 INFO  Progress (1): 1.2/3.9 MB
2026.09.01 16:59:17 INFO  Progress (1): 1.2/3.9 MB
2026.09.01 16:59:17 INFO  Progress (1): 1.2/3.9 MB
2026.09.01 16:59:17 INFO  Progress (1): 1.2/3.9 MB
2026.09.01 16:59:17 INFO  Progress (1): 1.2/3.9 MB
2026.09.01 16:59:17 INFO  Progress (1): 1.3/3.9 MB
2026.09.01 16:59:18 INFO  no build target found for C:\Users\USUARIO\Documents\farmacia\farmacia\src\main\java\com\example\farmacia\controller\FormulaController.java. Using fallback presentation compiler.
2026.09.01 16:59:17 INFO  Progress (1): 1.3/3.9 MB
2026.09.01 16:59:17 INFO  Progress (1): 1.3/3.9 MB
2026.09.01 16:59:17 INFO  Progress (1): 1.3/3.9 MB
2026.09.01 16:59:17 INFO  Progress (1): 1.3/3.9 MB
2026.09.01 16:59:18 INFO  Progress (1): 1.3/3.9 MB
2026.09.01 16:59:18 INFO  Progress (1): 1.4/3.9 MB
2026.09.01 16:59:18 INFO  Progress (1): 1.4/3.9 MB
2026.09.01 16:59:18 INFO  Progress (1): 1.4/3.9 MB
2026.09.01 16:59:18 INFO  Progress (1): 1.4/3.9 MB
2026.09.01 16:59:18 INFO  Progress (1): 1.4/3.9 MB
2026.09.01 16:59:18 INFO  Progress (1): 1.4/3.9 MB
2026.09.01 16:59:18 INFO  Progress (1): 1.5/3.9 MB
2026.09.01 16:59:18 INFO  Progress (1): 1.5/3.9 MB
2026.09.01 16:59:18 INFO  Progress (1): 1.5/3.9 MB
2026.09.01 16:59:18 INFO  Progress (1): 1.5/3.9 MB
2026.09.01 16:59:18 INFO  Progress (1): 1.5/3.9 MB
2026.09.01 16:59:18 INFO  Progress (1): 1.5/3.9 MB
2026.09.01 16:59:18 INFO  Progress (1): 1.6/3.9 MB
2026.09.01 16:59:18 INFO  Progress (1): 1.6/3.9 MB
2026.09.01 16:59:18 INFO  Progress (1): 1.6/3.9 MB
2026.09.01 16:59:18 INFO  Progress (1): 1.6/3.9 MB
2026.09.01 16:59:18 INFO  Progress (1): 1.6/3.9 MB
2026.09.01 16:59:19 INFO  Progress (1): 1.6/3.9 MB
2026.09.01 16:59:19 INFO  Progress (1): 1.7/3.9 MB
2026.09.01 16:59:19 INFO  Progress (1): 1.7/3.9 MB
2026.09.01 16:59:19 INFO  Progress (1): 1.7/3.9 MB
2026.09.01 16:59:19 INFO  Progress (1): 1.7/3.9 MB
2026.09.01 16:59:19 INFO  Progress (1): 1.7/3.9 MB
2026.09.01 16:59:19 INFO  Progress (1): 1.7/3.9 MB
2026.09.01 16:59:19 INFO  Progress (1): 1.8/3.9 MB
2026.09.01 16:59:19 INFO  Progress (1): 1.8/3.9 MB
2026.09.01 16:59:19 INFO  Progress (1): 1.8/3.9 MB
2026.09.01 16:59:19 INFO  Progress (1): 1.8/3.9 MB
2026.09.01 16:59:19 INFO  Progress (1): 1.8/3.9 MB
2026.09.01 16:59:19 INFO  Progress (1): 1.8/3.9 MB
2026.09.01 16:59:19 INFO  Progress (1): 1.9/3.9 MB
2026.09.01 16:59:21 INFO  Progress (1): 1.9/3.9 MB
2026.09.01 16:59:21 INFO  Progress (1): 1.9/3.9 MB
2026.09.01 16:59:21 INFO  Progress (1): 1.9/3.9 MB
2026.09.01 16:59:21 INFO  Progress (1): 1.9/3.9 MB
2026.09.01 16:59:21 INFO  Progress (1): 1.9/3.9 MB
2026.09.01 16:59:21 INFO  Progress (1): 1.9/3.9 MB
2026.09.01 16:59:21 INFO  Progress (1): 2.0/3.9 MB
2026.09.01 16:59:21 INFO  Progress (1): 2.0/3.9 MB
2026.09.01 16:59:21 INFO  Progress (1): 2.0/3.9 MB
2026.09.01 16:59:21 INFO  Progress (1): 2.0/3.9 MB
2026.09.01 16:59:21 INFO  Progress (1): 2.0/3.9 MB
2026.09.01 16:59:21 INFO  Progress (1): 2.0/3.9 MB
2026.09.01 16:59:21 INFO  Progress (1): 2.1/3.9 MB
2026.09.01 16:59:21 INFO  Progress (1): 2.1/3.9 MB
2026.09.01 16:59:21 INFO  Progress (1): 2.1/3.9 MB
2026.09.01 16:59:21 INFO  Progress (1): 2.1/3.9 MB
2026.09.01 16:59:22 INFO  Progress (1): 2.1/3.9 MB
2026.09.01 16:59:22 INFO  Progress (1): 2.1/3.9 MB
2026.09.01 16:59:22 INFO  Progress (1): 2.2/3.9 MB
2026.09.01 16:59:22 INFO  Progress (1): 2.2/3.9 MB
2026.09.01 16:59:22 INFO  Progress (1): 2.2/3.9 MB
2026.09.01 16:59:22 INFO  Progress (1): 2.2/3.9 MB
2026.09.01 16:59:22 INFO  Progress (1): 2.2/3.9 MB
2026.09.01 16:59:22 INFO  Progress (1): 2.2/3.9 MB
2026.09.01 16:59:22 INFO  Progress (1): 2.3/3.9 MB
2026.09.01 16:59:22 INFO  Progress (1): 2.3/3.9 MB
2026.09.01 16:59:23 INFO  Progress (1): 2.3/3.9 MB
2026.09.01 16:59:23 INFO  Progress (1): 2.3/3.9 MB
2026.09.01 16:59:23 INFO  Progress (1): 2.3/3.9 MB
2026.09.01 16:59:23 INFO  Progress (1): 2.3/3.9 MB
2026.09.01 16:59:23 INFO  Progress (1): 2.4/3.9 MB
2026.09.01 16:59:23 INFO  Progress (1): 2.4/3.9 MB
2026.09.01 16:59:23 INFO  Progress (1): 2.4/3.9 MB
2026.09.01 16:59:23 INFO  Progress (1): 2.4/3.9 MB
2026.09.01 16:59:23 INFO  Progress (1): 2.4/3.9 MB
2026.09.01 16:59:24 INFO  Progress (1): 2.4/3.9 MB
2026.09.01 16:59:24 INFO  Progress (1): 2.4/3.9 MB
2026.09.01 16:59:24 INFO  Progress (1): 2.5/3.9 MB
2026.09.01 16:59:24 INFO  Progress (1): 2.5/3.9 MB
2026.09.01 16:59:24 INFO  Progress (1): 2.5/3.9 MB
2026.09.01 16:59:24 INFO  Progress (1): 2.5/3.9 MB
2026.09.01 16:59:24 INFO  Progress (1): 2.5/3.9 MB
2026.09.01 16:59:24 INFO  Progress (1): 2.5/3.9 MB
2026.09.01 16:59:24 INFO  Progress (1): 2.6/3.9 MB
2026.09.01 16:59:26 INFO  Progress (1): 2.6/3.9 MB
2026.09.01 16:59:26 INFO  Progress (1): 2.6/3.9 MB
2026.09.01 16:59:26 INFO  Progress (1): 2.6/3.9 MB
2026.09.01 16:59:26 INFO  Progress (1): 2.6/3.9 MB
2026.09.01 16:59:26 INFO  Progress (1): 2.6/3.9 MB
2026.09.01 16:59:26 INFO  Progress (1): 2.7/3.9 MB
2026.09.01 16:59:26 INFO  Progress (1): 2.7/3.9 MB
2026.09.01 16:59:26 INFO  Progress (1): 2.7/3.9 MB
2026.09.01 16:59:27 INFO  Progress (1): 2.7/3.9 MB
2026.09.01 16:59:27 INFO  Progress (1): 2.7/3.9 MB
2026.09.01 16:59:27 INFO  Progress (1): 2.7/3.9 MB
2026.09.01 16:59:27 INFO  Progress (1): 2.8/3.9 MB
2026.09.01 16:59:27 INFO  Progress (1): 2.8/3.9 MB
2026.09.01 16:59:27 INFO  Progress (1): 2.8/3.9 MB
2026.09.01 16:59:27 INFO  Progress (1): 2.8/3.9 MB
2026.09.01 16:59:27 INFO  Progress (1): 2.8/3.9 MB
2026.09.01 16:59:28 INFO  Progress (1): 2.8/3.9 MB
2026.09.01 16:59:28 INFO  Progress (1): 2.9/3.9 MB
2026.09.01 16:59:28 INFO  Progress (1): 2.9/3.9 MB
2026.09.01 16:59:28 INFO  Progress (1): 2.9/3.9 MB
2026.09.01 16:59:28 INFO  Progress (1): 2.9/3.9 MB
2026.09.01 16:59:28 INFO  Progress (1): 2.9/3.9 MB
2026.09.01 16:59:28 INFO  Progress (1): 2.9/3.9 MB
2026.09.01 16:59:28 INFO  Progress (1): 3.0/3.9 MB
2026.09.01 16:59:29 INFO  Progress (1): 3.0/3.9 MB
2026.09.01 16:59:29 INFO  Progress (1): 3.0/3.9 MB
2026.09.01 16:59:29 INFO  Progress (1): 3.0/3.9 MB
2026.09.01 16:59:29 INFO  Progress (1): 3.0/3.9 MB
2026.09.01 16:59:29 INFO  Progress (1): 3.0/3.9 MB
2026.09.01 16:59:29 INFO  Progress (1): 3.1/3.9 MB
2026.09.01 16:59:29 INFO  Progress (1): 3.1/3.9 MB
2026.09.01 16:59:29 INFO  Progress (1): 3.1/3.9 MB
2026.09.01 16:59:29 INFO  Progress (1): 3.1/3.9 MB
2026.09.01 16:59:29 INFO  Progress (1): 3.1/3.9 MB
2026.09.01 16:59:29 INFO  Progress (1): 3.1/3.9 MB
2026.09.01 16:59:30 INFO  Progress (1): 3.1/3.9 MB
2026.09.01 16:59:30 INFO  Progress (1): 3.2/3.9 MB
2026.09.01 16:59:30 INFO  Progress (1): 3.2/3.9 MB
2026.09.01 16:59:30 INFO  Progress (1): 3.2/3.9 MB
2026.09.01 16:59:30 INFO  Progress (1): 3.2/3.9 MB
2026.09.01 16:59:30 INFO  Progress (1): 3.2/3.9 MB
2026.09.01 16:59:30 INFO  Progress (1): 3.2/3.9 MB
2026.09.01 16:59:30 INFO  Progress (1): 3.3/3.9 MB
2026.09.01 16:59:30 INFO  Progress (1): 3.3/3.9 MB
2026.09.01 16:59:30 INFO  Progress (1): 3.3/3.9 MB
2026.09.01 16:59:30 INFO  Progress (1): 3.3/3.9 MB
2026.09.01 16:59:30 INFO  Progress (1): 3.3/3.9 MB
2026.09.01 16:59:30 INFO  Progress (1): 3.3/3.9 MB
2026.09.01 16:59:30 INFO  Progress (1): 3.4/3.9 MB
2026.09.01 16:59:31 INFO  Progress (1): 3.4/3.9 MB
2026.09.01 16:59:31 INFO  Progress (1): 3.4/3.9 MB
2026.09.01 16:59:31 INFO  Progress (1): 3.4/3.9 MB
2026.09.01 16:59:31 INFO  Progress (1): 3.4/3.9 MB
2026.09.01 16:59:31 INFO  Progress (1): 3.4/3.9 MB
2026.09.01 16:59:31 INFO  Progress (1): 3.5/3.9 MB
2026.09.01 16:59:31 INFO  Progress (1): 3.5/3.9 MB
2026.09.01 16:59:31 INFO  Progress (1): 3.5/3.9 MB
2026.09.01 16:59:31 INFO  Progress (1): 3.5/3.9 MB
2026.09.01 16:59:32 INFO  Progress (1): 3.5/3.9 MB
2026.09.01 16:59:32 INFO  Progress (1): 3.5/3.9 MB
2026.09.01 16:59:32 INFO  Progress (1): 3.6/3.9 MB
2026.09.01 16:59:32 INFO  Progress (1): 3.6/3.9 MB
2026.09.01 16:59:32 INFO  Progress (1): 3.6/3.9 MB
2026.09.01 16:59:32 INFO  Progress (1): 3.6/3.9 MB
2026.09.01 16:59:32 INFO  Progress (1): 3.6/3.9 MB
2026.09.01 16:59:32 INFO  Progress (1): 3.6/3.9 MB
2026.09.01 16:59:32 INFO  Progress (1): 3.7/3.9 MB
2026.09.01 16:59:32 INFO  Progress (1): 3.7/3.9 MB
2026.09.01 16:59:32 INFO  Progress (1): 3.7/3.9 MB
2026.09.01 16:59:32 INFO  Progress (1): 3.7/3.9 MB
2026.09.01 16:59:32 INFO  Progress (1): 3.7/3.9 MB
2026.09.01 16:59:33 INFO  Progress (1): 3.7/3.9 MB
2026.09.01 16:59:33 INFO  Progress (1): 3.8/3.9 MB
2026.09.01 16:59:33 INFO  Progress (1): 3.8/3.9 MB
2026.09.01 16:59:33 INFO  Progress (1): 3.8/3.9 MB
2026.09.01 16:59:33 INFO  Progress (1): 3.8/3.9 MB
2026.09.01 16:59:33 INFO  Progress (1): 3.8/3.9 MB
2026.09.01 16:59:33 INFO  Progress (1): 3.8/3.9 MB
2026.09.01 16:59:33 INFO  Progress (1): 3.9/3.9 MB
2026.09.01 16:59:33 INFO  Progress (1): 3.9/3.9 MB
2026.09.01 16:59:33 INFO  Progress (1): 3.9 MB    
2026.09.01 16:59:33 INFO                      
2026.09.01 16:59:33 INFO  Downloaded from central: https://repo.maven.apache.org/maven2/org/apache/tomcat/embed/tomcat-embed-core/11.0.24/tomcat-embed-core-11.0.24-sources.jar (3.9 MB at 186 kB/s)
2026.09.01 16:59:33 INFO  [INFO] SUCCESS: org.apache.tomcat.embed:tomcat-embed-core:jar:11.0.24:compile (sources = true)
2026.09.01 16:59:33 INFO  [INFO] Resolving artifact: org.springframework.boot:spring-boot-starter:jar:4.1.1:compile (sources = false)
2026.09.01 16:59:33 INFO  [INFO] SUCCESS: org.springframework.boot:spring-boot-starter:jar:4.1.1:compile (sources = false)
2026.09.01 16:59:33 INFO  [INFO] Resolving artifact: org.springframework.boot:spring-boot-starter:jar:4.1.1:compile (sources = true)
2026.09.01 16:59:33 INFO  Downloading from central: https://repo.maven.apache.org/maven2/org/springframework/boot/spring-boot-starter/4.1.1/spring-boot-starter-4.1.1-sources.jar
2026.09.01 16:59:33 INFO  Progress (1): 4.8 kB
2026.09.01 16:59:33 INFO                      
2026.09.01 16:59:33 INFO  Downloaded from central: https://repo.maven.apache.org/maven2/org/springframework/boot/spring-boot-starter/4.1.1/spring-boot-starter-4.1.1-sources.jar (4.8 kB at 44 kB/s)
2026.09.01 16:59:33 INFO  [INFO] SUCCESS: org.springframework.boot:spring-boot-starter:jar:4.1.1:compile (sources = true)
2026.09.01 16:59:33 INFO  [INFO] Resolving artifact: org.springframework.boot:spring-boot-jpa:jar:4.1.1:compile (sources = false)
2026.09.01 16:59:33 INFO  [INFO] SUCCESS: org.springframework.boot:spring-boot-jpa:jar:4.1.1:compile (sources = false)
2026.09.01 16:59:33 INFO  [INFO] Resolving artifact: org.springframework.boot:spring-boot-jpa:jar:4.1.1:compile (sources = true)
2026.09.01 16:59:33 INFO  Downloading from central: https://repo.maven.apache.org/maven2/org/springframework/boot/spring-boot-jpa/4.1.1/spring-boot-jpa-4.1.1-sources.jar
2026.09.01 16:59:35 INFO  Progress (1): 7.7/22 kB
2026.09.01 16:59:35 INFO  Progress (1): 16/22 kB 
2026.09.01 16:59:35 INFO  Progress (1): 22 kB   
2026.09.01 16:59:35 INFO                     
2026.09.01 16:59:35 INFO  Downloaded from central: https://repo.maven.apache.org/maven2/org/springframework/boot/spring-boot-jpa/4.1.1/spring-boot-jpa-4.1.1-sources.jar (22 kB at 61 kB/s)
2026.09.01 16:59:35 INFO  [INFO] SUCCESS: org.springframework.boot:spring-boot-jpa:jar:4.1.1:compile (sources = true)
2026.09.01 16:59:35 INFO  [INFO] Resolving artifact: org.springframework.boot:spring-boot-persistence:jar:4.1.1:compile (sources = false)
2026.09.01 16:59:35 INFO  [INFO] SUCCESS: org.springframework.boot:spring-boot-persistence:jar:4.1.1:compile (sources = false)
2026.09.01 16:59:35 INFO  [INFO] Resolving artifact: org.springframework.boot:spring-boot-persistence:jar:4.1.1:compile (sources = true)
2026.09.01 16:59:35 INFO  Downloading from central: https://repo.maven.apache.org/maven2/org/springframework/boot/spring-boot-persistence/4.1.1/spring-boot-persistence-4.1.1-sources.jar
2026.09.01 16:59:35 INFO  Progress (1): 7.7/13 kB
2026.09.01 16:59:35 INFO  Progress (1): 13 kB    
2026.09.01 16:59:35 INFO                     
2026.09.01 16:59:35 INFO  Downloaded from central: https://repo.maven.apache.org/maven2/org/springframework/boot/spring-boot-persistence/4.1.1/spring-boot-persistence-4.1.1-sources.jar (13 kB at 82 kB/s)
2026.09.01 16:59:35 INFO  [INFO] SUCCESS: org.springframework.boot:spring-boot-persistence:jar:4.1.1:compile (sources = true)
2026.09.01 16:59:35 INFO  [INFO] Resolving artifact: org.unbescape:unbescape:jar:1.1.6.RELEASE:compile (sources = false)
2026.09.01 16:59:35 INFO  [INFO] SUCCESS: org.unbescape:unbescape:jar:1.1.6.RELEASE:compile (sources = false)
2026.09.01 16:59:35 INFO  [INFO] Resolving artifact: org.unbescape:unbescape:jar:1.1.6.RELEASE:compile (sources = true)
2026.09.01 16:59:35 INFO  [INFO] SUCCESS: org.unbescape:unbescape:jar:1.1.6.RELEASE:compile (sources = true)
2026.09.01 16:59:35 INFO  [INFO] Resolving artifact: org.springframework.boot:spring-boot-sql:jar:4.1.1:compile (sources = false)
2026.09.01 16:59:35 INFO  [INFO] SUCCESS: org.springframework.boot:spring-boot-sql:jar:4.1.1:compile (sources = false)
2026.09.01 16:59:35 INFO  [INFO] Resolving artifact: org.springframework.boot:spring-boot-sql:jar:4.1.1:compile (sources = true)
2026.09.01 16:59:35 INFO  Downloading from central: https://repo.maven.apache.org/maven2/org/springframework/boot/spring-boot-sql/4.1.1/spring-boot-sql-4.1.1-sources.jar
2026.09.01 16:59:35 INFO  Progress (1): 7.7/31 kB
2026.09.01 16:59:35 INFO  Progress (1): 8.2/31 kB
2026.09.01 16:59:35 INFO  Progress (1): 25/31 kB 
2026.09.01 16:59:35 INFO  Progress (1): 31 kB   
2026.09.01 16:59:35 INFO                     
2026.09.01 16:59:35 INFO  Downloaded from central: https://repo.maven.apache.org/maven2/org/springframework/boot/spring-boot-sql/4.1.1/spring-boot-sql-4.1.1-sources.jar (31 kB at 106 kB/s)
2026.09.01 16:59:35 INFO  [INFO] SUCCESS: org.springframework.boot:spring-boot-sql:jar:4.1.1:compile (sources = true)
2026.09.01 16:59:35 INFO  [INFO] Resolving artifact: org.springframework.boot:spring-boot-starter-security:jar:4.1.1:compile (sources = false)
2026.09.01 16:59:35 INFO  [INFO] SUCCESS: org.springframework.boot:spring-boot-starter-security:jar:4.1.1:compile (sources = false)
2026.09.01 16:59:35 INFO  [INFO] Resolving artifact: org.springframework.boot:spring-boot-starter-security:jar:4.1.1:compile (sources = true)
2026.09.01 16:59:35 INFO  Downloading from central: https://repo.maven.apache.org/maven2/org/springframework/boot/spring-boot-starter-security/4.1.1/spring-boot-starter-security-4.1.1-sources.jar
2026.09.01 16:59:35 INFO  Progress (1): 4.7 kB
2026.09.01 16:59:35 INFO                      
2026.09.01 16:59:35 INFO  Downloaded from central: https://repo.maven.apache.org/maven2/org/springframework/boot/spring-boot-starter-security/4.1.1/spring-boot-starter-security-4.1.1-sources.jar (4.7 kB at 16 kB/s)
2026.09.01 16:59:35 INFO  [INFO] SUCCESS: org.springframework.boot:spring-boot-starter-security:jar:4.1.1:compile (sources = true)
2026.09.01 16:59:35 INFO  [INFO] Resolving artifact: org.springframework.boot:spring-boot-starter-tomcat:jar:4.1.1:compile (sources = false)
2026.09.01 16:59:35 INFO  [INFO] SUCCESS: org.springframework.boot:spring-boot-starter-tomcat:jar:4.1.1:compile (sources = false)
2026.09.01 16:59:35 INFO  [INFO] Resolving artifact: org.springframework.boot:spring-boot-starter-tomcat:jar:4.1.1:compile (sources = true)
2026.09.01 16:59:35 INFO  Downloading from central: https://repo.maven.apache.org/maven2/org/springframework/boot/spring-boot-starter-tomcat/4.1.1/spring-boot-starter-tomcat-4.1.1-sources.jar
2026.09.01 16:59:36 INFO  Progress (1): 3.2/4.8 kB
2026.09.01 16:59:36 INFO  Progress (1): 4.8 kB    
2026.09.01 16:59:36 INFO                      
2026.09.01 16:59:36 INFO  Downloaded from central: https://repo.maven.apache.org/maven2/org/springframework/boot/spring-boot-starter-tomcat/4.1.1/spring-boot-starter-tomcat-4.1.1-sources.jar (4.8 kB at 17 kB/s)
2026.09.01 16:59:36 INFO  [INFO] SUCCESS: org.springframework.boot:spring-boot-starter-tomcat:jar:4.1.1:compile (sources = true)
2026.09.01 16:59:36 INFO  [INFO] Resolving artifact: tools.jackson.core:jackson-databind:jar:3.1.5:compile (sources = false)
2026.09.01 16:59:36 INFO  [INFO] SUCCESS: tools.jackson.core:jackson-databind:jar:3.1.5:compile (sources = false)
2026.09.01 16:59:36 INFO  [INFO] Resolving artifact: tools.jackson.core:jackson-databind:jar:3.1.5:compile (sources = true)
2026.09.01 16:59:36 INFO  Downloading from central: https://repo.maven.apache.org/maven2/tools/jackson/core/jackson-databind/3.1.5/jackson-databind-3.1.5-sources.jar
2026.09.01 16:59:36 INFO  Progress (1): 0/1.3 MB
2026.09.01 16:59:36 INFO  Progress (1): 0/1.3 MB
2026.09.01 16:59:36 INFO  Progress (1): 0/1.3 MB
2026.09.01 16:59:36 INFO  Progress (1): 0.1/1.3 MB
2026.09.01 16:59:36 INFO  Progress (1): 0.1/1.3 MB
2026.09.01 16:59:36 INFO  Progress (1): 0.1/1.3 MB
2026.09.01 16:59:36 INFO  Progress (1): 0.1/1.3 MB
2026.09.01 16:59:36 INFO  Progress (1): 0.1/1.3 MB
2026.09.01 16:59:36 INFO  Progress (1): 0.1/1.3 MB
2026.09.01 16:59:36 INFO  Progress (1): 0.1/1.3 MB
2026.09.01 16:59:36 INFO  Progress (1): 0.2/1.3 MB
2026.09.01 16:59:37 INFO  Progress (1): 0.2/1.3 MB
2026.09.01 16:59:37 INFO  Progress (1): 0.2/1.3 MB
2026.09.01 16:59:37 INFO  Progress (1): 0.2/1.3 MB
2026.09.01 16:59:37 INFO  Progress (1): 0.2/1.3 MB
2026.09.01 16:59:37 INFO  Progress (1): 0.2/1.3 MB
2026.09.01 16:59:37 INFO  Progress (1): 0.3/1.3 MB
2026.09.01 16:59:37 INFO  Progress (1): 0.3/1.3 MB
2026.09.01 16:59:37 INFO  Progress (1): 0.3/1.3 MB
2026.09.01 16:59:37 INFO  Progress (1): 0.3/1.3 MB
2026.09.01 16:59:37 INFO  Progress (1): 0.3/1.3 MB
2026.09.01 16:59:37 INFO  Progress (1): 0.3/1.3 MB
2026.09.01 16:59:37 INFO  Progress (1): 0.4/1.3 MB
2026.09.01 16:59:37 INFO  Progress (1): 0.4/1.3 MB
2026.09.01 16:59:37 INFO  Progress (1): 0.4/1.3 MB
2026.09.01 16:59:37 INFO  Progress (1): 0.4/1.3 MB
2026.09.01 16:59:38 INFO  Progress (1): 0.4/1.3 MB
2026.09.01 16:59:38 INFO  Progress (1): 0.4/1.3 MB
2026.09.01 16:59:38 INFO  Progress (1): 0.5/1.3 MB
2026.09.01 16:59:38 INFO  Progress (1): 0.5/1.3 MB
2026.09.01 16:59:38 INFO  Progress (1): 0.5/1.3 MB
2026.09.01 16:59:38 INFO  Progress (1): 0.5/1.3 MB
2026.09.01 16:59:38 INFO  Progress (1): 0.5/1.3 MB
2026.09.01 16:59:38 INFO  Progress (1): 0.5/1.3 MB
2026.09.01 16:59:38 INFO  Progress (1): 0.6/1.3 MB
2026.09.01 16:59:38 INFO  Progress (1): 0.6/1.3 MB
2026.09.01 16:59:40 INFO  Progress (1): 0.6/1.3 MB
2026.09.01 16:59:40 INFO  Progress (1): 0.6/1.3 MB
2026.09.01 16:59:40 INFO  Progress (1): 0.6/1.3 MB
2026.09.01 16:59:40 INFO  Progress (1): 0.6/1.3 MB
2026.09.01 16:59:40 INFO  Progress (1): 0.7/1.3 MB
2026.09.01 16:59:40 INFO  Progress (1): 0.7/1.3 MB
2026.09.01 16:59:40 INFO  Progress (1): 0.7/1.3 MB
2026.09.01 16:59:40 INFO  Progress (1): 0.7/1.3 MB
2026.09.01 16:59:40 INFO  Progress (1): 0.7/1.3 MB
2026.09.01 16:59:40 INFO  Progress (1): 0.7/1.3 MB
2026.09.01 16:59:40 INFO  Progress (1): 0.7/1.3 MB
2026.09.01 16:59:41 INFO  Progress (1): 0.7/1.3 MB
2026.09.01 16:59:41 INFO  Progress (1): 0.8/1.3 MB
2026.09.01 16:59:41 INFO  Progress (1): 0.8/1.3 MB
2026.09.01 16:59:41 INFO  Progress (1): 0.8/1.3 MB
2026.09.01 16:59:41 INFO  Progress (1): 0.8/1.3 MB
2026.09.01 16:59:41 INFO  Progress (1): 0.8/1.3 MB
2026.09.01 16:59:41 INFO  Progress (1): 0.8/1.3 MB
2026.09.01 16:59:41 INFO  Progress (1): 0.8/1.3 MB
2026.09.01 16:59:41 INFO  Progress (1): 0.9/1.3 MB
2026.09.01 16:59:41 INFO  Progress (1): 0.9/1.3 MB
2026.09.01 16:59:42 INFO  Progress (1): 0.9/1.3 MB
2026.09.01 16:59:42 INFO  Progress (1): 0.9/1.3 MB
2026.09.01 16:59:42 INFO  Progress (1): 0.9/1.3 MB
2026.09.01 16:59:42 INFO  Progress (1): 0.9/1.3 MB
2026.09.01 16:59:42 INFO  Progress (1): 1.0/1.3 MB
2026.09.01 16:59:42 INFO  Progress (1): 1.0/1.3 MB
2026.09.01 16:59:42 INFO  Progress (1): 1.0/1.3 MB
2026.09.01 16:59:42 INFO  Progress (1): 1.0/1.3 MB
2026.09.01 16:59:42 INFO  Progress (1): 1.0/1.3 MB
2026.09.01 16:59:42 INFO  Progress (1): 1.0/1.3 MB
2026.09.01 16:59:42 INFO  no build target found for C:\Users\USUARIO\Documents\farmacia\farmacia\src\main\java\com\example\farmacia\controller\FormulaController.java. Using fallback presentation compiler.
2026.09.01 16:59:42 INFO  Progress (1): 1.1/1.3 MB
2026.09.01 16:59:42 INFO  Progress (1): 1.1/1.3 MB
2026.09.01 16:59:42 INFO  Progress (1): 1.1/1.3 MB
2026.09.01 16:59:42 INFO  Progress (1): 1.1/1.3 MB
2026.09.01 16:59:42 INFO  Progress (1): 1.1/1.3 MB
2026.09.01 16:59:43 INFO  Progress (1): 1.1/1.3 MB
2026.09.01 16:59:43 INFO  Progress (1): 1.2/1.3 MB
2026.09.01 16:59:43 INFO  Progress (1): 1.2/1.3 MB
2026.09.01 16:59:43 INFO  Progress (1): 1.2/1.3 MB
2026.09.01 16:59:43 INFO  Progress (1): 1.2/1.3 MB
2026.09.01 16:59:43 INFO  Progress (1): 1.2/1.3 MB
2026.09.01 16:59:43 INFO  Progress (1): 1.2/1.3 MB
2026.09.01 16:59:43 INFO  Progress (1): 1.3/1.3 MB
2026.09.01 16:59:43 INFO  Progress (1): 1.3/1.3 MB
2026.09.01 16:59:43 INFO  Progress (1): 1.3/1.3 MB
2026.09.01 16:59:43 INFO  Progress (1): 1.3/1.3 MB
2026.09.01 16:59:43 INFO  Progress (1): 1.3/1.3 MB
2026.09.01 16:59:43 INFO  Progress (1): 1.3/1.3 MB
2026.09.01 16:59:43 INFO  Progress (1): 1.3 MB    
2026.09.01 16:59:43 INFO                      
2026.09.01 16:59:43 INFO  Downloaded from central: https://repo.maven.apache.org/maven2/tools/jackson/core/jackson-databind/3.1.5/jackson-databind-3.1.5-sources.jar (1.3 MB at 164 kB/s)
2026.09.01 16:59:43 INFO  [INFO] SUCCESS: tools.jackson.core:jackson-databind:jar:3.1.5:compile (sources = true)
2026.09.01 16:59:43 INFO  [INFO] Resolving artifact: org.springframework:spring-orm:jar:7.0.9:compile (sources = false)
2026.09.01 16:59:43 INFO  [INFO] SUCCESS: org.springframework:spring-orm:jar:7.0.9:compile (sources = false)
2026.09.01 16:59:43 INFO  [INFO] Resolving artifact: org.springframework:spring-orm:jar:7.0.9:compile (sources = true)
2026.09.01 16:59:43 INFO  Downloading from central: https://repo.maven.apache.org/maven2/org/springframework/spring-orm/7.0.9/spring-orm-7.0.9-sources.jar
2026.09.01 16:59:44 INFO  Progress (1): 7.7/171 kB
2026.09.01 16:59:44 INFO  Progress (1): 16/171 kB 
2026.09.01 16:59:44 INFO  Progress (1): 32/171 kB
2026.09.01 16:59:44 INFO  Progress (1): 49/171 kB
2026.09.01 16:59:44 INFO  Progress (1): 57/171 kB
2026.09.01 16:59:44 INFO  Progress (1): 74/171 kB
2026.09.01 16:59:44 INFO  Progress (1): 90/171 kB
2026.09.01 16:59:44 INFO  Progress (1): 106/171 kB
2026.09.01 16:59:44 INFO  Progress (1): 123/171 kB
2026.09.01 16:59:44 INFO  Progress (1): 131/171 kB
2026.09.01 16:59:44 INFO  Progress (1): 147/171 kB
2026.09.01 16:59:44 INFO  Progress (1): 164/171 kB
2026.09.01 16:59:44 INFO  Progress (1): 171 kB    
2026.09.01 16:59:44 INFO                      
2026.09.01 16:59:44 INFO  Downloaded from central: https://repo.maven.apache.org/maven2/org/springframework/spring-orm/7.0.9/spring-orm-7.0.9-sources.jar (171 kB at 200 kB/s)
2026.09.01 16:59:44 INFO  [INFO] SUCCESS: org.springframework:spring-orm:jar:7.0.9:compile (sources = true)
2026.09.01 16:59:44 INFO  [INFO] Resolving artifact: com.mysql:mysql-connector-j:jar:9.7.0:runtime (sources = false)
2026.09.01 16:59:44 INFO  [INFO] SUCCESS: com.mysql:mysql-connector-j:jar:9.7.0:runtime (sources = false)
2026.09.01 16:59:44 INFO  [INFO] Resolving artifact: com.mysql:mysql-connector-j:jar:9.7.0:runtime (sources = true)
2026.09.01 16:59:44 INFO  [INFO] SUCCESS: com.mysql:mysql-connector-j:jar:9.7.0:runtime (sources = true)
2026.09.01 16:59:44 INFO  [INFO] Resolving artifact: jakarta.activation:jakarta.activation-api:jar:2.1.4:runtime (sources = false)
2026.09.01 16:59:44 INFO  [INFO] SUCCESS: jakarta.activation:jakarta.activation-api:jar:2.1.4:runtime (sources = false)
2026.09.01 16:59:44 INFO  [INFO] Resolving artifact: jakarta.activation:jakarta.activation-api:jar:2.1.4:runtime (sources = true)
2026.09.01 16:59:44 INFO  [INFO] SUCCESS: jakarta.activation:jakarta.activation-api:jar:2.1.4:runtime (sources = true)
2026.09.01 16:59:44 INFO  [INFO] Resolving artifact: org.springframework:spring-test:jar:7.0.9:test (sources = false)
2026.09.01 16:59:44 INFO  [INFO] SUCCESS: org.springframework:spring-test:jar:7.0.9:test (sources = false)
2026.09.01 16:59:44 INFO  [INFO] Resolving artifact: org.springframework:spring-test:jar:7.0.9:test (sources = true)
2026.09.01 16:59:44 INFO  Downloading from central: https://repo.maven.apache.org/maven2/org/springframework/spring-test/7.0.9/spring-test-7.0.9-sources.jar
2026.09.01 16:59:44 INFO  Progress (1): 7.7/878 kB
2026.09.01 16:59:44 INFO  Progress (1): 8.2/878 kB
2026.09.01 16:59:44 INFO  Progress (1): 25/878 kB 
2026.09.01 16:59:44 INFO  Progress (1): 41/878 kB
2026.09.01 16:59:44 INFO  Progress (1): 57/878 kB
2026.09.01 16:59:44 INFO  Progress (1): 74/878 kB
2026.09.01 16:59:44 INFO  Progress (1): 90/878 kB
2026.09.01 16:59:44 INFO  Progress (1): 106/878 kB
2026.09.01 16:59:45 INFO  Progress (1): 123/878 kB
2026.09.01 16:59:45 INFO  Progress (1): 139/878 kB
2026.09.01 16:59:45 INFO  Progress (1): 156/878 kB
2026.09.01 16:59:45 INFO  Progress (1): 172/878 kB
2026.09.01 16:59:45 INFO  Progress (1): 188/878 kB
2026.09.01 16:59:45 INFO  Progress (1): 205/878 kB
2026.09.01 16:59:45 INFO  Progress (1): 221/878 kB
2026.09.01 16:59:45 INFO  Progress (1): 238/878 kB
2026.09.01 16:59:45 INFO  Progress (1): 254/878 kB
2026.09.01 16:59:45 INFO  Progress (1): 270/878 kB
2026.09.01 16:59:45 INFO  Progress (1): 287/878 kB
2026.09.01 16:59:45 INFO  Progress (1): 303/878 kB
2026.09.01 16:59:45 INFO  Progress (1): 319/878 kB
2026.09.01 16:59:45 INFO  Progress (1): 336/878 kB
2026.09.01 16:59:45 INFO  Progress (1): 352/878 kB
2026.09.01 16:59:45 INFO  Progress (1): 369/878 kB
2026.09.01 16:59:45 INFO  Progress (1): 385/878 kB
2026.09.01 16:59:45 INFO  Progress (1): 401/878 kB
2026.09.01 16:59:45 INFO  Progress (1): 418/878 kB
2026.09.01 16:59:45 INFO  Progress (1): 434/878 kB
2026.09.01 16:59:47 INFO  Progress (1): 451/878 kB
2026.09.01 16:59:47 INFO  Progress (1): 467/878 kB
2026.09.01 16:59:47 INFO  Progress (1): 483/878 kB
2026.09.01 16:59:47 INFO  Progress (1): 500/878 kB
2026.09.01 16:59:47 INFO  Progress (1): 516/878 kB
2026.09.01 16:59:47 INFO  Progress (1): 532/878 kB
2026.09.01 16:59:47 INFO  Progress (1): 549/878 kB
2026.09.01 16:59:47 INFO  Progress (1): 565/878 kB
2026.09.01 16:59:47 INFO  Progress (1): 582/878 kB
2026.09.01 16:59:47 INFO  Progress (1): 598/878 kB
2026.09.01 16:59:47 INFO  Progress (1): 614/878 kB
2026.09.01 16:59:47 INFO  Progress (1): 631/878 kB
2026.09.01 16:59:47 INFO  Progress (1): 647/878 kB
2026.09.01 16:59:48 INFO  Progress (1): 664/878 kB
2026.09.01 16:59:48 INFO  Progress (1): 680/878 kB
2026.09.01 16:59:48 INFO  Progress (1): 696/878 kB
2026.09.01 16:59:48 INFO  Progress (1): 713/878 kB
2026.09.01 16:59:48 INFO  Progress (1): 729/878 kB
2026.09.01 16:59:48 INFO  Progress (1): 745/878 kB
2026.09.01 16:59:48 INFO  Progress (1): 762/878 kB
2026.09.01 16:59:48 INFO  Progress (1): 778/878 kB
2026.09.01 16:59:48 INFO  Progress (1): 795/878 kB
2026.09.01 16:59:48 INFO  Progress (1): 811/878 kB
2026.09.01 16:59:48 INFO  Progress (1): 827/878 kB
2026.09.01 16:59:48 INFO  Progress (1): 844/878 kB
2026.09.01 16:59:48 INFO  Progress (1): 860/878 kB
2026.09.01 16:59:48 INFO  Progress (1): 877/878 kB
2026.09.01 16:59:48 INFO  Progress (1): 878 kB    
2026.09.01 16:59:48 INFO                      
2026.09.01 16:59:48 INFO  Downloaded from central: https://repo.maven.apache.org/maven2/org/springframework/spring-test/7.0.9/spring-test-7.0.9-sources.jar (878 kB at 227 kB/s)
2026.09.01 16:59:48 INFO  [INFO] SUCCESS: org.springframework:spring-test:jar:7.0.9:test (sources = true)
2026.09.01 16:59:48 INFO  [INFO] Resolving artifact: org.apiguardian:apiguardian-api:jar:1.1.2:test (sources = false)
2026.09.01 16:59:48 INFO  [INFO] SUCCESS: org.apiguardian:apiguardian-api:jar:1.1.2:test (sources = false)
2026.09.01 16:59:48 INFO  [INFO] Resolving artifact: org.apiguardian:apiguardian-api:jar:1.1.2:test (sources = true)
2026.09.01 16:59:48 INFO  [INFO] SUCCESS: org.apiguardian:apiguardian-api:jar:1.1.2:test (sources = true)
2026.09.01 16:59:48 INFO  [INFO] Resolving artifact: org.springframework.security:spring-security-core:jar:7.1.1:compile (sources = false)
2026.09.01 16:59:48 INFO  [INFO] SUCCESS: org.springframework.security:spring-security-core:jar:7.1.1:compile (sources = false)
2026.09.01 16:59:48 INFO  [INFO] Resolving artifact: org.springframework.security:spring-security-core:jar:7.1.1:compile (sources = true)
2026.09.01 16:59:48 INFO  Downloading from central: https://repo.maven.apache.org/maven2/org/springframework/security/spring-security-core/7.1.1/spring-security-core-7.1.1-sources.jar
2026.09.01 16:59:49 INFO  Progress (1): 16/565 kB
2026.09.01 16:59:49 INFO  Progress (1): 25/565 kB
2026.09.01 16:59:49 INFO  Progress (1): 41/565 kB
2026.09.01 16:59:49 INFO  Progress (1): 57/565 kB
2026.09.01 16:59:49 INFO  Progress (1): 74/565 kB
2026.09.01 16:59:49 INFO  Progress (1): 90/565 kB
2026.09.01 16:59:49 INFO  Progress (1): 106/565 kB
2026.09.01 16:59:49 INFO  Progress (1): 123/565 kB
2026.09.01 16:59:49 INFO  Progress (1): 139/565 kB
2026.09.01 16:59:49 INFO  Progress (1): 147/565 kB
2026.09.01 16:59:49 INFO  Progress (1): 156/565 kB
2026.09.01 16:59:49 INFO  Progress (1): 172/565 kB
2026.09.01 16:59:49 INFO  Progress (1): 188/565 kB
2026.09.01 16:59:49 INFO  Progress (1): 205/565 kB
2026.09.01 16:59:49 INFO  Progress (1): 221/565 kB
2026.09.01 16:59:49 INFO  Progress (1): 238/565 kB
2026.09.01 16:59:49 INFO  Progress (1): 254/565 kB
2026.09.01 16:59:50 INFO  Progress (1): 270/565 kB
2026.09.01 16:59:50 INFO  Progress (1): 287/565 kB
2026.09.01 16:59:50 INFO  Progress (1): 303/565 kB
2026.09.01 16:59:50 INFO  Progress (1): 319/565 kB
2026.09.01 16:59:50 INFO  Progress (1): 336/565 kB
2026.09.01 16:59:50 INFO  Progress (1): 352/565 kB
2026.09.01 16:59:50 INFO  Progress (1): 369/565 kB
2026.09.01 16:59:50 INFO  Progress (1): 385/565 kB
2026.09.01 16:59:50 INFO  Progress (1): 401/565 kB
2026.09.01 16:59:50 INFO  Progress (1): 418/565 kB
2026.09.01 16:59:50 INFO  Progress (1): 434/565 kB
2026.09.01 16:59:50 INFO  Progress (1): 451/565 kB
2026.09.01 16:59:50 INFO  Progress (1): 467/565 kB
2026.09.01 16:59:50 INFO  Progress (1): 483/565 kB
2026.09.01 16:59:50 INFO  Progress (1): 500/565 kB
2026.09.01 16:59:50 INFO  Progress (1): 516/565 kB
2026.09.01 16:59:50 INFO  Progress (1): 532/565 kB
2026.09.01 16:59:51 INFO  Progress (1): 549/565 kB
2026.09.01 16:59:51 INFO  Progress (1): 565 kB    
2026.09.01 16:59:51 INFO                      
2026.09.01 16:59:51 INFO  Downloaded from central: https://repo.maven.apache.org/maven2/org/springframework/security/spring-security-core/7.1.1/spring-security-core-7.1.1-sources.jar (565 kB at 238 kB/s)
2026.09.01 16:59:51 INFO  [INFO] SUCCESS: org.springframework.security:spring-security-core:jar:7.1.1:compile (sources = true)
2026.09.01 16:59:51 INFO  [INFO] Resolving artifact: org.thymeleaf:thymeleaf:jar:3.1.5.RELEASE:compile (sources = false)
2026.09.01 16:59:51 INFO  [INFO] SUCCESS: org.thymeleaf:thymeleaf:jar:3.1.5.RELEASE:compile (sources = false)
2026.09.01 16:59:51 INFO  [INFO] Resolving artifact: org.thymeleaf:thymeleaf:jar:3.1.5.RELEASE:compile (sources = true)
2026.09.01 16:59:51 INFO  [INFO] SUCCESS: org.thymeleaf:thymeleaf:jar:3.1.5.RELEASE:compile (sources = true)
2026.09.01 16:59:51 INFO  [INFO] Resolving artifact: org.springframework.security:spring-security-config:jar:7.1.1:compile (sources = false)
2026.09.01 16:59:51 INFO  [INFO] SUCCESS: org.springframework.security:spring-security-config:jar:7.1.1:compile (sources = false)
2026.09.01 16:59:51 INFO  [INFO] Resolving artifact: org.springframework.security:spring-security-config:jar:7.1.1:compile (sources = true)
2026.09.01 16:59:51 INFO  [INFO] SUCCESS: org.springframework.security:spring-security-config:jar:7.1.1:compile (sources = true)
2026.09.01 16:59:51 INFO  [INFO] Resolving artifact: org.junit.platform:junit-platform-engine:jar:6.0.3:test (sources = false)
2026.09.01 16:59:51 INFO  [INFO] SUCCESS: org.junit.platform:junit-platform-engine:jar:6.0.3:test (sources = false)
2026.09.01 16:59:51 INFO  [INFO] Resolving artifact: org.junit.platform:junit-platform-engine:jar:6.0.3:test (sources = true)
2026.09.01 16:59:51 INFO  [INFO] SUCCESS: org.junit.platform:junit-platform-engine:jar:6.0.3:test (sources = true)
2026.09.01 16:59:51 INFO  [INFO] Resolving artifact: org.eclipse.angus:angus-activation:jar:2.0.3:runtime (sources = false)
2026.09.01 16:59:51 INFO  [INFO] SUCCESS: org.eclipse.angus:angus-activation:jar:2.0.3:runtime (sources = false)
2026.09.01 16:59:51 INFO  [INFO] Resolving artifact: org.eclipse.angus:angus-activation:jar:2.0.3:runtime (sources = true)
2026.09.01 16:59:51 INFO  [INFO] SUCCESS: org.eclipse.angus:angus-activation:jar:2.0.3:runtime (sources = true)
2026.09.01 16:59:51 INFO  [INFO] Resolving artifact: com.vaadin.external.google:android-json:jar:0.0.20131108.vaadin1:test (sources = false)
2026.09.01 16:59:51 INFO  [INFO] SUCCESS: com.vaadin.external.google:android-json:jar:0.0.20131108.vaadin1:test (sources = false)
2026.09.01 16:59:51 INFO  [INFO] Resolving artifact: com.vaadin.external.google:android-json:jar:0.0.20131108.vaadin1:test (sources = true)
2026.09.01 16:59:51 INFO  [INFO] SUCCESS: com.vaadin.external.google:android-json:jar:0.0.20131108.vaadin1:test (sources = true)
2026.09.01 16:59:51 INFO  [INFO] Resolving artifact: org.springframework.boot:spring-boot-starter-data-jpa:jar:4.1.1:compile (sources = false)
2026.09.01 16:59:51 INFO  [INFO] SUCCESS: org.springframework.boot:spring-boot-starter-data-jpa:jar:4.1.1:compile (sources = false)
2026.09.01 16:59:51 INFO  [INFO] Resolving artifact: org.springframework.boot:spring-boot-starter-data-jpa:jar:4.1.1:compile (sources = true)
2026.09.01 16:59:51 INFO  Downloading from central: https://repo.maven.apache.org/maven2/org/springframework/boot/spring-boot-starter-data-jpa/4.1.1/spring-boot-starter-data-jpa-4.1.1-sources.jar
2026.09.01 16:59:51 INFO  Progress (1): 4.8 kB
2026.09.01 16:59:51 INFO                      
2026.09.01 16:59:51 INFO  Downloaded from central: https://repo.maven.apache.org/maven2/org/springframework/boot/spring-boot-starter-data-jpa/4.1.1/spring-boot-starter-data-jpa-4.1.1-sources.jar (4.8 kB at 44 kB/s)
2026.09.01 16:59:51 INFO  [INFO] SUCCESS: org.springframework.boot:spring-boot-starter-data-jpa:jar:4.1.1:compile (sources = true)
2026.09.01 16:59:51 INFO  [INFO] Resolving artifact: org.springframework.boot:spring-boot-devtools:jar:4.1.1:runtime (sources = false)
2026.09.01 16:59:51 INFO  [INFO] SUCCESS: org.springframework.boot:spring-boot-devtools:jar:4.1.1:runtime (sources = false)
2026.09.01 16:59:51 INFO  [INFO] Resolving artifact: org.springframework.boot:spring-boot-devtools:jar:4.1.1:runtime (sources = true)
2026.09.01 16:59:51 INFO  Downloading from central: https://repo.maven.apache.org/maven2/org/springframework/boot/spring-boot-devtools/4.1.1/spring-boot-devtools-4.1.1-sources.jar
2026.09.01 16:59:51 INFO  Progress (1): 7.7/143 kB
2026.09.01 16:59:51 INFO  Progress (1): 7.7/143 kB
2026.09.01 16:59:51 INFO  Progress (1): 24/143 kB 
2026.09.01 16:59:51 INFO  Progress (1): 33/143 kB
2026.09.01 16:59:51 INFO  Progress (1): 49/143 kB
2026.09.01 16:59:51 INFO  Progress (1): 66/143 kB
2026.09.01 16:59:51 INFO  Progress (1): 82/143 kB
2026.09.01 16:59:51 INFO  Progress (1): 98/143 kB
2026.09.01 16:59:51 INFO  Progress (1): 115/143 kB
2026.09.01 16:59:51 INFO  Progress (1): 131/143 kB
2026.09.01 16:59:51 INFO  Progress (1): 143 kB    
2026.09.01 16:59:51 INFO                      
2026.09.01 16:59:51 INFO  Downloaded from central: https://repo.maven.apache.org/maven2/org/springframework/boot/spring-boot-devtools/4.1.1/spring-boot-devtools-4.1.1-sources.jar (143 kB at 243 kB/s)
2026.09.01 16:59:51 INFO  [INFO] SUCCESS: org.springframework.boot:spring-boot-devtools:jar:4.1.1:runtime (sources = true)
2026.09.01 16:59:51 INFO  [INFO] Resolving artifact: org.apache.logging.log4j:log4j-to-slf4j:jar:2.25.5:compile (sources = false)
2026.09.01 16:59:51 INFO  [INFO] SUCCESS: org.apache.logging.log4j:log4j-to-slf4j:jar:2.25.5:compile (sources = false)
2026.09.01 16:59:51 INFO  [INFO] Resolving artifact: org.apache.logging.log4j:log4j-to-slf4j:jar:2.25.5:compile (sources = true)
2026.09.01 16:59:51 INFO  Downloading from central: https://repo.maven.apache.org/maven2/org/apache/logging/log4j/log4j-to-slf4j/2.25.5/log4j-to-slf4j-2.25.5-sources.jar
2026.09.01 16:59:52 INFO  Progress (1): 7.7/19 kB
2026.09.01 16:59:52 INFO  Progress (1): 11/19 kB 
2026.09.01 16:59:52 INFO  Progress (1): 19 kB   
2026.09.01 16:59:52 INFO                     
2026.09.01 16:59:52 INFO  Downloaded from central: https://repo.maven.apache.org/maven2/org/apache/logging/log4j/log4j-to-slf4j/2.25.5/log4j-to-slf4j-2.25.5-sources.jar (19 kB at 48 kB/s)
2026.09.01 16:59:52 INFO  [INFO] SUCCESS: org.apache.logging.log4j:log4j-to-slf4j:jar:2.25.5:compile (sources = true)
2026.09.01 16:59:52 INFO  [INFO] Resolving artifact: jakarta.validation:jakarta.validation-api:jar:3.1.1:compile (sources = false)
2026.09.01 16:59:52 INFO  [INFO] SUCCESS: jakarta.validation:jakarta.validation-api:jar:3.1.1:compile (sources = false)
2026.09.01 16:59:52 INFO  [INFO] Resolving artifact: jakarta.validation:jakarta.validation-api:jar:3.1.1:compile (sources = true)
2026.09.01 16:59:52 INFO  [INFO] SUCCESS: jakarta.validation:jakarta.validation-api:jar:3.1.1:compile (sources = true)
2026.09.01 16:59:53 INFO  no build target found for C:\Users\USUARIO\Documents\farmacia\farmacia\src\main\java\com\example\farmacia\controller\FormulaController.java. Using fallback presentation compiler.
2026.09.01 16:59:52 INFO  [INFO] Generated .bloop\farmacia.json
2026.09.01 16:59:53 INFO  [INFO] Starting to write configuration for project: farmacia with configuration: compile
2026.09.01 16:59:53 INFO  [INFO] Resolving artifact: org.springframework:spring-expression:jar:7.0.9:compile (sources = false)
2026.09.01 16:59:53 INFO  [INFO] SUCCESS: org.springframework:spring-expression:jar:7.0.9:compile (sources = false)
2026.09.01 16:59:53 INFO  [INFO] Resolving artifact: org.springframework:spring-expression:jar:7.0.9:compile (sources = true)
2026.09.01 16:59:53 INFO  [INFO] SUCCESS: org.springframework:spring-expression:jar:7.0.9:compile (sources = true)
2026.09.01 16:59:53 INFO  [INFO] Resolving artifact: com.jayway.jsonpath:json-path:jar:2.10.0:test (sources = false)
2026.09.01 16:59:53 INFO  [INFO] SUCCESS: com.jayway.jsonpath:json-path:jar:2.10.0:test (sources = false)
2026.09.01 16:59:53 INFO  [INFO] Resolving artifact: com.jayway.jsonpath:json-path:jar:2.10.0:test (sources = true)
2026.09.01 16:59:53 INFO  [INFO] SUCCESS: com.jayway.jsonpath:json-path:jar:2.10.0:test (sources = true)
2026.09.01 16:59:53 INFO  [INFO] Resolving artifact: org.hamcrest:hamcrest:jar:3.0:test (sources = false)
2026.09.01 16:59:53 INFO  [INFO] SUCCESS: org.hamcrest:hamcrest:jar:3.0:test (sources = false)
2026.09.01 16:59:53 INFO  [INFO] Resolving artifact: org.hamcrest:hamcrest:jar:3.0:test (sources = true)
2026.09.01 16:59:53 INFO  [INFO] SUCCESS: org.hamcrest:hamcrest:jar:3.0:test (sources = true)
2026.09.01 16:59:53 INFO  [INFO] Resolving artifact: org.springframework.boot:spring-boot-thymeleaf:jar:4.1.1:compile (sources = false)
2026.09.01 16:59:53 INFO  [INFO] SUCCESS: org.springframework.boot:spring-boot-thymeleaf:jar:4.1.1:compile (sources = false)
2026.09.01 16:59:53 INFO  [INFO] Resolving artifact: org.springframework.boot:spring-boot-thymeleaf:jar:4.1.1:compile (sources = true)
2026.09.01 16:59:53 INFO  [INFO] SUCCESS: org.springframework.boot:spring-boot-thymeleaf:jar:4.1.1:compile (sources = true)
2026.09.01 16:59:53 INFO  [INFO] Resolving artifact: com.sun.istack:istack-commons-runtime:jar:4.1.2:runtime (sources = false)
2026.09.01 16:59:53 INFO  [INFO] SUCCESS: com.sun.istack:istack-commons-runtime:jar:4.1.2:runtime (sources = false)
2026.09.01 16:59:53 INFO  [INFO] Resolving artifact: com.sun.istack:istack-commons-runtime:jar:4.1.2:runtime (sources = true)
2026.09.01 16:59:53 INFO  [INFO] SUCCESS: com.sun.istack:istack-commons-runtime:jar:4.1.2:runtime (sources = true)
2026.09.01 16:59:53 INFO  [INFO] Resolving artifact: org.springframework.boot:spring-boot-starter-tomcat-runtime:jar:4.1.1:compile (sources = false)
2026.09.01 16:59:53 INFO  [INFO] SUCCESS: org.springframework.boot:spring-boot-starter-tomcat-runtime:jar:4.1.1:compile (sources = false)
2026.09.01 16:59:53 INFO  [INFO] Resolving artifact: org.springframework.boot:spring-boot-starter-tomcat-runtime:jar:4.1.1:compile (sources = true)
2026.09.01 16:59:53 INFO  [INFO] SUCCESS: org.springframework.boot:spring-boot-starter-tomcat-runtime:jar:4.1.1:compile (sources = true)
2026.09.01 16:59:53 INFO  [INFO] Resolving artifact: org.springframework:spring-beans:jar:7.0.9:compile (sources = false)
2026.09.01 16:59:53 INFO  [INFO] SUCCESS: org.springframework:spring-beans:jar:7.0.9:compile (sources = false)
2026.09.01 16:59:53 INFO  [INFO] Resolving artifact: org.springframework:spring-beans:jar:7.0.9:compile (sources = true)
2026.09.01 16:59:53 INFO  [INFO] SUCCESS: org.springframework:spring-beans:jar:7.0.9:compile (sources = true)
2026.09.01 16:59:53 INFO  [INFO] Resolving artifact: org.springframework.boot:spring-boot-web-server:jar:4.1.1:compile (sources = false)
2026.09.01 16:59:53 INFO  [INFO] SUCCESS: org.springframework.boot:spring-boot-web-server:jar:4.1.1:compile (sources = false)
2026.09.01 16:59:53 INFO  [INFO] Resolving artifact: org.springframework.boot:spring-boot-web-server:jar:4.1.1:compile (sources = true)
2026.09.01 16:59:53 INFO  [INFO] SUCCESS: org.springframework.boot:spring-boot-web-server:jar:4.1.1:compile (sources = true)
2026.09.01 16:59:53 INFO  [INFO] Resolving artifact: net.bytebuddy:byte-buddy:jar:1.18.11:runtime (sources = false)
2026.09.01 16:59:53 INFO  [INFO] SUCCESS: net.bytebuddy:byte-buddy:jar:1.18.11:runtime (sources = false)
2026.09.01 16:59:53 INFO  [INFO] Resolving artifact: net.bytebuddy:byte-buddy:jar:1.18.11:runtime (sources = true)
2026.09.01 16:59:53 INFO  [INFO] SUCCESS: net.bytebuddy:byte-buddy:jar:1.18.11:runtime (sources = true)
2026.09.01 16:59:53 INFO  [INFO] Resolving artifact: org.springframework.boot:spring-boot:jar:4.1.1:compile (sources = false)
2026.09.01 16:59:53 INFO  [INFO] SUCCESS: org.springframework.boot:spring-boot:jar:4.1.1:compile (sources = false)
2026.09.01 16:59:53 INFO  [INFO] Resolving artifact: org.springframework.boot:spring-boot:jar:4.1.1:compile (sources = true)
2026.09.01 16:59:53 INFO  [INFO] SUCCESS: org.springframework.boot:spring-boot:jar:4.1.1:compile (sources = true)
2026.09.01 16:59:53 INFO  [INFO] Resolving artifact: com.fasterxml.jackson.core:jackson-annotations:jar:2.21:compile (sources = false)
2026.09.01 16:59:53 INFO  [INFO] SUCCESS: com.fasterxml.jackson.core:jackson-annotations:jar:2.21:compile (sources = false)
2026.09.01 16:59:53 INFO  [INFO] Resolving artifact: com.fasterxml.jackson.core:jackson-annotations:jar:2.21:compile (sources = true)
2026.09.01 16:59:53 INFO  [INFO] SUCCESS: com.fasterxml.jackson.core:jackson-annotations:jar:2.21:compile (sources = true)
2026.09.01 16:59:53 INFO  [INFO] Resolving artifact: org.springframework:spring-aop:jar:7.0.9:compile (sources = false)
2026.09.01 16:59:53 INFO  [INFO] SUCCESS: org.springframework:spring-aop:jar:7.0.9:compile (sources = false)
2026.09.01 16:59:53 INFO  [INFO] Resolving artifact: org.springframework:spring-aop:jar:7.0.9:compile (sources = true)
2026.09.01 16:59:53 INFO  [INFO] SUCCESS: org.springframework:spring-aop:jar:7.0.9:compile (sources = true)
2026.09.01 16:59:53 INFO  [INFO] Resolving artifact: org.jboss.logging:jboss-logging:jar:3.6.3.Final:compile (sources = false)
2026.09.01 16:59:53 INFO  [INFO] SUCCESS: org.jboss.logging:jboss-logging:jar:3.6.3.Final:compile (sources = false)
2026.09.01 16:59:53 INFO  [INFO] Resolving artifact: org.jboss.logging:jboss-logging:jar:3.6.3.Final:compile (sources = true)
2026.09.01 16:59:53 INFO  [INFO] SUCCESS: org.jboss.logging:jboss-logging:jar:3.6.3.Final:compile (sources = true)
2026.09.01 16:59:53 INFO  [INFO] Resolving artifact: tools.jackson.core:jackson-core:jar:3.1.5:compile (sources = false)
2026.09.01 16:59:53 INFO  [INFO] SUCCESS: tools.jackson.core:jackson-core:jar:3.1.5:compile (sources = false)
2026.09.01 16:59:53 INFO  [INFO] Resolving artifact: tools.jackson.core:jackson-core:jar:3.1.5:compile (sources = true)
2026.09.01 16:59:53 INFO  [INFO] SUCCESS: tools.jackson.core:jackson-core:jar:3.1.5:compile (sources = true)
2026.09.01 16:59:53 INFO  [INFO] Resolving artifact: org.apache.tomcat.embed:tomcat-embed-websocket:jar:11.0.24:compile (sources = false)
2026.09.01 16:59:53 INFO  [INFO] SUCCESS: org.apache.tomcat.embed:tomcat-embed-websocket:jar:11.0.24:compile (sources = false)
2026.09.01 16:59:53 INFO  [INFO] Resolving artifact: org.apache.tomcat.embed:tomcat-embed-websocket:jar:11.0.24:compile (sources = true)
2026.09.01 16:59:53 INFO  [INFO] SUCCESS: org.apache.tomcat.embed:tomcat-embed-websocket:jar:11.0.24:compile (sources = true)
2026.09.01 16:59:53 INFO  [INFO] Resolving artifact: org.assertj:assertj-core:jar:3.27.7:test (sources = false)
2026.09.01 16:59:53 INFO  [INFO] SUCCESS: org.assertj:assertj-core:jar:3.27.7:test (sources = false)
2026.09.01 16:59:53 INFO  [INFO] Resolving artifact: org.assertj:assertj-core:jar:3.27.7:test (sources = true)
2026.09.01 16:59:53 INFO  [INFO] SUCCESS: org.assertj:assertj-core:jar:3.27.7:test (sources = true)
2026.09.01 16:59:53 INFO  [INFO] Resolving artifact: org.projectlombok:lombok:jar:1.18.46:compile (sources = false)
2026.09.01 16:59:53 INFO  [INFO] SUCCESS: org.projectlombok:lombok:jar:1.18.46:compile (sources = false)
2026.09.01 16:59:53 INFO  [INFO] Resolving artifact: org.projectlombok:lombok:jar:1.18.46:compile (sources = true)
2026.09.01 16:59:53 INFO  [INFO] SUCCESS: org.projectlombok:lombok:jar:1.18.46:compile (sources = true)
2026.09.01 16:59:53 INFO  [INFO] Resolving artifact: com.zaxxer:HikariCP:jar:7.0.2:compile (sources = false)
2026.09.01 16:59:53 INFO  [INFO] SUCCESS: com.zaxxer:HikariCP:jar:7.0.2:compile (sources = false)
2026.09.01 16:59:53 INFO  [INFO] Resolving artifact: com.zaxxer:HikariCP:jar:7.0.2:compile (sources = true)
2026.09.01 16:59:53 INFO  [INFO] SUCCESS: com.zaxxer:HikariCP:jar:7.0.2:compile (sources = true)
2026.09.01 16:59:53 INFO  [INFO] Resolving artifact: org.springframework.boot:spring-boot-autoconfigure:jar:4.1.1:compile (sources = false)
2026.09.01 16:59:53 INFO  [INFO] SUCCESS: org.springframework.boot:spring-boot-autoconfigure:jar:4.1.1:compile (sources = false)
2026.09.01 16:59:53 INFO  [INFO] Resolving artifact: org.springframework.boot:spring-boot-autoconfigure:jar:4.1.1:compile (sources = true)
2026.09.01 16:59:53 INFO  [INFO] SUCCESS: org.springframework.boot:spring-boot-autoconfigure:jar:4.1.1:compile (sources = true)
2026.09.01 16:59:53 INFO  [INFO] Resolving artifact: org.glassfish.jaxb:jaxb-core:jar:4.0.9:runtime (sources = false)
2026.09.01 16:59:53 INFO  [INFO] SUCCESS: org.glassfish.jaxb:jaxb-core:jar:4.0.9:runtime (sources = false)
2026.09.01 16:59:53 INFO  [INFO] Resolving artifact: org.glassfish.jaxb:jaxb-core:jar:4.0.9:runtime (sources = true)
2026.09.01 16:59:53 INFO  [INFO] SUCCESS: org.glassfish.jaxb:jaxb-core:jar:4.0.9:runtime (sources = true)
2026.09.01 16:59:53 INFO  [INFO] Resolving artifact: org.antlr:antlr4-runtime:jar:4.13.2:compile (sources = false)
2026.09.01 16:59:53 INFO  [INFO] SUCCESS: org.antlr:antlr4-runtime:jar:4.13.2:compile (sources = false)
2026.09.01 16:59:53 INFO  [INFO] Resolving artifact: org.antlr:antlr4-runtime:jar:4.13.2:compile (sources = true)
2026.09.01 16:59:53 INFO  [INFO] SUCCESS: org.antlr:antlr4-runtime:jar:4.13.2:compile (sources = true)
2026.09.01 16:59:53 INFO  [INFO] Resolving artifact: org.opentest4j:opentest4j:jar:1.3.0:test (sources = false)
2026.09.01 16:59:53 INFO  [INFO] SUCCESS: org.opentest4j:opentest4j:jar:1.3.0:test (sources = false)
2026.09.01 16:59:53 INFO  [INFO] Resolving artifact: org.opentest4j:opentest4j:jar:1.3.0:test (sources = true)
2026.09.01 16:59:53 INFO  [INFO] SUCCESS: org.opentest4j:opentest4j:jar:1.3.0:test (sources = true)
2026.09.01 16:59:53 INFO  [INFO] Resolving artifact: org.springframework:spring-aspects:jar:7.0.9:compile (sources = false)
2026.09.01 16:59:53 INFO  [INFO] SUCCESS: org.springframework:spring-aspects:jar:7.0.9:compile (sources = false)
2026.09.01 16:59:53 INFO  [INFO] Resolving artifact: org.springframework:spring-aspects:jar:7.0.9:compile (sources = true)
2026.09.01 16:59:53 INFO  [INFO] SUCCESS: org.springframework:spring-aspects:jar:7.0.9:compile (sources = true)
2026.09.01 16:59:53 INFO  [INFO] Resolving artifact: org.springframework:spring-jdbc:jar:7.0.9:compile (sources = false)
2026.09.01 16:59:53 INFO  [INFO] SUCCESS: org.springframework:spring-jdbc:jar:7.0.9:compile (sources = false)
2026.09.01 16:59:53 INFO  [INFO] Resolving artifact: org.springframework:spring-jdbc:jar:7.0.9:compile (sources = true)
2026.09.01 16:59:53 INFO  [INFO] SUCCESS: org.springframework:spring-jdbc:jar:7.0.9:compile (sources = true)
2026.09.01 16:59:53 INFO  [INFO] Resolving artifact: org.springframework.boot:spring-boot-tomcat:jar:4.1.1:compile (sources = false)
2026.09.01 16:59:53 INFO  [INFO] SUCCESS: org.springframework.boot:spring-boot-tomcat:jar:4.1.1:compile (sources = false)
2026.09.01 16:59:53 INFO  [INFO] Resolving artifact: org.springframework.boot:spring-boot-tomcat:jar:4.1.1:compile (sources = true)
2026.09.01 16:59:53 INFO  [INFO] SUCCESS: org.springframework.boot:spring-boot-tomcat:jar:4.1.1:compile (sources = true)
2026.09.01 16:59:53 INFO  [INFO] Resolving artifact: org.junit.jupiter:junit-jupiter:jar:6.0.3:test (sources = false)
2026.09.01 16:59:53 INFO  [INFO] SUCCESS: org.junit.jupiter:junit-jupiter:jar:6.0.3:test (sources = false)
2026.09.01 16:59:53 INFO  [INFO] Resolving artifact: org.junit.jupiter:junit-jupiter:jar:6.0.3:test (sources = true)
2026.09.01 16:59:53 INFO  [INFO] SUCCESS: org.junit.jupiter:junit-jupiter:jar:6.0.3:test (sources = true)
2026.09.01 16:59:53 INFO  [INFO] Resolving artifact: jakarta.transaction:jakarta.transaction-api:jar:2.0.1:compile (sources = false)
2026.09.01 16:59:53 INFO  [INFO] SUCCESS: jakarta.transaction:jakarta.transaction-api:jar:2.0.1:compile (sources = false)
2026.09.01 16:59:53 INFO  [INFO] Resolving artifact: jakarta.transaction:jakarta.transaction-api:jar:2.0.1:compile (sources = true)
2026.09.01 16:59:53 INFO  [INFO] SUCCESS: jakarta.transaction:jakarta.transaction-api:jar:2.0.1:compile (sources = true)
2026.09.01 16:59:53 INFO  [INFO] Resolving artifact: org.springframework.data:spring-data-commons:jar:4.1.1:compile (sources = false)
2026.09.01 16:59:53 INFO  [INFO] SUCCESS: org.springframework.data:spring-data-commons:jar:4.1.1:compile (sources = false)
2026.09.01 16:59:53 INFO  [INFO] Resolving artifact: org.springframework.data:spring-data-commons:jar:4.1.1:compile (sources = true)
2026.09.01 16:59:53 INFO  [INFO] SUCCESS: org.springframework.data:spring-data-commons:jar:4.1.1:compile (sources = true)
2026.09.01 16:59:53 INFO  [INFO] Resolving artifact: org.springframework.boot:spring-boot-jdbc:jar:4.1.1:compile (sources = false)
2026.09.01 16:59:53 INFO  [INFO] SUCCESS: org.springframework.boot:spring-boot-jdbc:jar:4.1.1:compile (sources = false)
2026.09.01 16:59:53 INFO  [INFO] Resolving artifact: org.springframework.boot:spring-boot-jdbc:jar:4.1.1:compile (sources = true)
2026.09.01 16:59:53 INFO  [INFO] SUCCESS: org.springframework.boot:spring-boot-jdbc:jar:4.1.1:compile (sources = true)
2026.09.01 16:59:53 INFO  [INFO] Resolving artifact: org.springframework.boot:spring-boot-data-jpa:jar:4.1.1:compile (sources = false)
2026.09.01 16:59:53 INFO  [INFO] SUCCESS: org.springframework.boot:spring-boot-data-jpa:jar:4.1.1:compile (sources = false)
2026.09.01 16:59:53 INFO  [INFO] Resolving artifact: org.springframework.boot:spring-boot-data-jpa:jar:4.1.1:compile (sources = true)
2026.09.01 16:59:53 INFO  [INFO] SUCCESS: org.springframework.boot:spring-boot-data-jpa:jar:4.1.1:compile (sources = true)
2026.09.01 16:59:53 INFO  [INFO] Resolving artifact: org.springframework.boot:spring-boot-validation:jar:4.1.1:compile (sources = false)
2026.09.01 16:59:53 INFO  [INFO] SUCCESS: org.springframework.boot:spring-boot-validation:jar:4.1.1:compile (sources = false)
2026.09.01 16:59:53 INFO  [INFO] Resolving artifact: org.springframework.boot:spring-boot-validation:jar:4.1.1:compile (sources = true)
2026.09.01 16:59:53 INFO  [INFO] SUCCESS: org.springframework.boot:spring-boot-validation:jar:4.1.1:compile (sources = true)
2026.09.01 16:59:53 INFO  [INFO] Resolving artifact: jakarta.persistence:jakarta.persistence-api:jar:3.2.0:compile (sources = false)
2026.09.01 16:59:53 INFO  [INFO] SUCCESS: jakarta.persistence:jakarta.persistence-api:jar:3.2.0:compile (sources = false)
2026.09.01 16:59:53 INFO  [INFO] Resolving artifact: jakarta.persistence:jakarta.persistence-api:jar:3.2.0:compile (sources = true)
2026.09.01 16:59:53 INFO  [INFO] SUCCESS: jakarta.persistence:jakarta.persistence-api:jar:3.2.0:compile (sources = true)
2026.09.01 16:59:53 INFO  [INFO] Resolving artifact: org.springframework:spring-tx:jar:7.0.9:compile (sources = false)
2026.09.01 16:59:53 INFO  [INFO] SUCCESS: org.springframework:spring-tx:jar:7.0.9:compile (sources = false)
2026.09.01 16:59:53 INFO  [INFO] Resolving artifact: org.springframework:spring-tx:jar:7.0.9:compile (sources = true)
2026.09.01 16:59:53 INFO  [INFO] SUCCESS: org.springframework:spring-tx:jar:7.0.9:compile (sources = true)
2026.09.01 16:59:53 INFO  [INFO] Resolving artifact: org.apache.logging.log4j:log4j-api:jar:2.25.5:compile (sources = false)
2026.09.01 16:59:53 INFO  [INFO] SUCCESS: org.apache.logging.log4j:log4j-api:jar:2.25.5:compile (sources = false)
2026.09.01 16:59:53 INFO  [INFO] Resolving artifact: org.apache.logging.log4j:log4j-api:jar:2.25.5:compile (sources = true)
2026.09.01 16:59:53 INFO  [INFO] SUCCESS: org.apache.logging.log4j:log4j-api:jar:2.25.5:compile (sources = true)
2026.09.01 16:59:53 INFO  [INFO] Resolving artifact: org.awaitility:awaitility:jar:4.3.0:test (sources = false)
2026.09.01 16:59:53 INFO  [INFO] SUCCESS: org.awaitility:awaitility:jar:4.3.0:test (sources = false)
2026.09.01 16:59:53 INFO  [INFO] Resolving artifact: org.awaitility:awaitility:jar:4.3.0:test (sources = true)
2026.09.01 16:59:53 INFO  [INFO] SUCCESS: org.awaitility:awaitility:jar:4.3.0:test (sources = true)
2026.09.01 16:59:53 INFO  [INFO] Resolving artifact: org.thymeleaf:thymeleaf-spring6:jar:3.1.5.RELEASE:compile (sources = false)
2026.09.01 16:59:53 INFO  [INFO] SUCCESS: org.thymeleaf:thymeleaf-spring6:jar:3.1.5.RELEASE:compile (sources = false)
2026.09.01 16:59:53 INFO  [INFO] Resolving artifact: org.thymeleaf:thymeleaf-spring6:jar:3.1.5.RELEASE:compile (sources = true)
2026.09.01 16:59:53 INFO  [INFO] SUCCESS: org.thymeleaf:thymeleaf-spring6:jar:3.1.5.RELEASE:compile (sources = true)
2026.09.01 16:59:53 INFO  [INFO] Resolving artifact: org.jspecify:jspecify:jar:1.0.1:compile (sources = false)
2026.09.01 16:59:53 INFO  [INFO] SUCCESS: org.jspecify:jspecify:jar:1.0.1:compile (sources = false)
2026.09.01 16:59:53 INFO  [INFO] Resolving artifact: org.jspecify:jspecify:jar:1.0.1:compile (sources = true)
2026.09.01 16:59:53 INFO  [INFO] SUCCESS: org.jspecify:jspecify:jar:1.0.1:compile (sources = true)
2026.09.01 16:59:53 INFO  [INFO] Resolving artifact: org.mockito:mockito-junit-jupiter:jar:5.23.0:test (sources = false)
2026.09.01 16:59:53 INFO  [INFO] SUCCESS: org.mockito:mockito-junit-jupiter:jar:5.23.0:test (sources = false)
2026.09.01 16:59:53 INFO  [INFO] Resolving artifact: org.mockito:mockito-junit-jupiter:jar:5.23.0:test (sources = true)
2026.09.01 16:59:53 INFO  [INFO] SUCCESS: org.mockito:mockito-junit-jupiter:jar:5.23.0:test (sources = true)
2026.09.01 16:59:53 INFO  [INFO] Resolving artifact: org.springframework.boot:spring-boot-webmvc:jar:4.1.1:compile (sources = false)
2026.09.01 16:59:53 INFO  [INFO] SUCCESS: org.springframework.boot:spring-boot-webmvc:jar:4.1.1:compile (sources = false)
2026.09.01 16:59:53 INFO  [INFO] Resolving artifact: org.springframework.boot:spring-boot-webmvc:jar:4.1.1:compile (sources = true)
2026.09.01 16:59:53 INFO  [INFO] SUCCESS: org.springframework.boot:spring-boot-webmvc:jar:4.1.1:compile (sources = true)
2026.09.01 16:59:53 INFO  [INFO] Resolving artifact: org.springframework.boot:spring-boot-jackson:jar:4.1.1:compile (sources = false)
2026.09.01 16:59:53 INFO  [INFO] SUCCESS: org.springframework.boot:spring-boot-jackson:jar:4.1.1:compile (sources = false)
2026.09.01 16:59:53 INFO  [INFO] Resolving artifact: org.springframework.boot:spring-boot-jackson:jar:4.1.1:compile (sources = true)
2026.09.01 16:59:53 INFO  [INFO] SUCCESS: org.springframework.boot:spring-boot-jackson:jar:4.1.1:compile (sources = true)
2026.09.01 16:59:53 INFO  [INFO] Resolving artifact: org.springframework.boot:spring-boot-starter-web:jar:4.1.1:compile (sources = false)
2026.09.01 16:59:53 INFO  [INFO] SUCCESS: org.springframework.boot:spring-boot-starter-web:jar:4.1.1:compile (sources = false)
2026.09.01 16:59:53 INFO  [INFO] Resolving artifact: org.springframework.boot:spring-boot-starter-web:jar:4.1.1:compile (sources = true)
2026.09.01 16:59:53 INFO  [INFO] SUCCESS: org.springframework.boot:spring-boot-starter-web:jar:4.1.1:compile (sources = true)
2026.09.01 16:59:53 INFO  [INFO] Resolving artifact: org.hibernate.validator:hibernate-validator:jar:9.1.3.Final:compile (sources = false)
2026.09.01 16:59:53 INFO  [INFO] SUCCESS: org.hibernate.validator:hibernate-validator:jar:9.1.3.Final:compile (sources = false)
2026.09.01 16:59:53 INFO  [INFO] Resolving artifact: org.hibernate.validator:hibernate-validator:jar:9.1.3.Final:compile (sources = true)
2026.09.01 16:59:53 INFO  [INFO] SUCCESS: org.hibernate.validator:hibernate-validator:jar:9.1.3.Final:compile (sources = true)
2026.09.01 16:59:53 INFO  [INFO] Resolving artifact: org.glassfish.jaxb:txw2:jar:4.0.9:runtime (sources = false)
2026.09.01 16:59:53 INFO  [INFO] SUCCESS: org.glassfish.jaxb:txw2:jar:4.0.9:runtime (sources = false)
2026.09.01 16:59:53 INFO  [INFO] Resolving artifact: org.glassfish.jaxb:txw2:jar:4.0.9:runtime (sources = true)
2026.09.01 16:59:53 INFO  [INFO] SUCCESS: org.glassfish.jaxb:txw2:jar:4.0.9:runtime (sources = true)
2026.09.01 16:59:53 INFO  [INFO] Resolving artifact: org.aspectj:aspectjweaver:jar:1.9.25.1:compile (sources = false)
2026.09.01 16:59:53 INFO  [INFO] SUCCESS: org.aspectj:aspectjweaver:jar:1.9.25.1:compile (sources = false)
2026.09.01 16:59:53 INFO  [INFO] Resolving artifact: org.aspectj:aspectjweaver:jar:1.9.25.1:compile (sources = true)
2026.09.01 16:59:53 INFO  [INFO] SUCCESS: org.aspectj:aspectjweaver:jar:1.9.25.1:compile (sources = true)
2026.09.01 16:59:53 INFO  [INFO] Resolving artifact: org.mockito:mockito-core:jar:5.23.0:test (sources = false)
2026.09.01 16:59:53 INFO  [INFO] SUCCESS: org.mockito:mockito-core:jar:5.23.0:test (sources = false)
2026.09.01 16:59:53 INFO  [INFO] Resolving artifact: org.mockito:mockito-core:jar:5.23.0:test (sources = true)
2026.09.01 16:59:53 INFO  [INFO] SUCCESS: org.mockito:mockito-core:jar:5.23.0:test (sources = true)
2026.09.01 16:59:53 INFO  [INFO] Resolving artifact: org.springframework.boot:spring-boot-security:jar:4.1.1:compile (sources = false)
2026.09.01 16:59:53 INFO  [INFO] SUCCESS: org.springframework.boot:spring-boot-security:jar:4.1.1:compile (sources = false)
2026.09.01 16:59:53 INFO  [INFO] Resolving artifact: org.springframework.boot:spring-boot-security:jar:4.1.1:compile (sources = true)
2026.09.01 16:59:53 INFO  [INFO] SUCCESS: org.springframework.boot:spring-boot-security:jar:4.1.1:compile (sources = true)
2026.09.01 16:59:53 INFO  [INFO] Resolving artifact: org.hibernate.orm:hibernate-core:jar:7.4.5.Final:compile (sources = false)
2026.09.01 16:59:53 INFO  [INFO] SUCCESS: org.hibernate.orm:hibernate-core:jar:7.4.5.Final:compile (sources = false)
2026.09.01 16:59:53 INFO  [INFO] Resolving artifact: org.hibernate.orm:hibernate-core:jar:7.4.5.Final:compile (sources = true)
2026.09.01 16:59:53 INFO  [INFO] SUCCESS: org.hibernate.orm:hibernate-core:jar:7.4.5.Final:compile (sources = true)
2026.09.01 16:59:53 INFO  [INFO] Resolving artifact: org.springframework.boot:spring-boot-starter-test:jar:4.1.1:test (sources = false)
2026.09.01 16:59:53 INFO  [INFO] SUCCESS: org.springframework.boot:spring-boot-starter-test:jar:4.1.1:test (sources = false)
2026.09.01 16:59:53 INFO  [INFO] Resolving artifact: org.springframework.boot:spring-boot-starter-test:jar:4.1.1:test (sources = true)
2026.09.01 16:59:53 INFO  [INFO] SUCCESS: org.springframework.boot:spring-boot-starter-test:jar:4.1.1:test (sources = true)
2026.09.01 16:59:53 INFO  [INFO] Resolving artifact: net.minidev:json-smart:jar:2.6.0:test (sources = false)
2026.09.01 16:59:53 INFO  [INFO] SUCCESS: net.minidev:json-smart:jar:2.6.0:test (sources = false)
2026.09.01 16:59:53 INFO  [INFO] Resolving artifact: net.minidev:json-smart:jar:2.6.0:test (sources = true)
2026.09.01 16:59:53 INFO  [INFO] SUCCESS: net.minidev:json-smart:jar:2.6.0:test (sources = true)
2026.09.01 16:59:53 INFO  [INFO] Resolving artifact: org.springframework:spring-web:jar:7.0.9:compile (sources = false)
2026.09.01 16:59:53 INFO  [INFO] SUCCESS: org.springframework:spring-web:jar:7.0.9:compile (sources = false)
2026.09.01 16:59:53 INFO  [INFO] Resolving artifact: org.springframework:spring-web:jar:7.0.9:compile (sources = true)
2026.09.01 16:59:53 INFO  [INFO] SUCCESS: org.springframework:spring-web:jar:7.0.9:compile (sources = true)
2026.09.01 16:59:53 INFO  [INFO] Resolving artifact: net.bytebuddy:byte-buddy-agent:jar:1.18.11:test (sources = false)
2026.09.01 16:59:53 INFO  [INFO] SUCCESS: net.bytebuddy:byte-buddy-agent:jar:1.18.11:test (sources = false)
2026.09.01 16:59:53 INFO  [INFO] Resolving artifact: net.bytebuddy:byte-buddy-agent:jar:1.18.11:test (sources = true)
2026.09.01 16:59:53 INFO  [INFO] SUCCESS: net.bytebuddy:byte-buddy-agent:jar:1.18.11:test (sources = true)
2026.09.01 16:59:53 INFO  [INFO] Resolving artifact: org.junit.jupiter:junit-jupiter-engine:jar:6.0.3:test (sources = false)
2026.09.01 16:59:53 INFO  [INFO] SUCCESS: org.junit.jupiter:junit-jupiter-engine:jar:6.0.3:test (sources = false)
2026.09.01 16:59:53 INFO  [INFO] Resolving artifact: org.junit.jupiter:junit-jupiter-engine:jar:6.0.3:test (sources = true)
2026.09.01 16:59:53 INFO  [INFO] SUCCESS: org.junit.jupiter:junit-jupiter-engine:jar:6.0.3:test (sources = true)
2026.09.01 16:59:53 INFO  [INFO] Resolving artifact: com.fasterxml:classmate:jar:1.7.3:compile (sources = false)
2026.09.01 16:59:53 INFO  [INFO] SUCCESS: com.fasterxml:classmate:jar:1.7.3:compile (sources = false)
2026.09.01 16:59:53 INFO  [INFO] Resolving artifact: com.fasterxml:classmate:jar:1.7.3:compile (sources = true)
2026.09.01 16:59:53 INFO  [INFO] SUCCESS: com.fasterxml:classmate:jar:1.7.3:compile (sources = true)
2026.09.01 16:59:53 INFO  [INFO] Resolving artifact: org.slf4j:slf4j-api:jar:2.0.18:compile (sources = false)
2026.09.01 16:59:53 INFO  [INFO] SUCCESS: org.slf4j:slf4j-api:jar:2.0.18:compile (sources = false)
2026.09.01 16:59:53 INFO  [INFO] Resolving artifact: org.slf4j:slf4j-api:jar:2.0.18:compile (sources = true)
2026.09.01 16:59:53 INFO  [INFO] SUCCESS: org.slf4j:slf4j-api:jar:2.0.18:compile (sources = true)
2026.09.01 16:59:53 INFO  [INFO] Resolving artifact: org.springframework:spring-webmvc:jar:7.0.9:compile (sources = false)
2026.09.01 16:59:53 INFO  [INFO] SUCCESS: org.springframework:spring-webmvc:jar:7.0.9:compile (sources = false)
2026.09.01 16:59:53 INFO  [INFO] Resolving artifact: org.springframework:spring-webmvc:jar:7.0.9:compile (sources = true)
2026.09.01 16:59:53 INFO  [INFO] SUCCESS: org.springframework:spring-webmvc:jar:7.0.9:compile (sources = true)
2026.09.01 16:59:53 INFO  [INFO] Resolving artifact: net.minidev:accessors-smart:jar:2.6.0:test (sources = false)
2026.09.01 16:59:53 INFO  [INFO] SUCCESS: net.minidev:accessors-smart:jar:2.6.0:test (sources = false)
2026.09.01 16:59:53 INFO  [INFO] Resolving artifact: net.minidev:accessors-smart:jar:2.6.0:test (sources = true)
2026.09.01 16:59:53 INFO  [INFO] SUCCESS: net.minidev:accessors-smart:jar:2.6.0:test (sources = true)
2026.09.01 16:59:53 INFO  [INFO] Resolving artifact: org.springframework.boot:spring-boot-http-converter:jar:4.1.1:compile (sources = false)
2026.09.01 16:59:53 INFO  [INFO] SUCCESS: org.springframework.boot:spring-boot-http-converter:jar:4.1.1:compile (sources = false)
2026.09.01 16:59:53 INFO  [INFO] Resolving artifact: org.springframework.boot:spring-boot-http-converter:jar:4.1.1:compile (sources = true)
2026.09.01 16:59:53 INFO  [INFO] SUCCESS: org.springframework.boot:spring-boot-http-converter:jar:4.1.1:compile (sources = true)
2026.09.01 16:59:53 INFO  [INFO] Resolving artifact: org.springframework.boot:spring-boot-data-commons:jar:4.1.1:compile (sources = false)
2026.09.01 16:59:53 INFO  [INFO] SUCCESS: org.springframework.boot:spring-boot-data-commons:jar:4.1.1:compile (sources = false)
2026.09.01 16:59:53 INFO  [INFO] Resolving artifact: org.springframework.boot:spring-boot-data-commons:jar:4.1.1:compile (sources = true)
2026.09.01 16:59:53 INFO  [INFO] SUCCESS: org.springframework.boot:spring-boot-data-commons:jar:4.1.1:compile (sources = true)
2026.09.01 16:59:53 INFO  [INFO] Resolving artifact: org.xmlunit:xmlunit-core:jar:2.11.0:test (sources = false)
2026.09.01 16:59:53 INFO  [INFO] SUCCESS: org.xmlunit:xmlunit-core:jar:2.11.0:test (sources = false)
2026.09.01 16:59:53 INFO  [INFO] Resolving artifact: org.xmlunit:xmlunit-core:jar:2.11.0:test (sources = true)
2026.09.01 16:59:53 INFO  [INFO] SUCCESS: org.xmlunit:xmlunit-core:jar:2.11.0:test (sources = true)
2026.09.01 16:59:53 INFO  [INFO] Resolving artifact: com.h2database:h2:jar:2.4.240:runtime (sources = false)
2026.09.01 16:59:53 INFO  [INFO] SUCCESS: com.h2database:h2:jar:2.4.240:runtime (sources = false)
2026.09.01 16:59:53 INFO  [INFO] Resolving artifact: com.h2database:h2:jar:2.4.240:runtime (sources = true)
2026.09.01 16:59:53 INFO  [INFO] SUCCESS: com.h2database:h2:jar:2.4.240:runtime (sources = true)
2026.09.01 16:59:53 INFO  [INFO] Resolving artifact: org.springframework.security:spring-security-crypto:jar:7.1.1:compile (sources = false)
2026.09.01 16:59:53 INFO  [INFO] SUCCESS: org.springframework.security:spring-security-crypto:jar:7.1.1:compile (sources = false)
2026.09.01 16:59:53 INFO  [INFO] Resolving artifact: org.springframework.security:spring-security-crypto:jar:7.1.1:compile (sources = true)
2026.09.01 16:59:53 INFO  [INFO] SUCCESS: org.springframework.security:spring-security-crypto:jar:7.1.1:compile (sources = true)
2026.09.01 16:59:53 INFO  [INFO] Resolving artifact: org.junit.jupiter:junit-jupiter-params:jar:6.0.3:test (sources = false)
2026.09.01 16:59:53 INFO  [INFO] SUCCESS: org.junit.jupiter:junit-jupiter-params:jar:6.0.3:test (sources = false)
2026.09.01 16:59:53 INFO  [INFO] Resolving artifact: org.junit.jupiter:junit-jupiter-params:jar:6.0.3:test (sources = true)
2026.09.01 16:59:53 INFO  [INFO] SUCCESS: org.junit.jupiter:junit-jupiter-params:jar:6.0.3:test (sources = true)
2026.09.01 16:59:53 INFO  [INFO] Resolving artifact: org.springframework.boot:spring-boot-test:jar:4.1.1:test (sources = false)
2026.09.01 16:59:53 INFO  [INFO] SUCCESS: org.springframework.boot:spring-boot-test:jar:4.1.1:test (sources = false)
2026.09.01 16:59:53 INFO  [INFO] Resolving artifact: org.springframework.boot:spring-boot-test:jar:4.1.1:test (sources = true)
2026.09.01 16:59:53 INFO  [INFO] SUCCESS: org.springframework.boot:spring-boot-test:jar:4.1.1:test (sources = true)
2026.09.01 16:59:53 INFO  [INFO] Resolving artifact: org.springframework.boot:spring-boot-transaction:jar:4.1.1:compile (sources = false)
2026.09.01 16:59:53 INFO  [INFO] SUCCESS: org.springframework.boot:spring-boot-transaction:jar:4.1.1:compile (sources = false)
2026.09.01 16:59:53 INFO  [INFO] Resolving artifact: org.springframework.boot:spring-boot-transaction:jar:4.1.1:compile (sources = true)
2026.09.01 16:59:53 INFO  [INFO] SUCCESS: org.springframework.boot:spring-boot-transaction:jar:4.1.1:compile (sources = true)
2026.09.01 16:59:53 INFO  [INFO] Resolving artifact: org.hibernate.models:hibernate-models:jar:1.1.1:runtime (sources = false)
2026.09.01 16:59:53 INFO  [INFO] SUCCESS: org.hibernate.models:hibernate-models:jar:1.1.1:runtime (sources = false)
2026.09.01 16:59:53 INFO  [INFO] Resolving artifact: org.hibernate.models:hibernate-models:jar:1.1.1:runtime (sources = true)
2026.09.01 16:59:53 INFO  [INFO] SUCCESS: org.hibernate.models:hibernate-models:jar:1.1.1:runtime (sources = true)
2026.09.01 16:59:53 INFO  [INFO] Resolving artifact: org.apache.tomcat.embed:tomcat-embed-el:jar:11.0.24:compile (sources = false)
2026.09.01 16:59:53 INFO  [INFO] SUCCESS: org.apache.tomcat.embed:tomcat-embed-el:jar:11.0.24:compile (sources = false)
2026.09.01 16:59:53 INFO  [INFO] Resolving artifact: org.apache.tomcat.embed:tomcat-embed-el:jar:11.0.24:compile (sources = true)
2026.09.01 16:59:53 INFO  [INFO] SUCCESS: org.apache.tomcat.embed:tomcat-embed-el:jar:11.0.24:compile (sources = true)
2026.09.01 16:59:53 INFO  [INFO] Resolving artifact: org.objenesis:objenesis:jar:3.3:test (sources = false)
2026.09.01 16:59:53 INFO  [INFO] SUCCESS: org.objenesis:objenesis:jar:3.3:test (sources = false)
2026.09.01 16:59:53 INFO  [INFO] Resolving artifact: org.objenesis:objenesis:jar:3.3:test (sources = true)
2026.09.01 16:59:53 INFO  [INFO] SUCCESS: org.objenesis:objenesis:jar:3.3:test (sources = true)
2026.09.01 16:59:53 INFO  [INFO] Resolving artifact: ch.qos.logback:logback-classic:jar:1.5.38:compile (sources = false)
2026.09.01 16:59:53 INFO  [INFO] SUCCESS: ch.qos.logback:logback-classic:jar:1.5.38:compile (sources = false)
2026.09.01 16:59:53 INFO  [INFO] Resolving artifact: ch.qos.logback:logback-classic:jar:1.5.38:compile (sources = true)
2026.09.01 16:59:53 INFO  [INFO] SUCCESS: ch.qos.logback:logback-classic:jar:1.5.38:compile (sources = true)
2026.09.01 16:59:53 INFO  [INFO] Resolving artifact: org.springframework.boot:spring-boot-starter-validation:jar:4.1.1:compile (sources = false)
2026.09.01 16:59:53 INFO  [INFO] SUCCESS: org.springframework.boot:spring-boot-starter-validation:jar:4.1.1:compile (sources = false)
2026.09.01 16:59:53 INFO  [INFO] Resolving artifact: org.springframework.boot:spring-boot-starter-validation:jar:4.1.1:compile (sources = true)
2026.09.01 16:59:53 INFO  [INFO] SUCCESS: org.springframework.boot:spring-boot-starter-validation:jar:4.1.1:compile (sources = true)
2026.09.01 16:59:53 INFO  [INFO] Resolving artifact: org.springframework.boot:spring-boot-starter-thymeleaf:jar:4.1.1:compile (sources = false)
2026.09.01 16:59:53 INFO  [INFO] SUCCESS: org.springframework.boot:spring-boot-starter-thymeleaf:jar:4.1.1:compile (sources = false)
2026.09.01 16:59:53 INFO  [INFO] Resolving artifact: org.springframework.boot:spring-boot-starter-thymeleaf:jar:4.1.1:compile (sources = true)
2026.09.01 16:59:53 INFO  [INFO] SUCCESS: org.springframework.boot:spring-boot-starter-thymeleaf:jar:4.1.1:compile (sources = true)
2026.09.01 16:59:53 INFO  [INFO] Resolving artifact: io.micrometer:micrometer-commons:jar:1.17.1:compile (sources = false)
2026.09.01 16:59:53 INFO  [INFO] SUCCESS: io.micrometer:micrometer-commons:jar:1.17.1:compile (sources = false)
2026.09.01 16:59:53 INFO  [INFO] Resolving artifact: io.micrometer:micrometer-commons:jar:1.17.1:compile (sources = true)
2026.09.01 16:59:53 INFO  [INFO] SUCCESS: io.micrometer:micrometer-commons:jar:1.17.1:compile (sources = true)
2026.09.01 16:59:53 INFO  [INFO] Resolving artifact: org.ow2.asm:asm:jar:9.7.1:test (sources = false)
2026.09.01 16:59:53 INFO  [INFO] SUCCESS: org.ow2.asm:asm:jar:9.7.1:test (sources = false)
2026.09.01 16:59:53 INFO  [INFO] Resolving artifact: org.ow2.asm:asm:jar:9.7.1:test (sources = true)
2026.09.01 16:59:53 INFO  [INFO] SUCCESS: org.ow2.asm:asm:jar:9.7.1:test (sources = true)
2026.09.01 16:59:53 INFO  [INFO] Resolving artifact: org.thymeleaf.extras:thymeleaf-extras-springsecurity6:jar:3.1.5.RELEASE:compile (sources = false)
2026.09.01 16:59:53 INFO  [INFO] SUCCESS: org.thymeleaf.extras:thymeleaf-extras-springsecurity6:jar:3.1.5.RELEASE:compile (sources = false)
2026.09.01 16:59:53 INFO  [INFO] Resolving artifact: org.thymeleaf.extras:thymeleaf-extras-springsecurity6:jar:3.1.5.RELEASE:compile (sources = true)
2026.09.01 16:59:53 INFO  [INFO] SUCCESS: org.thymeleaf.extras:thymeleaf-extras-springsecurity6:jar:3.1.5.RELEASE:compile (sources = true)
2026.09.01 16:59:53 INFO  [INFO] Resolving artifact: org.springframework.boot:spring-boot-starter-jackson:jar:4.1.1:compile (sources = false)
2026.09.01 16:59:53 INFO  [INFO] SUCCESS: org.springframework.boot:spring-boot-starter-jackson:jar:4.1.1:compile (sources = false)
2026.09.01 16:59:53 INFO  [INFO] Resolving artifact: org.springframework.boot:spring-boot-starter-jackson:jar:4.1.1:compile (sources = true)
2026.09.01 16:59:53 INFO  [INFO] SUCCESS: org.springframework.boot:spring-boot-starter-jackson:jar:4.1.1:compile (sources = true)
2026.09.01 16:59:53 INFO  [INFO] Resolving artifact: commons-logging:commons-logging:jar:1.3.6:compile (sources = false)
2026.09.01 16:59:53 INFO  [INFO] SUCCESS: commons-logging:commons-logging:jar:1.3.6:compile (sources = false)
2026.09.01 16:59:53 INFO  [INFO] Resolving artifact: commons-logging:commons-logging:jar:1.3.6:compile (sources = true)
2026.09.01 16:59:53 INFO  [INFO] SUCCESS: commons-logging:commons-logging:jar:1.3.6:compile (sources = true)
2026.09.01 16:59:53 INFO  [INFO] Resolving artifact: org.springframework:spring-context:jar:7.0.9:compile (sources = false)
2026.09.01 16:59:53 INFO  [INFO] SUCCESS: org.springframework:spring-context:jar:7.0.9:compile (sources = false)
2026.09.01 16:59:53 INFO  [INFO] Resolving artifact: org.springframework:spring-context:jar:7.0.9:compile (sources = true)
2026.09.01 16:59:53 INFO  [INFO] SUCCESS: org.springframework:spring-context:jar:7.0.9:compile (sources = true)
2026.09.01 16:59:53 INFO  [INFO] Resolving artifact: org.junit.jupiter:junit-jupiter-api:jar:6.0.3:test (sources = false)
2026.09.01 16:59:53 INFO  [INFO] SUCCESS: org.junit.jupiter:junit-jupiter-api:jar:6.0.3:test (sources = false)
2026.09.01 16:59:53 INFO  [INFO] Resolving artifact: org.junit.jupiter:junit-jupiter-api:jar:6.0.3:test (sources = true)
2026.09.01 16:59:53 INFO  [INFO] SUCCESS: org.junit.jupiter:junit-jupiter-api:jar:6.0.3:test (sources = true)
2026.09.01 16:59:53 INFO  [INFO] Resolving artifact: org.attoparser:attoparser:jar:2.0.7.RELEASE:compile (sources = false)
2026.09.01 16:59:53 INFO  [INFO] SUCCESS: org.attoparser:attoparser:jar:2.0.7.RELEASE:compile (sources = false)
2026.09.01 16:59:53 INFO  [INFO] Resolving artifact: org.attoparser:attoparser:jar:2.0.7.RELEASE:compile (sources = true)
2026.09.01 16:59:53 INFO  [INFO] SUCCESS: org.attoparser:attoparser:jar:2.0.7.RELEASE:compile (sources = true)
2026.09.01 16:59:53 INFO  [INFO] Resolving artifact: ch.qos.logback:logback-core:jar:1.5.38:compile (sources = false)
2026.09.01 16:59:53 INFO  [INFO] SUCCESS: ch.qos.logback:logback-core:jar:1.5.38:compile (sources = false)
2026.09.01 16:59:53 INFO  [INFO] Resolving artifact: ch.qos.logback:logback-core:jar:1.5.38:compile (sources = true)
2026.09.01 16:59:53 INFO  [INFO] SUCCESS: ch.qos.logback:logback-core:jar:1.5.38:compile (sources = true)
2026.09.01 16:59:53 INFO  [INFO] Resolving artifact: org.skyscreamer:jsonassert:jar:1.5.3:test (sources = false)
2026.09.01 16:59:53 INFO  [INFO] SUCCESS: org.skyscreamer:jsonassert:jar:1.5.3:test (sources = false)
2026.09.01 16:59:53 INFO  [INFO] Resolving artifact: org.skyscreamer:jsonassert:jar:1.5.3:test (sources = true)
2026.09.01 16:59:53 INFO  [INFO] SUCCESS: org.skyscreamer:jsonassert:jar:1.5.3:test (sources = true)
2026.09.01 16:59:53 INFO  [INFO] Resolving artifact: org.springframework.data:spring-data-jpa:jar:4.1.1:compile (sources = false)
2026.09.01 16:59:53 INFO  [INFO] SUCCESS: org.springframework.data:spring-data-jpa:jar:4.1.1:compile (sources = false)
2026.09.01 16:59:53 INFO  [INFO] Resolving artifact: org.springframework.data:spring-data-jpa:jar:4.1.1:compile (sources = true)
2026.09.01 16:59:53 INFO  [INFO] SUCCESS: org.springframework.data:spring-data-jpa:jar:4.1.1:compile (sources = true)
2026.09.01 16:59:53 INFO  [INFO] Resolving artifact: jakarta.xml.bind:jakarta.xml.bind-api:jar:4.0.5:runtime (sources = false)
2026.09.01 16:59:53 INFO  [INFO] SUCCESS: jakarta.xml.bind:jakarta.xml.bind-api:jar:4.0.5:runtime (sources = false)
2026.09.01 16:59:53 INFO  [INFO] Resolving artifact: jakarta.xml.bind:jakarta.xml.bind-api:jar:4.0.5:runtime (sources = true)
2026.09.01 16:59:53 INFO  [INFO] SUCCESS: jakarta.xml.bind:jakarta.xml.bind-api:jar:4.0.5:runtime (sources = true)
2026.09.01 16:59:53 INFO  [INFO] Resolving artifact: org.slf4j:jul-to-slf4j:jar:2.0.18:compile (sources = false)
2026.09.01 16:59:53 INFO  [INFO] SUCCESS: org.slf4j:jul-to-slf4j:jar:2.0.18:compile (sources = false)
2026.09.01 16:59:53 INFO  [INFO] Resolving artifact: org.slf4j:jul-to-slf4j:jar:2.0.18:compile (sources = true)
2026.09.01 16:59:53 INFO  [INFO] SUCCESS: org.slf4j:jul-to-slf4j:jar:2.0.18:compile (sources = true)
2026.09.01 16:59:53 INFO  [INFO] Resolving artifact: io.micrometer:micrometer-observation:jar:1.17.1:compile (sources = false)
2026.09.01 16:59:53 INFO  [INFO] SUCCESS: io.micrometer:micrometer-observation:jar:1.17.1:compile (sources = false)
2026.09.01 16:59:53 INFO  [INFO] Resolving artifact: io.micrometer:micrometer-observation:jar:1.17.1:compile (sources = true)
2026.09.01 16:59:53 INFO  [INFO] SUCCESS: io.micrometer:micrometer-observation:jar:1.17.1:compile (sources = true)
2026.09.01 16:59:53 INFO  [INFO] Resolving artifact: org.springframework.boot:spring-boot-starter-logging:jar:4.1.1:compile (sources = false)
2026.09.01 16:59:53 INFO  [INFO] SUCCESS: org.springframework.boot:spring-boot-starter-logging:jar:4.1.1:compile (sources = false)
2026.09.01 16:59:53 INFO  [INFO] Resolving artifact: org.springframework.boot:spring-boot-starter-logging:jar:4.1.1:compile (sources = true)
2026.09.01 16:59:53 INFO  [INFO] SUCCESS: org.springframework.boot:spring-boot-starter-logging:jar:4.1.1:compile (sources = true)
2026.09.01 16:59:53 INFO  [INFO] Resolving artifact: jakarta.annotation:jakarta.annotation-api:jar:3.0.0:compile (sources = false)
2026.09.01 16:59:53 INFO  [INFO] SUCCESS: jakarta.annotation:jakarta.annotation-api:jar:3.0.0:compile (sources = false)
2026.09.01 16:59:53 INFO  [INFO] Resolving artifact: jakarta.annotation:jakarta.annotation-api:jar:3.0.0:compile (sources = true)
2026.09.01 16:59:53 INFO  [INFO] SUCCESS: jakarta.annotation:jakarta.annotation-api:jar:3.0.0:compile (sources = true)
2026.09.01 16:59:53 INFO  [INFO] Resolving artifact: org.springframework.boot:spring-boot-starter-jdbc:jar:4.1.1:compile (sources = false)
2026.09.01 16:59:53 INFO  [INFO] SUCCESS: org.springframework.boot:spring-boot-starter-jdbc:jar:4.1.1:compile (sources = false)
2026.09.01 16:59:53 INFO  [INFO] Resolving artifact: org.springframework.boot:spring-boot-starter-jdbc:jar:4.1.1:compile (sources = true)
2026.09.01 16:59:53 INFO  [INFO] SUCCESS: org.springframework.boot:spring-boot-starter-jdbc:jar:4.1.1:compile (sources = true)
2026.09.01 16:59:53 INFO  [INFO] Resolving artifact: org.springframework.boot:spring-boot-servlet:jar:4.1.1:compile (sources = false)
2026.09.01 16:59:54 INFO  [INFO] SUCCESS: org.springframework.boot:spring-boot-servlet:jar:4.1.1:compile (sources = false)
2026.09.01 16:59:54 INFO  [INFO] Resolving artifact: org.springframework.boot:spring-boot-servlet:jar:4.1.1:compile (sources = true)
2026.09.01 16:59:54 INFO  [INFO] SUCCESS: org.springframework.boot:spring-boot-servlet:jar:4.1.1:compile (sources = true)
2026.09.01 16:59:54 INFO  [INFO] Resolving artifact: org.junit.platform:junit-platform-commons:jar:6.0.3:test (sources = false)
2026.09.01 16:59:54 INFO  [INFO] SUCCESS: org.junit.platform:junit-platform-commons:jar:6.0.3:test (sources = false)
2026.09.01 16:59:54 INFO  [INFO] Resolving artifact: org.junit.platform:junit-platform-commons:jar:6.0.3:test (sources = true)
2026.09.01 16:59:54 INFO  [INFO] SUCCESS: org.junit.platform:junit-platform-commons:jar:6.0.3:test (sources = true)
2026.09.01 16:59:54 INFO  [INFO] Resolving artifact: org.yaml:snakeyaml:jar:2.6:compile (sources = false)
2026.09.01 16:59:54 INFO  [INFO] SUCCESS: org.yaml:snakeyaml:jar:2.6:compile (sources = false)
2026.09.01 16:59:54 INFO  [INFO] Resolving artifact: org.yaml:snakeyaml:jar:2.6:compile (sources = true)
2026.09.01 16:59:54 INFO  [INFO] SUCCESS: org.yaml:snakeyaml:jar:2.6:compile (sources = true)
2026.09.01 16:59:54 INFO  [INFO] Resolving artifact: org.springframework.boot:spring-boot-test-autoconfigure:jar:4.1.1:test (sources = false)
2026.09.01 16:59:54 INFO  [INFO] SUCCESS: org.springframework.boot:spring-boot-test-autoconfigure:jar:4.1.1:test (sources = false)
2026.09.01 16:59:54 INFO  [INFO] Resolving artifact: org.springframework.boot:spring-boot-test-autoconfigure:jar:4.1.1:test (sources = true)
2026.09.01 16:59:54 INFO  [INFO] SUCCESS: org.springframework.boot:spring-boot-test-autoconfigure:jar:4.1.1:test (sources = true)
2026.09.01 16:59:54 INFO  [INFO] Resolving artifact: org.springframework:spring-core:jar:7.0.9:compile (sources = false)
2026.09.01 16:59:54 INFO  [INFO] SUCCESS: org.springframework:spring-core:jar:7.0.9:compile (sources = false)
2026.09.01 16:59:54 INFO  [INFO] Resolving artifact: org.springframework:spring-core:jar:7.0.9:compile (sources = true)
2026.09.01 16:59:54 INFO  [INFO] SUCCESS: org.springframework:spring-core:jar:7.0.9:compile (sources = true)
2026.09.01 16:59:54 INFO  [INFO] Resolving artifact: org.springframework.security:spring-security-web:jar:7.1.1:compile (sources = false)
2026.09.01 16:59:54 INFO  [INFO] SUCCESS: org.springframework.security:spring-security-web:jar:7.1.1:compile (sources = false)
2026.09.01 16:59:54 INFO  [INFO] Resolving artifact: org.springframework.security:spring-security-web:jar:7.1.1:compile (sources = true)
2026.09.01 16:59:54 INFO  [INFO] SUCCESS: org.springframework.security:spring-security-web:jar:7.1.1:compile (sources = true)
2026.09.01 16:59:54 INFO  [INFO] Resolving artifact: jakarta.inject:jakarta.inject-api:jar:2.0.1:runtime (sources = false)
2026.09.01 16:59:54 INFO  [INFO] SUCCESS: jakarta.inject:jakarta.inject-api:jar:2.0.1:runtime (sources = false)
2026.09.01 16:59:54 INFO  [INFO] Resolving artifact: jakarta.inject:jakarta.inject-api:jar:2.0.1:runtime (sources = true)
2026.09.01 16:59:54 INFO  [INFO] SUCCESS: jakarta.inject:jakarta.inject-api:jar:2.0.1:runtime (sources = true)
2026.09.01 16:59:54 INFO  [INFO] Resolving artifact: org.glassfish.jaxb:jaxb-runtime:jar:4.0.9:runtime (sources = false)
2026.09.01 16:59:54 INFO  [INFO] SUCCESS: org.glassfish.jaxb:jaxb-runtime:jar:4.0.9:runtime (sources = false)
2026.09.01 16:59:54 INFO  [INFO] Resolving artifact: org.glassfish.jaxb:jaxb-runtime:jar:4.0.9:runtime (sources = true)
2026.09.01 16:59:54 INFO  [INFO] SUCCESS: org.glassfish.jaxb:jaxb-runtime:jar:4.0.9:runtime (sources = true)
2026.09.01 16:59:54 INFO  [INFO] Resolving artifact: org.springframework.boot:spring-boot-hibernate:jar:4.1.1:compile (sources = false)
2026.09.01 16:59:54 INFO  [INFO] SUCCESS: org.springframework.boot:spring-boot-hibernate:jar:4.1.1:compile (sources = false)
2026.09.01 16:59:54 INFO  [INFO] Resolving artifact: org.springframework.boot:spring-boot-hibernate:jar:4.1.1:compile (sources = true)
2026.09.01 16:59:54 INFO  [INFO] SUCCESS: org.springframework.boot:spring-boot-hibernate:jar:4.1.1:compile (sources = true)
2026.09.01 16:59:54 INFO  [INFO] Resolving artifact: org.apache.tomcat.embed:tomcat-embed-core:jar:11.0.24:compile (sources = false)
2026.09.01 16:59:54 INFO  [INFO] SUCCESS: org.apache.tomcat.embed:tomcat-embed-core:jar:11.0.24:compile (sources = false)
2026.09.01 16:59:54 INFO  [INFO] Resolving artifact: org.apache.tomcat.embed:tomcat-embed-core:jar:11.0.24:compile (sources = true)
2026.09.01 16:59:54 INFO  [INFO] SUCCESS: org.apache.tomcat.embed:tomcat-embed-core:jar:11.0.24:compile (sources = true)
2026.09.01 16:59:54 INFO  [INFO] Resolving artifact: org.springframework.boot:spring-boot-starter:jar:4.1.1:compile (sources = false)
2026.09.01 16:59:54 INFO  [INFO] SUCCESS: org.springframework.boot:spring-boot-starter:jar:4.1.1:compile (sources = false)
2026.09.01 16:59:54 INFO  [INFO] Resolving artifact: org.springframework.boot:spring-boot-starter:jar:4.1.1:compile (sources = true)
2026.09.01 16:59:54 INFO  [INFO] SUCCESS: org.springframework.boot:spring-boot-starter:jar:4.1.1:compile (sources = true)
2026.09.01 16:59:54 INFO  [INFO] Resolving artifact: org.springframework.boot:spring-boot-jpa:jar:4.1.1:compile (sources = false)
2026.09.01 16:59:54 INFO  [INFO] SUCCESS: org.springframework.boot:spring-boot-jpa:jar:4.1.1:compile (sources = false)
2026.09.01 16:59:54 INFO  [INFO] Resolving artifact: org.springframework.boot:spring-boot-jpa:jar:4.1.1:compile (sources = true)
2026.09.01 16:59:54 INFO  [INFO] SUCCESS: org.springframework.boot:spring-boot-jpa:jar:4.1.1:compile (sources = true)
2026.09.01 16:59:54 INFO  [INFO] Resolving artifact: org.springframework.boot:spring-boot-persistence:jar:4.1.1:compile (sources = false)
2026.09.01 16:59:54 INFO  [INFO] SUCCESS: org.springframework.boot:spring-boot-persistence:jar:4.1.1:compile (sources = false)
2026.09.01 16:59:54 INFO  [INFO] Resolving artifact: org.springframework.boot:spring-boot-persistence:jar:4.1.1:compile (sources = true)
2026.09.01 16:59:54 INFO  [INFO] SUCCESS: org.springframework.boot:spring-boot-persistence:jar:4.1.1:compile (sources = true)
2026.09.01 16:59:54 INFO  [INFO] Resolving artifact: org.unbescape:unbescape:jar:1.1.6.RELEASE:compile (sources = false)
2026.09.01 16:59:54 INFO  [INFO] SUCCESS: org.unbescape:unbescape:jar:1.1.6.RELEASE:compile (sources = false)
2026.09.01 16:59:54 INFO  [INFO] Resolving artifact: org.unbescape:unbescape:jar:1.1.6.RELEASE:compile (sources = true)
2026.09.01 16:59:54 INFO  [INFO] SUCCESS: org.unbescape:unbescape:jar:1.1.6.RELEASE:compile (sources = true)
2026.09.01 16:59:54 INFO  [INFO] Resolving artifact: org.springframework.boot:spring-boot-sql:jar:4.1.1:compile (sources = false)
2026.09.01 16:59:54 INFO  [INFO] SUCCESS: org.springframework.boot:spring-boot-sql:jar:4.1.1:compile (sources = false)
2026.09.01 16:59:54 INFO  [INFO] Resolving artifact: org.springframework.boot:spring-boot-sql:jar:4.1.1:compile (sources = true)
2026.09.01 16:59:54 INFO  [INFO] SUCCESS: org.springframework.boot:spring-boot-sql:jar:4.1.1:compile (sources = true)
2026.09.01 16:59:54 INFO  [INFO] Resolving artifact: org.springframework.boot:spring-boot-starter-security:jar:4.1.1:compile (sources = false)
2026.09.01 16:59:54 INFO  [INFO] SUCCESS: org.springframework.boot:spring-boot-starter-security:jar:4.1.1:compile (sources = false)
2026.09.01 16:59:54 INFO  [INFO] Resolving artifact: org.springframework.boot:spring-boot-starter-security:jar:4.1.1:compile (sources = true)
2026.09.01 16:59:54 INFO  [INFO] SUCCESS: org.springframework.boot:spring-boot-starter-security:jar:4.1.1:compile (sources = true)
2026.09.01 16:59:54 INFO  [INFO] Resolving artifact: org.springframework.boot:spring-boot-starter-tomcat:jar:4.1.1:compile (sources = false)
2026.09.01 16:59:54 INFO  [INFO] SUCCESS: org.springframework.boot:spring-boot-starter-tomcat:jar:4.1.1:compile (sources = false)
2026.09.01 16:59:54 INFO  [INFO] Resolving artifact: org.springframework.boot:spring-boot-starter-tomcat:jar:4.1.1:compile (sources = true)
2026.09.01 16:59:54 INFO  [INFO] SUCCESS: org.springframework.boot:spring-boot-starter-tomcat:jar:4.1.1:compile (sources = true)
2026.09.01 16:59:54 INFO  [INFO] Resolving artifact: tools.jackson.core:jackson-databind:jar:3.1.5:compile (sources = false)
2026.09.01 16:59:54 INFO  [INFO] SUCCESS: tools.jackson.core:jackson-databind:jar:3.1.5:compile (sources = false)
2026.09.01 16:59:54 INFO  [INFO] Resolving artifact: tools.jackson.core:jackson-databind:jar:3.1.5:compile (sources = true)
2026.09.01 16:59:54 INFO  [INFO] SUCCESS: tools.jackson.core:jackson-databind:jar:3.1.5:compile (sources = true)
2026.09.01 16:59:54 INFO  [INFO] Resolving artifact: org.springframework:spring-orm:jar:7.0.9:compile (sources = false)
2026.09.01 16:59:54 INFO  [INFO] SUCCESS: org.springframework:spring-orm:jar:7.0.9:compile (sources = false)
2026.09.01 16:59:54 INFO  [INFO] Resolving artifact: org.springframework:spring-orm:jar:7.0.9:compile (sources = true)
2026.09.01 16:59:54 INFO  [INFO] SUCCESS: org.springframework:spring-orm:jar:7.0.9:compile (sources = true)
2026.09.01 16:59:54 INFO  [INFO] Resolving artifact: com.mysql:mysql-connector-j:jar:9.7.0:runtime (sources = false)
2026.09.01 16:59:54 INFO  [INFO] SUCCESS: com.mysql:mysql-connector-j:jar:9.7.0:runtime (sources = false)
2026.09.01 16:59:54 INFO  [INFO] Resolving artifact: com.mysql:mysql-connector-j:jar:9.7.0:runtime (sources = true)
2026.09.01 16:59:54 INFO  [INFO] SUCCESS: com.mysql:mysql-connector-j:jar:9.7.0:runtime (sources = true)
2026.09.01 16:59:54 INFO  [INFO] Resolving artifact: jakarta.activation:jakarta.activation-api:jar:2.1.4:runtime (sources = false)
2026.09.01 16:59:54 INFO  [INFO] SUCCESS: jakarta.activation:jakarta.activation-api:jar:2.1.4:runtime (sources = false)
2026.09.01 16:59:54 INFO  [INFO] Resolving artifact: jakarta.activation:jakarta.activation-api:jar:2.1.4:runtime (sources = true)
2026.09.01 16:59:54 INFO  [INFO] SUCCESS: jakarta.activation:jakarta.activation-api:jar:2.1.4:runtime (sources = true)
2026.09.01 16:59:54 INFO  [INFO] Resolving artifact: org.springframework:spring-test:jar:7.0.9:test (sources = false)
2026.09.01 16:59:54 INFO  [INFO] SUCCESS: org.springframework:spring-test:jar:7.0.9:test (sources = false)
2026.09.01 16:59:54 INFO  [INFO] Resolving artifact: org.springframework:spring-test:jar:7.0.9:test (sources = true)
2026.09.01 16:59:54 INFO  [INFO] SUCCESS: org.springframework:spring-test:jar:7.0.9:test (sources = true)
2026.09.01 16:59:54 INFO  [INFO] Resolving artifact: org.apiguardian:apiguardian-api:jar:1.1.2:test (sources = false)
2026.09.01 16:59:54 INFO  [INFO] SUCCESS: org.apiguardian:apiguardian-api:jar:1.1.2:test (sources = false)
2026.09.01 16:59:54 INFO  [INFO] Resolving artifact: org.apiguardian:apiguardian-api:jar:1.1.2:test (sources = true)
2026.09.01 16:59:54 INFO  [INFO] SUCCESS: org.apiguardian:apiguardian-api:jar:1.1.2:test (sources = true)
2026.09.01 16:59:54 INFO  [INFO] Resolving artifact: org.springframework.security:spring-security-core:jar:7.1.1:compile (sources = false)
2026.09.01 16:59:54 INFO  [INFO] SUCCESS: org.springframework.security:spring-security-core:jar:7.1.1:compile (sources = false)
2026.09.01 16:59:54 INFO  [INFO] Resolving artifact: org.springframework.security:spring-security-core:jar:7.1.1:compile (sources = true)
2026.09.01 16:59:54 INFO  [INFO] SUCCESS: org.springframework.security:spring-security-core:jar:7.1.1:compile (sources = true)
2026.09.01 16:59:54 INFO  [INFO] Resolving artifact: org.thymeleaf:thymeleaf:jar:3.1.5.RELEASE:compile (sources = false)
2026.09.01 16:59:54 INFO  [INFO] SUCCESS: org.thymeleaf:thymeleaf:jar:3.1.5.RELEASE:compile (sources = false)
2026.09.01 16:59:54 INFO  [INFO] Resolving artifact: org.thymeleaf:thymeleaf:jar:3.1.5.RELEASE:compile (sources = true)
2026.09.01 16:59:54 INFO  [INFO] SUCCESS: org.thymeleaf:thymeleaf:jar:3.1.5.RELEASE:compile (sources = true)
2026.09.01 16:59:54 INFO  [INFO] Resolving artifact: org.springframework.security:spring-security-config:jar:7.1.1:compile (sources = false)
2026.09.01 16:59:54 INFO  [INFO] SUCCESS: org.springframework.security:spring-security-config:jar:7.1.1:compile (sources = false)
2026.09.01 16:59:54 INFO  [INFO] Resolving artifact: org.springframework.security:spring-security-config:jar:7.1.1:compile (sources = true)
2026.09.01 16:59:54 INFO  [INFO] SUCCESS: org.springframework.security:spring-security-config:jar:7.1.1:compile (sources = true)
2026.09.01 16:59:54 INFO  [INFO] Resolving artifact: org.junit.platform:junit-platform-engine:jar:6.0.3:test (sources = false)
2026.09.01 16:59:54 INFO  [INFO] SUCCESS: org.junit.platform:junit-platform-engine:jar:6.0.3:test (sources = false)
2026.09.01 16:59:54 INFO  [INFO] Resolving artifact: org.junit.platform:junit-platform-engine:jar:6.0.3:test (sources = true)
2026.09.01 16:59:54 INFO  [INFO] SUCCESS: org.junit.platform:junit-platform-engine:jar:6.0.3:test (sources = true)
2026.09.01 16:59:54 INFO  [INFO] Resolving artifact: org.eclipse.angus:angus-activation:jar:2.0.3:runtime (sources = false)
2026.09.01 16:59:54 INFO  [INFO] SUCCESS: org.eclipse.angus:angus-activation:jar:2.0.3:runtime (sources = false)
2026.09.01 16:59:54 INFO  [INFO] Resolving artifact: org.eclipse.angus:angus-activation:jar:2.0.3:runtime (sources = true)
2026.09.01 16:59:54 INFO  [INFO] SUCCESS: org.eclipse.angus:angus-activation:jar:2.0.3:runtime (sources = true)
2026.09.01 16:59:54 INFO  [INFO] Resolving artifact: com.vaadin.external.google:android-json:jar:0.0.20131108.vaadin1:test (sources = false)
2026.09.01 16:59:54 INFO  [INFO] SUCCESS: com.vaadin.external.google:android-json:jar:0.0.20131108.vaadin1:test (sources = false)
2026.09.01 16:59:54 INFO  [INFO] Resolving artifact: com.vaadin.external.google:android-json:jar:0.0.20131108.vaadin1:test (sources = true)
2026.09.01 16:59:54 INFO  [INFO] SUCCESS: com.vaadin.external.google:android-json:jar:0.0.20131108.vaadin1:test (sources = true)
2026.09.01 16:59:54 INFO  [INFO] Resolving artifact: org.springframework.boot:spring-boot-starter-data-jpa:jar:4.1.1:compile (sources = false)
2026.09.01 16:59:54 INFO  [INFO] SUCCESS: org.springframework.boot:spring-boot-starter-data-jpa:jar:4.1.1:compile (sources = false)
2026.09.01 16:59:54 INFO  [INFO] Resolving artifact: org.springframework.boot:spring-boot-starter-data-jpa:jar:4.1.1:compile (sources = true)
2026.09.01 16:59:54 INFO  [INFO] SUCCESS: org.springframework.boot:spring-boot-starter-data-jpa:jar:4.1.1:compile (sources = true)
2026.09.01 16:59:54 INFO  [INFO] Resolving artifact: org.springframework.boot:spring-boot-devtools:jar:4.1.1:runtime (sources = false)
2026.09.01 16:59:54 INFO  [INFO] SUCCESS: org.springframework.boot:spring-boot-devtools:jar:4.1.1:runtime (sources = false)
2026.09.01 16:59:54 INFO  [INFO] Resolving artifact: org.springframework.boot:spring-boot-devtools:jar:4.1.1:runtime (sources = true)
2026.09.01 16:59:54 INFO  [INFO] SUCCESS: org.springframework.boot:spring-boot-devtools:jar:4.1.1:runtime (sources = true)
2026.09.01 16:59:54 INFO  [INFO] Resolving artifact: org.apache.logging.log4j:log4j-to-slf4j:jar:2.25.5:compile (sources = false)
2026.09.01 16:59:54 INFO  [INFO] SUCCESS: org.apache.logging.log4j:log4j-to-slf4j:jar:2.25.5:compile (sources = false)
2026.09.01 16:59:54 INFO  [INFO] Resolving artifact: org.apache.logging.log4j:log4j-to-slf4j:jar:2.25.5:compile (sources = true)
2026.09.01 16:59:54 INFO  [INFO] SUCCESS: org.apache.logging.log4j:log4j-to-slf4j:jar:2.25.5:compile (sources = true)
2026.09.01 16:59:54 INFO  [INFO] Resolving artifact: jakarta.validation:jakarta.validation-api:jar:3.1.1:compile (sources = false)
2026.09.01 16:59:54 INFO  [INFO] SUCCESS: jakarta.validation:jakarta.validation-api:jar:3.1.1:compile (sources = false)
2026.09.01 16:59:54 INFO  [INFO] Resolving artifact: jakarta.validation:jakarta.validation-api:jar:3.1.1:compile (sources = true)
2026.09.01 16:59:54 INFO  [INFO] SUCCESS: jakarta.validation:jakarta.validation-api:jar:3.1.1:compile (sources = true)
2026.09.01 16:59:56 INFO  [INFO] Generated .bloop\farmacia-test.json
2026.09.01 16:59:56 INFO  [INFO] Starting to write configuration for project: farmacia with configuration: test
2026.09.01 16:59:56 INFO  [INFO] ------------------------------------------------------------------------
2026.09.01 16:59:56 INFO  [INFO] BUILD SUCCESS
2026.09.01 16:59:56 INFO  [INFO] ------------------------------------------------------------------------
2026.09.01 16:59:56 INFO  [INFO] Total time:  01:39 min
2026.09.01 16:59:56 INFO  [INFO] Finished at: 2026-09-01T16:59:56-05:00
2026.09.01 16:59:56 INFO  [INFO] ------------------------------------------------------------------------
2026.09.01 16:59:56 INFO  time: ran 'mvn bloopInstall' in 1m43s
2026.09.01 16:59:57 INFO  no build target found for C:\Users\USUARIO\Documents\farmacia\farmacia\src\main\java\com\example\farmacia\controller\FormulaController.java. Using fallback presentation compiler.
2026.09.01 16:59:57 INFO  Attempting to connect to the build server...
2026.09.01 16:59:57 INFO  No running Bloop server found, starting one.
2026.09.01 17:00:09 WARN  Could not check if the deprecated bloop server is still running
java.util.concurrent.TimeoutException: Future timed out after [10 seconds]
	at scala.concurrent.Future$.timeoutError(Future.scala:581)
	at scala.concurrent.impl.Promise$DefaultPromise.tryAwait0(Promise.scala:258)
	at scala.concurrent.impl.Promise$DefaultPromise.result(Promise.scala:271)
	at scala.concurrent.Await$.$anonfun$result$1(package.scala:208)
	at scala.concurrent.BlockContext$DefaultBlockContext$.blockOn(BlockContext.scala:62)
	at scala.concurrent.Await$.result(package.scala:125)
	at scala.meta.internal.builds.ShellRunner$.runSync(ShellRunner.scala:166)
	at scala.meta.internal.metals.BloopServers.$anonfun$checkOldBloopRunning$1(BloopServers.scala:268)
	at scala.Option.flatMap(Option.scala:283)
	at scala.meta.internal.metals.BloopServers.checkOldBloopRunning(BloopServers.scala:266)
	at scala.meta.internal.metals.BloopServers.connect(BloopServers.scala:401)
	at scala.meta.internal.metals.BloopServers.$anonfun$newServer$1(BloopServers.scala:104)
	at scala.meta.internal.metals.BuildServerConnection$.setupServer$1(BuildServerConnection.scala:631)
	at scala.meta.internal.metals.BuildServerConnection$.fromSockets(BuildServerConnection.scala:700)
	at scala.meta.internal.metals.BloopServers.newServer(BloopServers.scala:96)
	at scala.meta.internal.bsp.BspConnector.connect$1(BspConnector.scala:137)
	at scala.meta.internal.bsp.BspConnector.connect(BspConnector.scala:260)
	at scala.meta.internal.metals.ConnectionProvider$Connect$.$anonfun$createSession$7(ConnectionProvider.scala:586)
	at scala.concurrent.impl.Promise$Transformation.run(Promise.scala:503)
	at java.util.concurrent.ThreadPoolExecutor.runWorker(ThreadPoolExecutor.java:1090)
	at java.util.concurrent.ThreadPoolExecutor$Worker.run(ThreadPoolExecutor.java:614)
	at java.lang.Thread.run(Thread.java:1474)

2026.09.01 17:01:08 INFO  Starting compilation server
2026.09.01 17:01:13 INFO  Tracing is disabled for protocol BSP. To enable tracing of incoming and outgoing JSON messages, create an empty file at C:\Users\USUARIO\Documents\farmacia\farmacia\.metals\bsp.trace.json or C:\Users\USUARIO\AppData\Local\scalameta\metals\cache\bsp.trace.json
2026.09.01 17:01:33 ERROR Timeout waiting for 'build/initialize' response
2026.09.01 17:01:33 WARN  Retrying connection to the build server Bloop
2026.09.01 17:01:33 INFO  Found a Bloop server running
2026.09.01 17:01:33 INFO  Tracing is disabled for protocol BSP. To enable tracing of incoming and outgoing JSON messages, create an empty file at C:\Users\USUARIO\Documents\farmacia\farmacia\.metals\bsp.trace.json or C:\Users\USUARIO\AppData\Local\scalameta\metals\cache\bsp.trace.json
2026.09.01 17:01:33 INFO  time: Connected to build server in 1m35s
2026.09.01 17:01:33 INFO  Connected to Build server: Bloop v2.1.1
2026.09.01 17:01:34 INFO  time: Imported build in 0.99s
2026.09.01 17:01:45 WARN  Using H2 2.4.240 which is newer than the version Flyway has been verified with. The latest verified version of H2 is 2.3.232.
2026.09.01 17:02:38 INFO  time: indexed workspace in 1m4s
2026.09.01 17:02:41 INFO  compiling farmacia (11 java sources)
2026.09.01 17:02:46 WARN  Unexpected javac output: Note: Annotation processing is enabled because one or more processors were found
  on the class path. A future release of javac may disable annotation processing
  unless at least one processor is specified by name (-processor), or a search
  path is specified (--processor-path, --processor-module-path), or annotation
  processing is enabled explicitly (-proc:only, -proc:full).
  Use -Xlint:-options to suppress this message.
  Use -proc:none to disable annotation processing.
C:\Users\USUARIO\Documents\farmacia\farmacia\src\main\java\com\example\farmacia\controller\FormulaController.java:54: error: ',', ')', or '[' expected
    public String eliminar(@PathVariable Integer id, RedirectAttmvn clean install -U -DskipTestsributes ra) {
                                                                         ^
1 error.
2026.09.01 17:02:46 INFO  Note: Annotation processing is enabled because one or more processors were found
2026.09.01 17:02:46 WARN  javac exited with exit code 1
2026.09.01 17:02:46 INFO  time: compiled farmacia in 5.69s
2026.09.01 17:24:56 INFO  Started: Metals version 1.6.8 in folders 'C:\Users\USUARIO\Documents\farmacia\farmacia' for client Visual Studio Code 1.134.0.
2026.09.01 17:24:56 INFO  Memory monitor started
2026.09.01 17:25:05 WARN  Using H2 2.4.240 which is newer than the version Flyway has been verified with. The latest verified version of H2 is 2.3.232.
2026.09.01 17:25:06 INFO  no build target found for C:\Users\USUARIO\Documents\farmacia\farmacia\src\main\java\com\example\farmacia\controller\FormulaController.java. Using fallback presentation compiler.
2026.09.01 17:25:08 INFO  no build target found for C:\Users\USUARIO\Documents\farmacia\farmacia\src\main\java\com\example\farmacia\controller\FormulaController.java. Using fallback presentation compiler.
sept 01, 2026 5:25:08 P. M. org.eclipse.lsp4j.jsonrpc.RemoteEndpoint handleCancellation
ADVERTENCIA: Unmatched cancel notification for request id 3
sept 01, 2026 5:25:09 P. M. org.eclipse.lsp4j.jsonrpc.RemoteEndpoint handleCancellation
ADVERTENCIA: Unmatched cancel notification for request id 7
2026.09.01 17:25:08 INFO  no build target found for C:\Users\USUARIO\Documents\farmacia\farmacia\src\main\java\com\example\farmacia\controller\FormulaController.java. Using fallback presentation compiler.
2026.09.01 17:25:09 INFO  no build target found for C:\Users\USUARIO\Documents\farmacia\farmacia\src\main\java\com\example\farmacia\controller\FormulaController.java. Using fallback presentation compiler.
2026.09.01 17:25:10 INFO  Attempting to connect to the build server...
2026.09.01 17:25:10 INFO  Found a Bloop server running
2026.09.01 17:25:12 INFO  Tracing is disabled for protocol BSP. To enable tracing of incoming and outgoing JSON messages, create an empty file at C:\Users\USUARIO\Documents\farmacia\farmacia\.metals\bsp.trace.json or C:\Users\USUARIO\AppData\Local\scalameta\metals\cache\bsp.trace.json
2026.09.01 17:25:13 INFO  time: Connected to build server in 3.44s
2026.09.01 17:25:13 INFO  Connected to Build server: Bloop v2.1.1
2026.09.01 17:25:15 INFO  time: Imported build in 1.23s
sept 01, 2026 5:25:20 P. M. org.eclipse.lsp4j.jsonrpc.RemoteEndpoint handleCancellation
ADVERTENCIA: Unmatched cancel notification for request id 11
sept 01, 2026 5:25:20 P. M. org.eclipse.lsp4j.jsonrpc.RemoteEndpoint handleCancellation
ADVERTENCIA: Unmatched cancel notification for request id 12
2026.09.01 17:25:33 WARN  Using H2 2.4.240 which is newer than the version Flyway has been verified with. The latest verified version of H2 is 2.3.232.
2026.09.01 17:25:38 INFO  time: indexed workspace in 22s
2026.09.01 17:25:40 INFO  compiling farmacia (11 java sources)
2026.09.01 17:25:46 WARN  Unexpected javac output: Note: Annotation processing is enabled because one or more processors were found
  on the class path. A future release of javac may disable annotation processing
  unless at least one processor is specified by name (-processor), or a search
  path is specified (--processor-path, --processor-module-path), or annotation
  processing is enabled explicitly (-proc:only, -proc:full).
  Use -Xlint:-options to suppress this message.
  Use -proc:none to disable annotation processing..
2026.09.01 17:25:46 INFO  Note: Annotation processing is enabled because one or more processors were found
2026.09.01 17:25:49 INFO  compiling farmacia-test (1 java source)
2026.09.01 17:25:51 INFO  time: compiled farmacia in 11s
2026.09.01 17:25:53 WARN  Unexpected javac output: Note: Annotation processing is enabled because one or more processors were found
  on the class path. A future release of javac may disable annotation processing
  unless at least one processor is specified by name (-processor), or a search
  path is specified (--processor-path, --processor-module-path), or annotation
  processing is enabled explicitly (-proc:only, -proc:full).
  Use -Xlint:-options to suppress this message.
  Use -proc:none to disable annotation processing..
2026.09.01 17:25:53 INFO  Note: Annotation processing is enabled because one or more processors were found
2026.09.01 17:25:53 INFO  time: compiled farmacia-test in 3.72s
sept 01, 2026 5:26:29 P. M. org.eclipse.lsp4j.jsonrpc.RemoteEndpoint handleCancellation
ADVERTENCIA: Unmatched cancel notification for request id 28
2026.09.01 17:26:34 INFO  compiling farmacia (1 java source)
2026.09.01 17:26:45 WARN  Unexpected javac output: Note: Annotation processing is enabled because one or more processors were found
  on the class path. A future release of javac may disable annotation processing
  unless at least one processor is specified by name (-processor), or a search
  path is specified (--processor-path, --processor-module-path), or annotation
  processing is enabled explicitly (-proc:only, -proc:full).
  Use -Xlint:-options to suppress this message.
  Use -proc:none to disable annotation processing..
2026.09.01 17:26:45 INFO  Note: Annotation processing is enabled because one or more processors were found
2026.09.01 17:26:45 INFO  time: compiled farmacia in 12s
sept 01, 2026 5:28:12 P. M. org.eclipse.lsp4j.jsonrpc.RemoteEndpoint handleCancellation
ADVERTENCIA: Unmatched cancel notification for request id 55
sept 01, 2026 5:28:13 P. M. org.eclipse.lsp4j.jsonrpc.RemoteEndpoint handleCancellation
ADVERTENCIA: Unmatched cancel notification for request id 57
sept 01, 2026 5:28:14 P. M. org.eclipse.lsp4j.jsonrpc.RemoteEndpoint handleCancellation
ADVERTENCIA: Unmatched cancel notification for request id 59
sept 01, 2026 5:28:14 P. M. org.eclipse.lsp4j.jsonrpc.RemoteEndpoint handleCancellation
ADVERTENCIA: Unmatched cancel notification for request id 60
sept 01, 2026 5:28:15 P. M. org.eclipse.lsp4j.jsonrpc.RemoteEndpoint handleCancellation
ADVERTENCIA: Unmatched cancel notification for request id 64
sept 01, 2026 5:28:15 P. M. org.eclipse.lsp4j.jsonrpc.RemoteEndpoint handleCancellation
ADVERTENCIA: Unmatched cancel notification for request id 65
2026.09.01 17:28:19 INFO  compiling farmacia (1 java source)
sept 01, 2026 5:28:20 P. M. org.eclipse.lsp4j.jsonrpc.RemoteEndpoint handleCancellation
ADVERTENCIA: Unmatched cancel notification for request id 75
sept 01, 2026 5:28:22 P. M. org.eclipse.lsp4j.jsonrpc.RemoteEndpoint handleCancellation
ADVERTENCIA: Unmatched cancel notification for request id 78
sept 01, 2026 5:28:23 P. M. org.eclipse.lsp4j.jsonrpc.RemoteEndpoint handleCancellation
ADVERTENCIA: Unmatched cancel notification for request id 80
sept 01, 2026 5:28:24 P. M. org.eclipse.lsp4j.jsonrpc.RemoteEndpoint handleCancellation
ADVERTENCIA: Unmatched cancel notification for request id 85
2026.09.01 17:28:24 WARN  Unexpected javac output: Note: Annotation processing is enabled because one or more processors were found
  on the class path. A future release of javac may disable annotation processing
  unless at least one processor is specified by name (-processor), or a search
  path is specified (--processor-path, --processor-module-path), or annotation
  processing is enabled explicitly (-proc:only, -proc:full).
  Use -Xlint:-options to suppress this message.
  Use -proc:none to disable annotation processing.
C:\Users\USUARIO\Documents\farmacia\farmacia\src\main\java\com\example\farmacia\controller\FormulaController.java:32: error: cannot find symbol
    public String listar(@RequestParam(required = false) String q, Model model) {
                          ^
  symbol:   class RequestParam
  location: class FormulaController
1 error.
2026.09.01 17:28:24 INFO  Note: Annotation processing is enabled because one or more processors were found
2026.09.01 17:28:24 WARN  javac exited with exit code 1
2026.09.01 17:28:24 INFO  time: compiled farmacia in 5.15s
2026.09.01 17:33:19 INFO  compiling farmacia (1 java source)
2026.09.01 17:33:21 WARN  Unexpected javac output: Note: Annotation processing is enabled because one or more processors were found
  on the class path. A future release of javac may disable annotation processing
  unless at least one processor is specified by name (-processor), or a search
  path is specified (--processor-path, --processor-module-path), or annotation
  processing is enabled explicitly (-proc:only, -proc:full).
  Use -Xlint:-options to suppress this message.
  Use -proc:none to disable annotation processing.
C:\Users\USUARIO\Documents\farmacia\farmacia\src\main\java\com\example\farmacia\controller\FormulaController.java:30: error: cannot find symbol
    public String listar(@RequestParam(required = false) String q, Model model) {
                          ^
  symbol:   class RequestParam
  location: class FormulaController
1 error.
2026.09.01 17:33:21 INFO  Note: Annotation processing is enabled because one or more processors were found
2026.09.01 17:33:21 WARN  javac exited with exit code 1
2026.09.01 17:33:21 INFO  time: compiled farmacia in 2.55s
2026.09.01 17:33:21 INFO  compiling farmacia (1 java source)
2026.09.01 17:33:25 WARN  Unexpected javac output: Note: Annotation processing is enabled because one or more processors were found
  on the class path. A future release of javac may disable annotation processing
  unless at least one processor is specified by name (-processor), or a search
  path is specified (--processor-path, --processor-module-path), or annotation
  processing is enabled explicitly (-proc:only, -proc:full).
  Use -Xlint:-options to suppress this message.
  Use -proc:none to disable annotation processing.
C:\Users\USUARIO\Documents\farmacia\farmacia\src\main\java\com\example\farmacia\controller\FormulaController.java:30: error: cannot find symbol
    public String listar(@RequestParam(required = false) String q, Model model) {
                          ^
  symbol:   class RequestParam
  location: class FormulaController
1 error.
2026.09.01 17:33:25 INFO  Note: Annotation processing is enabled because one or more processors were found
2026.09.01 17:33:25 WARN  javac exited with exit code 1
2026.09.01 17:33:25 INFO  time: compiled farmacia in 2.87s
2026.09.01 17:33:25 INFO  compiling farmacia (1 java source)
2026.09.01 17:33:27 WARN  Unexpected javac output: Note: Annotation processing is enabled because one or more processors were found
  on the class path. A future release of javac may disable annotation processing
  unless at least one processor is specified by name (-processor), or a search
  path is specified (--processor-path, --processor-module-path), or annotation
  processing is enabled explicitly (-proc:only, -proc:full).
  Use -Xlint:-options to suppress this message.
  Use -proc:none to disable annotation processing.
C:\Users\USUARIO\Documents\farmacia\farmacia\src\main\java\com\example\farmacia\controller\FormulaController.java:30: error: cannot find symbol
    public String listar(@RequestParam(required = false) String q, Model model) {
                          ^
  symbol:   class RequestParam
  location: class FormulaController
1 error.
2026.09.01 17:33:27 INFO  Note: Annotation processing is enabled because one or more processors were found
2026.09.01 17:33:27 WARN  javac exited with exit code 1
2026.09.01 17:33:27 INFO  time: compiled farmacia in 2.81s
2026.09.01 17:33:35 INFO  compiling farmacia (1 java source)
2026.09.01 17:33:37 WARN  Unexpected javac output: Note: Annotation processing is enabled because one or more processors were found
  on the class path. A future release of javac may disable annotation processing
  unless at least one processor is specified by name (-processor), or a search
  path is specified (--processor-path, --processor-module-path), or annotation
  processing is enabled explicitly (-proc:only, -proc:full).
  Use -Xlint:-options to suppress this message.
  Use -proc:none to disable annotation processing.
C:\Users\USUARIO\Documents\farmacia\farmacia\src\main\java\com\example\farmacia\controller\FormulaController.java:30: error: cannot find symbol
    public String listar(@RequestParam(required = false) String q, Model model) {
                          ^
  symbol:   class RequestParam
  location: class FormulaController
1 error.
2026.09.01 17:33:37 INFO  Note: Annotation processing is enabled because one or more processors were found
2026.09.01 17:33:37 WARN  javac exited with exit code 1
2026.09.01 17:33:37 INFO  time: compiled farmacia in 2.52s
2026.09.01 17:33:37 INFO  compiling farmacia (1 java source)
2026.09.01 17:33:40 WARN  Unexpected javac output: Note: Annotation processing is enabled because one or more processors were found
  on the class path. A future release of javac may disable annotation processing
  unless at least one processor is specified by name (-processor), or a search
  path is specified (--processor-path, --processor-module-path), or annotation
  processing is enabled explicitly (-proc:only, -proc:full).
  Use -Xlint:-options to suppress this message.
  Use -proc:none to disable annotation processing.
C:\Users\USUARIO\Documents\farmacia\farmacia\src\main\java\com\example\farmacia\controller\FormulaController.java:30: error: cannot find symbol
    public String listar(@RequestParam(required = false) String q, Model model) {
                          ^
  symbol:   class RequestParam
  location: class FormulaController
1 error.
2026.09.01 17:33:40 INFO  Note: Annotation processing is enabled because one or more processors were found
2026.09.01 17:33:40 WARN  javac exited with exit code 1
2026.09.01 17:33:40 INFO  time: compiled farmacia in 3.04s
2026.09.01 17:33:40 INFO  compiling farmacia (1 java source)
2026.09.01 17:33:43 WARN  Unexpected javac output: Note: Annotation processing is enabled because one or more processors were found
  on the class path. A future release of javac may disable annotation processing
  unless at least one processor is specified by name (-processor), or a search
  path is specified (--processor-path, --processor-module-path), or annotation
  processing is enabled explicitly (-proc:only, -proc:full).
  Use -Xlint:-options to suppress this message.
  Use -proc:none to disable annotation processing.
C:\Users\USUARIO\Documents\farmacia\farmacia\src\main\java\com\example\farmacia\controller\FormulaController.java:30: error: cannot find symbol
    public String listar(@RequestParam(required = false) String q, Model model) {
                          ^
  symbol:   class RequestParam
  location: class FormulaController
1 error.
2026.09.01 17:33:43 INFO  Note: Annotation processing is enabled because one or more processors were found
2026.09.01 17:33:43 WARN  javac exited with exit code 1
2026.09.01 17:33:43 INFO  time: compiled farmacia in 2.8s
2026.09.01 17:33:43 INFO  compiling farmacia (1 java source)
2026.09.01 17:33:46 WARN  Unexpected javac output: Note: Annotation processing is enabled because one or more processors were found
  on the class path. A future release of javac may disable annotation processing
  unless at least one processor is specified by name (-processor), or a search
  path is specified (--processor-path, --processor-module-path), or annotation
  processing is enabled explicitly (-proc:only, -proc:full).
  Use -Xlint:-options to suppress this message.
  Use -proc:none to disable annotation processing.
C:\Users\USUARIO\Documents\farmacia\farmacia\src\main\java\com\example\farmacia\controller\FormulaController.java:30: error: cannot find symbol
    public String listar(@RequestParam(required = false) String q, Model model) {
                          ^
  symbol:   class RequestParam
  location: class FormulaController
1 error.
2026.09.01 17:33:46 INFO  Note: Annotation processing is enabled because one or more processors were found
2026.09.01 17:33:46 WARN  javac exited with exit code 1
2026.09.01 17:33:46 INFO  time: compiled farmacia in 2.77s
2026.09.01 20:24:34 INFO  Started: Metals version 1.6.8 in folders 'C:\Users\USUARIO\Documents\farmacia\farmacia' for client Visual Studio Code 1.135.0.
2026.09.01 20:24:34 INFO  Memory monitor started
2026.09.01 20:24:41 WARN  Using H2 2.4.240 which is newer than the version Flyway has been verified with. The latest verified version of H2 is 2.3.232.
2026.09.01 20:24:41 INFO  no build target found for C:\Users\USUARIO\Documents\farmacia\farmacia\src\main\java\com\example\farmacia\controller\FormulaController.java. Using fallback presentation compiler.
sept 01, 2026 8:24:43 P. M. org.eclipse.lsp4j.jsonrpc.RemoteEndpoint handleCancellation
ADVERTENCIA: Unmatched cancel notification for request id 2
2026.09.01 20:24:43 INFO  no build target found for C:\Users\USUARIO\Documents\farmacia\farmacia\src\main\java\com\example\farmacia\controller\FormulaController.java. Using fallback presentation compiler.
2026.09.01 20:24:43 INFO  no build target found for C:\Users\USUARIO\Documents\farmacia\farmacia\src\main\java\com\example\farmacia\controller\FormulaController.java. Using fallback presentation compiler.
2026.09.01 20:24:44 INFO  Attempting to connect to the build server...
2026.09.01 20:24:44 INFO  No running Bloop server found, starting one.
2026.09.01 20:24:45 INFO  no build target found for C:\Users\USUARIO\Documents\farmacia\farmacia\src\main\java\com\example\farmacia\controller\FormulaController.java. Using fallback presentation compiler.
2026.09.01 20:24:47 INFO  no build target found for C:\Users\USUARIO\Documents\farmacia\farmacia\src\main\java\com\example\farmacia\controller\FormulaController.java. Using fallback presentation compiler.
2026.09.01 20:24:51 INFO  Starting compilation server
2026.09.01 20:24:54 INFO  Tracing is disabled for protocol BSP. To enable tracing of incoming and outgoing JSON messages, create an empty file at C:\Users\USUARIO\Documents\farmacia\farmacia\.metals\bsp.trace.json or C:\Users\USUARIO\AppData\Local\scalameta\metals\cache\bsp.trace.json
2026.09.01 20:25:03 INFO  time: Connected to build server in 19s
2026.09.01 20:25:03 INFO  Connected to Build server: Bloop v2.1.1
2026.09.01 20:25:05 INFO  time: Imported build in 0.91s
2026.09.01 20:25:18 WARN  Using H2 2.4.240 which is newer than the version Flyway has been verified with. The latest verified version of H2 is 2.3.232.
2026.09.01 20:25:27 INFO  time: indexed workspace in 22s
2026.09.01 20:25:30 INFO  compiling farmacia (1 java source)
2026.09.01 20:25:35 WARN  Unexpected javac output: Note: Annotation processing is enabled because one or more processors were found
  on the class path. A future release of javac may disable annotation processing
  unless at least one processor is specified by name (-processor), or a search
  path is specified (--processor-path, --processor-module-path), or annotation
  processing is enabled explicitly (-proc:only, -proc:full).
  Use -Xlint:-options to suppress this message.
  Use -proc:none to disable annotation processing.
C:\Users\USUARIO\Documents\farmacia\farmacia\src\main\java\com\example\farmacia\controller\FormulaController.java:30: error: cannot find symbol
    public String listar(@RequestParam(required = false) String q, Model model) {
                          ^
  symbol:   class RequestParam
  location: class FormulaController
1 error.
2026.09.01 20:25:35 INFO  Note: Annotation processing is enabled because one or more processors were found
2026.09.01 20:25:35 WARN  javac exited with exit code 1
2026.09.01 20:25:35 INFO  time: compiled farmacia in 5.87s
2026.09.01 20:25:36 WARN  Could not load snapshot text for C:\Users\USUARIO\Documents\farmacia\farmacia\src\main\java\com\example\farmacia\controller\FormulaController.java
2026.09.01 20:25:36 WARN  Could not load snapshot text for C:\Users\USUARIO\Documents\farmacia\farmacia\src\main\java\com\example\farmacia\controller\FormulaController.java
2026.09.01 20:25:36 WARN  Could not load snapshot text for C:\Users\USUARIO\Documents\farmacia\farmacia\src\main\java\com\example\farmacia\controller\FormulaController.java
sept 01, 2026 8:25:53 P. M. org.eclipse.lsp4j.jsonrpc.RemoteEndpoint handleCancellation
ADVERTENCIA: Unmatched cancel notification for request id 25
sept 01, 2026 8:25:53 P. M. org.eclipse.lsp4j.jsonrpc.RemoteEndpoint handleCancellation
ADVERTENCIA: Unmatched cancel notification for request id 26
sept 01, 2026 8:25:55 P. M. org.eclipse.lsp4j.jsonrpc.RemoteEndpoint handleCancellation
ADVERTENCIA: Unmatched cancel notification for request id 27
sept 01, 2026 8:25:57 P. M. org.eclipse.lsp4j.jsonrpc.RemoteEndpoint handleCancellation
ADVERTENCIA: Unmatched cancel notification for request id 29
2026.09.01 20:25:57 WARN  Could not load snapshot text for C:\Users\USUARIO\Documents\farmacia\farmacia\src\main\java\com\example\farmacia\controller\FormulaController.java
sept 01, 2026 8:25:58 P. M. org.eclipse.lsp4j.jsonrpc.RemoteEndpoint handleCancellation
ADVERTENCIA: Unmatched cancel notification for request id 31
2026.09.01 20:25:59 WARN  Could not load snapshot text for C:\Users\USUARIO\Documents\farmacia\farmacia\src\main\java\com\example\farmacia\controller\FormulaController.java
2026.09.01 20:26:32 WARN  Could not load snapshot text for C:\Users\USUARIO\Documents\farmacia\farmacia\src\main\java\com\example\farmacia\controller\FormulaController.java
